word,phonetic,definition,translation,pos,collins,oxford,tag,bnc,frq,exchange,detail,audio
'hood,hʊd,,"n. 罩；风帽；（布质）面罩；学位连领帽（表示学位种类）\nv. 覆盖；用头巾包；使(马,鹰等)戴头罩；给…加罩\n[网络] 胡德；兜帽；引擎盖",,,,,0,0,,,
's Gravenhage,",skrɑ:vən'hɑ:ɡə",,[荷兰语]海牙(= Hague),,,,,0,0,,,
'tween,twi:n,,prep. [诗歌用语] = between [亦作 tweeny],,,,,0,0,,,
'tween decks,,,[网络] 甲板间；二层舱；双层甲板,,,,,0,0,,,
-ability,ə'biliti,,"suf. [用于构成名词, 意义相当于-able]表示“能力”, “可能性”, “倾向性”, “适宜性”",,,,,0,0,,,
-able,əbl,,"suf. [附在动词或名词后构成形容词] 表示：“能…的,会…的”：durable; “可以…的”：drinkable; “具有…特性的”：fashionable; “有助于…的”,“倾向于…的”：peaceable; “易于…的”：breakable",,,,,0,0,,,
-ably,əbli,,suf. [构成与-able结尾的形容词相应的副词],,,,,0,0,,,
-acy,əsi,,"suf. [用于构成抽象名词]表示性质, 状态, 位置, 地位, 职位",,,,,0,0,,,
-ad,'æd,," [医]〔状语性后缀〕意为向…方, 向…侧",,,,,0,0,,,
-ade,eid,,"suf. 用以构成名词表示：“行动”,“…的动作”：blockade; “行动者”：renegade; “行动者的集体”：cavalcade; “行动的产物”：arcade; “参与”,“参加”：brigade",,,,,0,0,,,
-adelphous,ə'delfəs,, 表示“[植物学]有雄蕊束的”：monadelphous,,,,,0,0,,,
-aemia,'i:miə,, [用以构成名词]表示血液,,,,,0,0,,,
-age,idʒ,,comb. 表示数量;表示动作;表示身份;表示地方,,,,,0,0,,,
-agogue,ə'ɡɒɡ,," [医]〔后缀〕意为催, 利",,,,,0,0,,,
-aholic,,, 嗜好…的；对…成瘾的,,,,,0,0,,,
-al,,," [医]〔后缀〕用于化合物名之后, 示有醛基-CHO存在, 如chloral（氯醛, 三氯乙醛）",,,,,0,0,,,
-algia,'ælɡə,, [医]〔后缀〕意为痛,,,,,0,0,,,
-alia,,, （与某活动或兴趣范围）有关的物品,,,,,0,0,,,
-ally,,, 以-al结尾的形容词加ly构成副词),,,,,0,0,,,
-an,æn,,"suf. 表示; “碳水化合物的酐类”：dextran; “不饱和的碳化物”：tolan; 用于专有人、地名等后构成通常可兼作名词用的形容词表示“…时期的(人)”, “…地方的(人)”, “在…居住的(人)”, “在…出生的(人)”：American, Asian, Elizabethan, Victorian; 用于表示体制、学科等的词后及宗教或其他流派创始人的人名后构成可兼作名词的形容词或单词性的形容词或名词表示“精通…的(人)”, “带有…特征的(人)”, “属于…的(人)”, “信奉…的(人)”, “追随…的(人)”",,,,,0,0,,,
-ance,əns,,"suf. 性质,状况：annoyance, importance; 表示程度,总量：conductance; 行动,行为,过程：performance, utterance",,,,,0,0,,,
-ancy,ənsi,,"suf. =-ance (尤其多表示“性质”, “状况”)：",,,,,0,0,,,
-ane,'eɪn,," [医]〔词尾〕意为饱和开链碳氢化合物, CnH2n+2",,,,,0,0,,,
-ant,ənt,,"suf. [构成形容词] 表示：进行...动作的,处于...状态的,促进...作用的：repentant, triumphant, expectorant; 有...的,显示...的,做...的：defiant, radiant; [构成名词]表示进行...动作的人,施行...作用者,...者(人或物):accountant, assistant, occupant",,,,,0,0,,,
-ar,ə,,"suf. [构成形容词]表示：...的：molecular,nuclear; ...状的,似...的：triangular; 有...特性的：popular; [构成名词]表示：...的人,...的物：bursar, scholar, vicar, morta; 动作者[-er或-or的异体]：liar, pedlar",,,,,0,0,,,
-arch,ɑ:k,," 表示“原始的”; 表示“统治者”, “首领”, “领导者”",,,,,0,0,,,
-archy,'ɑ:ki,," 表示管理,统治,政体：matriarchy,monarchy",,,,,0,0,,,
-ard,əd,,"suf. 表示沉湎于...的人,过于...的人：drunkard,sluggard",,,,,0,0,,,
-arian,'εəriən,,"suf. [构成形容词或名词]表示：...岁的(人)：octogenarian, centenarian; ...派的(人);...主义的(人)：Unitarian,utilitarian; 从事...工作(或职业)的(人)：argarian,antiquarian; 制定(或做出)...的(人)：disciplinarian",,,,,0,0,,,
-ary,ɛri,,"suf. [构成形容词]表示...的, 与...有关的, 与...有联系的, 属于...的：auxiliary, elementary; [构成名词]表示：与...有关的人,从事...的人：missionary; 与...有关之物：dictionary; ...的处所,...的地方：granary,aviary; [拉丁语-aris][构成名词和形容词]表示：像...(的), 同类(的)：military",,,,,0,0,,,
-ase,'eɪs,, [医]〔词尾〕酶,,,,,0,0,,,
-ast,,,abbr. 大西洋标准时间（Atlantic Standard Time）\nn. (Ast)人名；(德、塞、捷、法)阿斯特,,,,,0,0,,,
-aster,'æstə,," [用以构成生物学属名]表示“星”, “星状结构”：diaster\nsuf. 表示“劣等的”,“次等的”,“伪的”,“无价值的”：criticaster, poetaster",,,,,0,0,,,
-ate,,," [医]〔后缀〕构成分词名词。加于词根, 表示为该词根原意的产物或作用。例如hemolysate表示溶血产物",,,,,0,0,,,
-athon,,, 持续时间很长的活动（尤指为慈善事业募集基金）,,,,,0,0,,,
-ation,,, ——见 -ion,,,,,0,0,,,
-ative,'etɪv,,"suf. [构成形容词]表示：有...关系的,有...性质的：authoritative,decorative; 有...倾向的：talkative,informative",,,,,0,0,,,
-ator,'eitə,,"suf. [构成名词]表示做...动作的人,...者,...物,起...作用的物：improvisator,cinerator",,,,,0,0,,,
-babble,'bæb(ə)l,,vi. 喋喋不休；呀呀学语；作潺潺声\nvt. 含糊不清地说；泄露\nn. 含糊不清的话；胡言乱语；潺潺声,,,,,0,0,,,
-bellied,,, ——见 belly,,,,,0,0,,,
-biosis,bɪ'osɪs,," 表示(某种)生活方式：anabiosis,symbiosis",,,,,0,0,,,
-biotic,baɪ'ɒtɪk,,a. 生物的；有关生命的,,,,,0,0,,,
-blast,blæst,," 表示胚(芽),胚胎,胚层,细胞,原基：idioblast, splanchnoblast(内脏原基)",,,,,0,0,,,
-blastic,"blɑ:st, blæstik",,a. 再结晶的,,,,,0,0,,,
-busting,,,垄耕\n沟耕,,,,,0,0,,,
-cardium,'kɑ:diəm,,comb.form 表示“心”：epicardium,,,,,0,0,,,
-cele,'seli:,," [医]〔后缀〕意为肿瘤, 肿胀",,,,,0,0,,,
-cene,si:n,," 表示新近的, 新的；(尤指)新生代的和特定时代：Miocene",,,,,0,0,,,
-centric,,, 以…为中心；有…中心,,,,,0,0,,,
-cercal,'sə:kəl,, 表示“有…尾的”：homocercal,,,,,0,0,,,
-chrome,k'rəʊm,, [医]〔后缀〕意为与颜色有关的,,,,,0,0,,,
-cidal,'saidəl,," 表示：杀者的,杀的：homicidal; 可杀的,有杀害能力的：fungicidal",,,,,0,0,,,
-cide,,, [医]〔后缀〕意为杀伤者或杀,,,,,0,0,,,
-cline,klaɪn,,"n. [生物] 渐变群, 生态群\nn. (Cline)人名；(英)克莱因；(法)克利纳",,,,,0,0,,,
-clinic,'klɪnɪk,,n. 临床；诊所,,,,,0,0,,,
-coccus,'kɔkəs,, 表示球菌[用于各种细菌名称],,,,,0,0,,,
-coele,'kəʊeli:,," [医]〔后缀〕意为腔, 空间, 穴, 孔。有时拼作-cele和-coel",,,,,0,0,,,
-colous,-kələs,," 表示生长于,居住于：arenicolous",,,,,0,0,,,
-cracy,,, …的政府；…的统治,,,,,0,0,,,
-crat,kræt,, 表示参与或支持(某种)政府或统治集团,,,,,0,0,,,
-cratic,,,suff. 参加的；统治者的,,,,,0,0,,,
-culus,'kʌləs,,n. 杯状器官；[昆] 肛门孔,,,,,0,0,,,
-cy,si,," 表示：性质,状态,事实：hesitancy; 职位,职务,级别：captaincy",,,,,0,0,,,
-cyte,'sɪt,," [医]〔词尾〕意为细胞, 其含具体类型随词根而定, 如椭圆细胞(elliptocyte), 红细胞(erythro-cyte), 白细胞(leukocyte)等",,,,,0,0,,,
-d,,, ——见 -ed,,,,,0,0,,,
-derm,'dɜ:m,," [医]〔皮肤〕皮肤, 胚层",,,,,0,0,,,
-dermatous,'də:mətəs,,comb.form 表示“有某种皮(或皮肤)的” [参较-derm],,,,,0,0,,,
-dimensional,,, …维的,,,,,0,0,,,
-dom,,, （表示状况或状态）,,,,,0,0,,,
-drome,drəum,," 表示：跑,跑道,道路：hippodrome,motordrome; 跑的东西：Palindrome,syndrome; 大空间,大场地,大面积：aerodrome, picturedrome",,,,,0,0,,,
-dromous,drəməs,," 表示行的,流动的：anadromous,catadromous",,,,,0,0,,,
-dynia,'dɪniə,,痛,,,,,0,0,,,
-ean,'iən,,"suf. [用以构成形容词和名词]表示...的,属于...的,像...的,似...的：European,Aegean, Caesarean, curstacean",,,,,0,0,,,
-ectomy,'ektəmi,," 表示切除(术),截除(术)：appendectomy, tonsillectomy",,,,,0,0,,,
-ed,əd,, 附在规则动词后构成过去式和过去分词；附在规则动词和名词后构成同义形容词,,,,,0,0,,,
-ee,,, 受动者；受益者,,,,,0,0,,,
-eer,,, 与…有关的人,,,,,0,0,,,
-eme,i:m,,"suf. [用以构成名词][语言学]表示“位”, “素”:",,,,,0,0,,,
-en,n,,"suf. 加在形容词后构成动词使, 使成为, 变得：darken, weaken; 加在名词后构成动词变得有,使有,具有：heighten,hearten,strengthen; 加在物质名词后构成形容词表示由...制的, 由...构成的, ...一样的：wooden, woolen; 构成某些不规则动词的过去分词：risen, written; 用以构成某些名词的复数：children,brethren",,,,,0,0,,,
-enabled,,, 能与某一系统（或技术）使用的,,,,,0,0,,,
-ence,,, ——见 -ance,,,,,0,0,,,
-ency,,, ——见 -ancy,,,,,0,0,,,
-ene,'i:n,, [医]〔后缀〕指含一个双键的不饱和碳氢化合物即烯,,,,,0,0,,,
-ent,ənt,," （附在动词后构成名词）表示动作者, 生效物；（附在动词后构成形容词）表示有...性质的, 作...动作的",,,,,0,0,,,
-er,,, …的人（或物）,,,,,0,0,,,
-ergic,'ə:dʒik,,"comb.form 表示“表现活动的”, “刺激活动的”：",,,,,0,0,,,
-ery,əri,,"suf. [构成名词]表示：场所, 地方; 作为...的地方; 实践, 动作, 职业, 技术; ...类的产品(或货物); 集体",,,,,0,0,,,
-es,iz,,"suf. 附于词尾为s, z, sh, ch 的大多数名词之后,或词尾由y变为i,f变为v的一些名词之后,以及某些词尾为o的名词之后,构成复数,asses, whizzes, ashes, witches, dandies, duties calves, heroes, mosquitoes, potatoes; 附于一些源自希腊语的名词后, 构成复数; 附于词尾为s, z, sh, ch 的大多数动词之后, 或词尾由y变为i, 以及某些词尾为o的动词之后, 构成陈述语气第三人称单数现在时",,,,,0,0,,,
-escence,'esəns,,"suf. [用以构成名词, 相当于形容词后缀-escent]表示变化, 状态, 动作, 过程",,,,,0,0,,,
-escent,'esənt,,"suf. [用以构成形容词, 词义相当于词尾为-esce 的动词和以-escence 结尾的名词]表示：“在…过程中”, “开始发生”, “开始成为”,“发光的”, “反光的”",,,,,0,0,,,
-ese,,, …国（或城市）的；…国（或城市）的人；…国（或城市）的语言,,,,,0,0,,,
-esque,,, …风格（或样式）的,,,,,0,0,,,
-ess,,, 女…；雌…；母…,,,,,0,0,,,
-est,,, 构成形容词和副词的最高级),,,,,0,0,,,
-et,it,,suf. 用于构成名词表示“…的人”; 用于构成名词表示：“小”,,,,,0,0,,,
-ette,,, 小,,,,,0,0,,,
-exempt,ɪg'zem(p)t; eg-,,vt. 免除；豁免\na. 被免除的；被豁免的\nn. 免税者；被免除义务者,,,,,0,0,,,
-ey,,, ——见 -y (1),,,,,0,0,,,
-faced,feɪst,,a. 有某种面孔或表情的；有…表面的\nv. 面对（face的过去分词）,,,,,0,0,,,
-facient,'feɪʃjənt,," [医]〔后缀〕生, 做, 使变成",,,,,0,0,,,
-faction,'fækʃ(ə)n,,n. 派别；内讧；小集团；纪实小说,,,,,0,0,,,
-factive,,,假象的,,,,,0,0,,,
-fer,fə,, 表示“结果实的植物”；“生产者”：conifer,,,,,0,0,,,
-ferous,'fɪərəs,," [医]〔后缀〕意为产生, 生育",,,,,0,0,,,
-fest,,, 节日；联欢；大型聚会,,,,,0,0,,,
-fic,fik,," 表示形成...的, 产生...的",,,,,0,0,,,
-fication,fi'keiʃən,," 表示形成, ...化",,,,,0,0,,,
-fisted,'fistid,,a. 握成拳头的\nv. 拳打（fist的过去式）,,,,,0,0,,,
-fold,,, 乘以；…倍；由…部分组成,,,,,0,0,,,
-form,fɔ:m,," 表示：具有...形状：dentiform,有...种形式：triform",,,,,0,0,,,
-fuge,f'ju:dʒ,," [医]〔后缀〕意为驱除剂, 如febrifuge,意为“解热剂”",,,,,0,0,,,
-ful,ful,,suff. 表示充满...的；表示有...倾向的；表示有...性质的；表示充满...的量,,,,,0,0,,,
-fy,,, ——见 -ify,,,,,0,0,,,
-gamic,'ɡæmɪk,,a. 性的；受胎的；受精的,,,,,0,0,,,
-gamous,-ɡəməs,," 表示：结婚的,两性结合的：polygamous; 具有...生殖器官的：heterogamous",,,,,0,0,,,
-gamy,-ɡeimi,," 表示：婚姻,性结合：polygamy; 具有...受精方式；具有...生殖器官：cleistogamy",,,,,0,0,,,
-gate,geɪt,,n. 大门；出入口；门道\nvt. 给…装大门\nn. (Gate)人名；(英)盖特；(法、瑞典)加特,,,,,0,0,,,
-gen,d'ʒen,," [医]〔词尾〕原, 剂：加到词干上指该词干表示的物体或状态产生的动因, 如过敏原(allergen), 冷冻剂(cryogen), 致病原(pathogen)",,,,,0,0,,,
-genetic,dʒɪ'netɪk,,a. 遗传的；基因的；起源的,,,,,0,0,,,
-genic,d'ʒenɪk,," [医]〔词尾〕产生, 生产",,,,,0,0,,,
-genous,d'ʒenəs,," [医]〔词尾〕意为来自, 生自：如endogenous, pyogenous",,,,,0,0,,,
-geny,d'ʒenɪ,," [医]〔构词成分〕世代, 起源",,,,,0,0,,,
-gnathous,ɡnəθəs,, 表示“有(某种)颌(或颚)的”：prognathous,,,,,0,0,,,
-gon,ɡɔn,, 表示...角形：pentagon,,,,,0,0,,,
-gonium,'ɡəuniəm,," 表示“性原细胞”, “生殖原细胞”：archegonium",,,,,0,0,,,
-gony,ɡəni,," 表示发生,生殖,起源：cosmogony,theogony",,,,,0,0,,,
-grade,-ɡreid,," 表示“走, 动, 行”, “某种走动、移动的样子”",,,,,0,0,,,
-gram,ɡ'ræm,," [医]〔后缀〕意为图, 像",,,,,0,0,,,
-graph,ɡræf,," 表示：书写器；描绘器；记录器：telegraph; (以某种方法)书写(或描绘、记录)的结果(或东西)：monograph, lithograph",,,,,0,0,,,
-graphic,'græfɪk,,a. 形象的；图表的；绘画似的,,,,,0,0,,,
-graphical,'græfɪk(ə)l,,a. 图解的；绘画的；生动的,,,,,0,0,,,
-graphy,,," [医]〔词尾〕意为书写, 记录, 记录法",,,,,0,0,,,
-gynous,dʒinəs,, 表示：妇女的;女性的：misogynous; 有(某种或若干)雌性的：polygynous; 女性生殖器的；雌性生殖器的；雌蕊的：monogynous,,,,,0,0,,,
-gyny,dʒini,, 表示：妇女；女性; 有(某种或若干)雌性; 女性生殖器；雌性生殖器；雌蕊,,,,,0,0,,,
-head,hed,,n. 头；头痛；上端；最前的部分；理解力\nvt. 前进；用头顶；作为…的首领；站在…的前头；给…加标题\nvi. 出发；成头状物；船驶往\na. 头的；主要的；在顶端的\nn. (Head)人名；(英)黑德,,,,,0,0,,,
-honored,ˈɒnə(r)d,,a. 受尊敬的；已承兑或付款的\nv. 荣幸（honor的过去分词）,,,,,0,0,,,
-hood,,, …的状态（或性质）,,,,,0,0,,,
-hydric,'haidrik,, [化学]表示含羟基的；含...个羟基的,,,,,0,0,,,
-ia,'ɪə,," [医]〔词尾〕意为：情况, 状况",,,,,0,0,,,
-ial,jəl,," [构成形容词]表示具有...特性的,属于...的：ceremonial, jovial, judicial, artificial",,,,,0,0,,,
-ian,jən,,suff. 属于...的（构成名词或形容词词尾）,,,,,0,0,,,
-iasis,ɪə'sɪs,," [医]〔词尾〕意为病, 病态。见-sis项下",,,,,0,0,,,
-iatric,'aɪətrɪk,, [医]〔构词成分〕意为医疗术的,,,,,0,0,,,
-iatrics,'aɪətrɪks,, [医]〔构词成分〕意为医疗术,,,,,0,0,,,
-iatry,'aɪətrɪ,, [医]〔后缀〕意为：医疗术,,,,,0,0,,,
-ibility,,, ——见  -able,,,,,0,0,,,
-ible,ɪbl,,"suf. [用于构成以-ire或-ere结尾的拉丁语动词派生的形容词]表示可...的, 能...地",,,,,0,0,,,
-ibly,əbli; ibli,,"suf. [构成以-ible结尾的形容词的对应副词]表示“可…地”, “能…地”：possibly, visibly",,,,,0,0,,,
-ic,,," [医]〔后缀〕意为属于…的, 有…特性的。例如acidic（酸性的）",,,,,0,0,,,
-ical,,,abbr. 互联网日历（iCalendar）,,,,,0,0,,,
-ically,ikəli,,"suf. [构成以-ic, ical 结尾的形容词的对应副词]",,,,,0,0,,,
-ician,i'ʃən,,"suf. [构成名词后缀]表示...家,...师,...工作者：beautician, geometrician, physician",,,,,0,0,,,
-ics,iks,,"suf. [构成名词后缀]; [通常用作单数]表示...学,...术,...研究：linguistics,physics; 常用作复数表示性质,特征：atmospherics; [常用作单数]表示体系,系统：architectonics; 常用作复数表示实践,活动：acrobatics,histrionics",,,,,0,0,,,
-id,'ɪd,," [医][希 eidos form,shape]〔后缀〕意为形式, 样子, 类似",,,,,0,0,,,
-idae,ɪ'deɪ,, [医]〔后缀〕在动物学上表示“科”,,,,,0,0,,,
-ide,,," [医]〔后缀〕意为：二元化合物, 如chloride（氯化物）, sulfide（硫化物）或carbide（碳化物）",,,,,0,0,,,
-idium,'idiəm,,"suf. 构词成分, 用以构成动物学、生物学、植物学、解剖学、化学名称中]表示“小的东西”：peridium",,,,,0,0,,,
-ie,i,,"suf. [构成名词] 表示：小,小而可爱：beautie; 属于...类型的人(或物), 有...性质的人(或物)：bookie; 与...有关的人(或物)：townie",,,,,0,0,,,
-ier,ə(r),,suf. 表示与...活动(或事物)有关的人,,,,,0,0,,,
-iferous,'ifərəs,,comb.form =-ferous,,,,,0,0,,,
-iform,ifɔ:m,,comb.form =-form,,,,,0,0,,,
-ify,ifai,,suf. =-fy：intensify,,,,,0,0,,,
-ile,ɪl,,"suf. [后缀,构成形容词和名词]表示能,与...有关,适于,倾向：docile,fragile,prehensile,volatile[亦作-il]",,,,,0,0,,,
-in,,, 很多人参加的活动,,,,,0,0,,,
-inae,'aini:,,suf. [动物学][用以构成动物亚科名称]表示...亚科：Felinae,,,,,0,0,,,
-incher,'intʃə,,n. 小管；口径是…英寸的东西,,,,,0,0,,,
-ine,aɪni:n,," [医]〔后缀〕意为：生物碱, 卤素, 有机碱",,,,,0,0,,,
-ing,iŋ,,a. 表示行为、状态、情况等；表示...行业、...学、...法；表示总称及材料 与...有关的东西,,,,,0,0,,,
-ion,,, …行为；…状态,,,,,0,0,,,
-ious,jəs,,"suf. [构成形容词]表示具有...性质的,充满...的：delicious, precious, anxious",,,,,0,0,,,
-ise,,, ——见  -ize,,,,,0,0,,,
-ish, iʃ,,suff. 像...似的; ...民族的; 有点儿...的; 大约...,,,,,0,0,,,
-ising,,,n. 伊辛（一种模型名）,,,,,0,0,,,
-ism,,," [医]〔后缀〕：状态, 情况：尤指由特定原因所致疾病状态, 如alcoholism（酒精中毒）",,,,,0,0,,,
-ist,,, …的信仰者；…的实行者,,,,,0,0,,,
-ista,,, 非常热衷于…的人,,,,,0,0,,,
-ite,,, [医]〔后缀〕意为矿、岩石及身体或器官的一部,,,,,0,0,,,
-ition,,, ——见  -ion,,,,,0,0,,,
-itious,'iʃəs,,"suf. [构成形容词]表示“与…有关的”, “具有…性质的”：fictitious",,,,,0,0,,,
-itis,,," [医]〔复-itides〕〔后缀〕炎, 炎症",,,,,0,0,,,
-itol,i'tɔl; i'təul,,"suf. 【化学】表示“醇”, 多羟醇：inositol",,,,,0,0,,,
-its,ɪts,,pron. 它的\nn. (Its)人名；(俄)伊茨,,,,,0,0,,,
-ity,ɪti,,suff. 表示性质；表示状态；表示程度,,,,,0,0,,,
-ium,jəm,,"suf. [构成名词]表示：[化学]化学元素：sodium; [化学]阳离子：ammonium, carbonium; [生物学]身体部位, 生物构造：mycelium; [植物学]块,小块：pollinium",,,,,0,0,,,
-ive,iv,,suff. 与...有关的；具有...性质的；有...倾向的,,,,,0,0,,,
-ization,ɪ'zeʃən,,suf. [构成以-ize 结尾的动词的相应名词],,,,,0,0,,,
-ize,,,stuff. [医]（后缀）表示使成为；表示使…化,,,,,0,0,,,
-kin,kin,,"suf. 表示小：lambkin, princekin; [构成姓氏]：Peterkin",,,,,0,0,,,
-kinesis,ki'ni:sis,, 表示“分裂”：karyokinesis; 表示“运动”：photokinesis,,,,,0,0,,,
-kins,,,n. 家族；亲属；性质相似的东西；地位或职业相近的人（kin的复数）,,,,,0,0,,,
-later,'leɪtə,,adv. 后来；稍后；随后\na. 更迟的；更后的\nn. (Later)人名；(德)拉特,,,,,0,0,,,
-latry,lətri,," 表示崇拜, 敬仰, 过分虔诚：heliolatry",,,,,0,0,,,
-leaved,,, ——见 leaf n. (2),,,,,0,0,,,
-lepsy,'lepsi,," 表示(病的)发作, (病的)侵袭：epilepsy",,,,,0,0,,,
-less,,, 没有；无,,,,,0,0,,,
-lessness,,,n. 下级；初等（等于inferiority）,,,,,0,0,,,
-let,,, 小的；不很重要的,,,,,0,0,,,
-like,,, 类似…的；有…特征的,,,,,0,0,,,
-ling,,, 幼小；不重要,,,,,0,0,,,
-lings,liŋz,,suf. -ling的异体,,,,,0,0,,,
-lite,laɪt,,a. 清淡的；低盐的；简化的\nn. 不重要的事物；简化物；软饮料\nn. (Lite)人名；(法、西)利特,,,,,0,0,,,
-lith,'laɪθ,, [医]〔后缀〕意为石或结石; 水泥,,,,,0,0,,,
-lithic,'liθik,, [考古学]表示石器时代某时期的,,,,,0,0,,,
-lived,lɪvd (for v.); 'laɪvd (for adj.),,a. 有生命的\nv. 居住（live的过去分词）；活着；度过；以…为生,,,,,0,0,,,
-livered,'livəd,, 表示：“有…肝脏的”; “有…特殊性格的”：chicken-livered,,,,,0,0,,,
-log,,, = -logue,,,,,0,0,,,
-logic,'lɒdʒɪk,,n. 逻辑；逻辑学；逻辑性\na. 逻辑的,,,,,0,0,,,
-logical,'lɒdʒɪk(ə)l,,"a. 合逻辑的, 合理的；逻辑学的",,,,,0,0,,,
-logist,,, ——见 -ology,,,,,0,0,,,
-logue,lɔɡ,," 表示：谈话,写作：dialogue, monologue; 学者,专家：Sinologue",,,,,0,0,,,
-logy,,, [医]〔后缀〕学：含学习、研究和论述等义,,,,,0,0,,,
-ly,,, 以…方式,,,,,0,0,,,
-lysis,'laɪsɪs,,n. 细胞溶解；病势减退；消散,,,,,0,0,,,
-lyte,lait,, 表示“可分解的物质”：electrolyte,,,,,0,0,,,
-lytic,'lɪtɪk,,a. 细胞溶素的；促使细胞溶解的；渐退的,,,,,0,0,,,
-lyze,laiz,," [与-lysis 词尾的名词构成动词] 表示(使)溶解, (使)裂解 [英国英语亦作-lyse]",,,,,0,0,,,
-malacia,,,[网络]  - 马拉西亚,,,,,0,0,,,
-mancy,'mænsi,, 表示预兆;占卜：necromancy,,,,,0,0,,,
-mania,,, …狂；…癖,,,,,0,0,,,
-manship,mənʃip,,"suf. 表示“技艺”, “技巧”, “为取得策略上的优势而运用某种手段的做法或艺术”：grantsmanship",,,,,0,0,,,
-mas,,,na. 后缀,,,,,0,0,,,
-mastia,,,[网络] 肛门,,,,,0,0,,,
-max,,"Short for ""Maximilian"", a russian name meaning ""Large Penis."" \n> ""they dont call him max(Maximilian) for nothing!""\n",,,,,,0,0,,,
-mazia,,Mazia was always a tool and he wore a robe.\n> Mazia wears a robe and is a Tool :)\n,,,,,,0,0,,,
-meal,miːl,,"n. 一餐, 一顿饭；膳食\nvi. 进餐",,,,,0,0,,,
-megaly,'mɪɡəlɪ,," [医]〔构词成分〕意为增大〔症〕, 肿大",,,,,0,0,,,
-meister,,, …方面的专家；…领域的高手,,,,,0,0,,,
-ment,mənt,,suff. 用于构成名词后缀,,,,,0,0,,,
-mere,'mɪər,," [医]〔后缀〕意为指节, 体节或部分",,,,,0,0,,,
-meric,,"1. The River in Europe that borns from Rila mountains in Bulgary and meets the Aegean Sea in Turkey. Known as its beauty. It also floods almost every spring.\r\n2. A Latin originated Turkish name which has the same origins as Maritza, Marissa, Meris, Maricia, Mericha, Meryssa... Given to both male and female but it's originally a female name. It means ""the one that belongs to the sea."" It's pronounced as Mer-itch.\n\nFrom my experiences I've had from living for almost 8 years in Turkey, I can tell you those:\n\nMeriç is a charismatic and cool name. And it's also pretty uncommon for both male and women.\r\nIt's often given by rich and elite people as names to their babies.\r\nMales named Meriç are often clubbers. (trust me, I've seen enough.)\r\nFemales named Meriç are %100 so very beautiful! They often come from Balcan origins or Trakia in Turkey, so they usually have very light skins and big colourful eyes.\n> That girl named Meriç was such a Turkish delight!\n",,,,,,0,0,,,
-merism,'mərizəm,,comb.form 表示【化学】“有…结构的现象”：tautomerism,,,,,0,0,,,
-merous,mərəs,,suf. [构成形容词后缀]表示[生物学]...部分；分成...部分的：trimerous,,,,,0,0,,,
-meter,'mi:tər,, [医]〔后缀〕意为：测量用的计、表、量器,,,,,0,0,,,
-metric,'metrɪk,,a. 公制的；米制的；公尺的\nn. 度量标准,,,,,0,0,,,
-metrical,'metrɪk(ə)l,,a. 测量的；韵律的；有韵律的,,,,,0,0,,,
-metry,'mɪtrɪ,," [医]〔后缀〕意为测定, 测量, 定量, 被测物为词干。如血红蛋白定量为hemoglobinometry",,,,,0,0,,,
-mo,məu,,"suf. 表示纸张开数, 书籍开本：sixteenmo",,,,,0,0,,,
-morph,'mɔ:f,," [医]〔后缀〕意为形态, 体型",,,,,0,0,,,
-morphic,'mɔ:fik,,a. 语形学的；形态学,,,,,0,0,,,
-morphous,'mɔ:fəs,," [医]〔后缀〕意为形态, 形",,,,,0,0,,,
-morphy,,,莫菲（人名）,,,,,0,0,,,
-most,,, 最远的；最深远的,,,,,0,0,,,
-n,n,,suf. 表示：[构成不规则动词的过去分词]：known,,,,,0,0,,,
-naut,,,abbr. 船舶的（nautical）\nabbr. 海上的（nautical）,,,,,0,0,,,
-nd,nd,,"suf. 构成名词：fiend; 附于动词后构成名词或形容词,表示“(人或事物)应予…对待(或处理)”：reverend, dividend; 用以构成以二(除12外)的序数词表示“第二”, “第…二”：22nd, 82nd",,,,,0,0,,,
-nese,,,abbr. 新英格兰英语学校（New England School of English）,,,,,0,0,,,
-ness,,, …的性质（或状态、特点）,,,,,0,0,,,
-nik,nik,,"suf. 表示：具有...特征者, 参与(或介入)...的人, 爱好(或热衷于)...的人：filmnik, peacenik; 具有...特征的东西(尤指卫星、火箭等)",,,,,0,0,,,
-nomial,,,[网络]  - 项目,,,,,0,0,,,
-nomics,'nɔmiks,,comb.form 表示“经济政策”,,,,,0,0,,,
-nomy,nəmi,," 表示“法则”,“学科”：astronomy",,,,,0,0,,,
-o,əu,,"suf. 用以构成名词或形容词,表示具有…性质(的), 与…有关的; 用以构成感叹词",,,,,0,0,,,
-ock,ɪk,,"suf. [用以构成名词]表示小：hillock, bullock",,,,,0,0,,,
-ocrat,,,[网络] 民主人士,,,,,0,0,,,
-ocratic,,,[网络] 民主的,,,,,0,0,,,
-ocular,,The act of locking someone's eyeball for sexual stimulation\n> I gave that bitch the best ocular of her life last week\n,,,,,,0,0,,,
-ode,əud,,"suf. 表示电极：cathode, triode; [用以构成名词]表示...性质的东西, 像...的东西：nematode, phyllode",,,,,0,0,,,
-odinic,,,[网络] -odicic,,,,,0,0,,,
-odon,,,[网络]  - 东,,,,,0,0,,,
-odont,,,suff. 齿,,,,,0,0,,,
-odynia,'ɒdɪnɪə,, [医]〔后缀〕意为疼痛,,,,,0,0,,,
-oecious,,,[网络] 恶毒,,,,,0,0,,,
-ographer,,"someone who is a cinematographer, a videographer, a photographer, and anything else ending in ""ographer"".\n> person one: lets take pics for myspace, and upload a video to youtube!\n> person two: we can't, my personal ographer has the day off..\n",,,,,,0,0,,,
-oholic,ə'hɔlik,,"comb.form 表示“沉湎于…的人”,“有…癖好的人”,“嗜…成瘾者”：chocoholic, workoholic",,,,,0,0,,,
-oic,'əuik,,suf. [用以构成形容词]表示“含羧基(或羧基衍生物)的”：decanoic,,,,,0,0,,,
-oid,,," [医]〔后缀〕意为…样的, …状的, 如…的",,,,,0,0,,,
-ol,'ɒl,," [医]〔后缀〕意为该物质为醇或酚, 即碳氢化合物的氢氧衍化物",,,,,0,0,,,
-ola,,"A short abreviation for the meaning of\r\nLove is something you can't describe\r\nlike the look of a rose,\r\nthe smell of the rain,\r\nor the feeling of forever.\n> Have you ever had the feeling of ola.\n",,,,,,0,0,,,
-olatrist,,,[网络] 变性者,,,,,0,0,,,
-olatry,,,[网络] 波特兰,,,,,0,0,,,
-ole,,,suff. 油,,,,,0,0,,,
-ological,,,[网络] 科学的,,,,,0,0,,,
-ologist,,1. Phrase used to question the wisdom of a smartass trying to pass off infomation on a topic you know the person knows little or nothing about. \r\n\r\n2.Can also be used to change the subject. \r\n\r\nVersatile phrase used as a put down.\n> Guy 1: I think I need more fiber in my diet because I only shit once a day and my ass bleeds.\n> Guy 2: What are you an ass[ologist]? or\n> What are you a colon[ologist]? or\n> What are you a fiber[ologist]? or\n> What are you an assbleed[ologist]? etc.\n,,,,,,0,0,,,
-ology,'ɔlədʒi,," 表示...学：meteorology, philology",,,,,0,0,,,
-olus,,"Olu.\r\nHow do you define it? One could ask, what is Olu. But they would be closer to the truth to ask ~when~ is Olu. Scientists over the years have proposed many theories. One such scientist living a [pooey] [schmelle schmelle]y [sad] life, who enjoyed [poo]ing, by the name of [Cobranium], claimed to have discovered a source featuring an output of sound, presumed the voice of ~THE~ OLU!!!!!!\r\n\r\nSome say it's just a myth, but others, oh the others...\r\n\r\n...believe it as a religion, as one of their own, however there is no strict evidence, or no way, discovered by me Cobrania, that anyone can ever know what, or when, Olu is.\r\n\r\nUPDATE: Olu is a man living in Croydon\n> Look its OLU!!!!!\n> John: [feck] no u [son of a bitch], you are a complete [retard], u deserve to [poo] for the rest of your life, i mean a respected known urbandictionary author, COBRANIA, discovered it can't be done.Idiotical [cobranical] fool.\n",,,,,,0,0,,,
-oma,'əʊmə,, [医]〔后缀〕意为肿瘤或新生物,,,,,0,0,,,
-ome,əum,,"suf. [用以构成名词]表示“茎”, “体”, “粒”",,,,,0,0,,,
-ometry,,,[网络] 测量,,,,,0,0,,,
-on,ɔn,,suf. 表示“非酮(或氧基)化合物”：parathion; 表示：[生物学]“…子(指基本遗传成分)”; [物理学]“…子(指基本粒子或量子)”; [化学]表示“惰性气体”：neon,,,,,0,0,,,
-one,'wʌn,," [医]〔后缀〕意为酮, 在化学中用以表示有两个烃基附在羰基上的一种化合物",,,,,0,0,,,
-ont,ɔnt,," 表示“细胞”, “有机体”, “生物”：diplont",,,,,0,0,,,
-onym,ə'nim,," 表示“名字”,“字”,“词”：pseudonym",,,,,0,0,,,
-onymic,,,[网络]  - 一个,,,,,0,0,,,
-opia,'əʊpɪə,, [医]〔构词成分〕意为眼或视力的状态或缺陷,,,,,0,0,,,
-opic,,,[网络] 近视,,,,,0,0,,,
-ops,ɔps,,abbr. （美国）物价管制局（Office of Price Stabilization）；管道安全处（Office of Pipeline Safety）,,,,,0,0,,,
-opsia,'ɒpsjə,, [医]〔构词成分〕意为视力的状况或缺陷,,,,,0,0,,,
-opsis,'ɔpsis,," 表示外观,景象,相似：coreopsis",,,,,0,0,,,
-opsy,'ɔpsi,, 表示“检查”：biopsy,,,,,0,0,,,
-opy,,,眼\n视力,,,,,0,0,,,
-or,,, …的人（或物）,,,,,0,0,,,
-orial,'ɔ:riəl,,"suf. [用以构成形容词]表示“…的”,“属于…的”,“与…有关的”：gladiatorial,purgatorial",,,,,0,0,,,
-orium,'ɔ:riəm,,"suf. 构成名词表示：“地方”：emporium; “器具”,“工具”;“手段”：moratorium",,,,,0,0,,,
-ory,ori,,"suf. 构成名词作...用的东西：crematory; 构成名词...的地方：laboratory; 构成形容词...性质的,与...有关的：contradictory",,,,,0,0,,,
-ose,'əʊz,, [医]〔后缀〕意为该物质是一种糖,,,,,0,0,,,
-oses,,,abbr. 操作系统,,,,,0,0,,,
-osis,'əʊsɪs,," [医]〔后缀〕意为一种过程, 特别是病或疾病过程, 有时也带异常增多的意思。另见sis项下",,,,,0,0,,,
-otic,'ɔtik,,"suf. [构成形容词]表示：“状态的”, “状况的”, “作用的”, “过程的”：hypnotic; “增多的”：leukocytotic; “变态的”,“病的”：neurotic; [构成形容词]表示“耳的”：periotic",,,,,0,0,,,
-ous,,," [医]〔后缀〕意为拥有、具有或充满, 如cancerous",,,,,0,0,,,
-oxyl,,,[网络] 氧基,,,,,0,0,,,
-parter,,,[网络]  - 季,,,,,0,0,,,
-path,pɑːθ,,n. 道路；小路；轨道,,,,,0,0,,,
-pathia,,"Curry for gayboys. Like a Korma, but less spicy. Bald people love it.\n> I've just got out of the Queen Shilling and now I'm going to have a Pathia. Hardcore!\n",,,,,,0,0,,,
-pathic,,Sans script for a really cool way to live\n> Chandler-Then why not get a room mate ?\n> Ross-I dunno I guess you just get to an age where having a room mate is kind path.....\n> Ross-That's pathic which is sans scrit for a really cool way to live\n,,,,,,0,0,,,
-pathy,'pæθɪ,, [医]〔后缀〕意为患病状态或疾病; 无感情,,,,,0,0,,,
-patric,,,帕特里克（人名）,,,,,0,0,,,
-patry,,,n. (Patry)人名；(法)帕特里,,,,,0,0,,,
-ped,ped,,abbr. 个人设备资料（personal equipment data）；石油工程管理局（Petroleum Engineering Directorate）,,,,,0,0,,,
-penia,'pi:nɪə,," [医]〔后缀〕意为减少, 表示其前词根所示物质数目的异常减少",,,,,0,0,,,
-penny,pəni,, 表示值...便士,,,,,0,0,,,
-phagous,-fəɡəs,," 表示食, 吃",,,,,0,0,,,
-phane,fein,," 表示似, 拟, ...形物",,,,,0,0,,,
-phasia,'feʒɪr,, 表示某种语言的变态,,,,,0,0,,,
-phile,,, 爱好…的；…爱好者,,,,,0,0,,,
-philia,,, （尤指不正常的）性嗜好；癖好；怪癖,,,,,0,0,,,
-philiac,-filiæk,," 表示 “亲…者”, “嗜…者”, “有(不正常的) …癖好者”：hemophiliac",,,,,0,0,,,
-philic,-filik,," 表示 “喜…的”, “嗜…的”, “亲…的”",,,,,0,0,,,
-philism,,"The religion of worshiping Dr. Phil. Usually this religion encourages people to express their feelings to anyone, even strangers.\n> Philism is my religion.\n",,,,,,0,0,,,
-philous,'fələs,,"表示""爱"",""喜爱""",,,,,0,0,,,
-phobe,,, 厌恶…的人,,,,,0,0,,,
-phobia,'fəubiə,," 表示“恐惧”, “憎恶”",,,,,0,0,,,
-phobic,'fobɪk,,a. 恐惧症的；病态性恐惧的,,,,,0,0,,,
-phone,-fəun,, 声音; 使用某种语言的(人); 电话,,,,,0,0,,,
-phonia,-'fəuniə,,comb.form =-phony,,,,,0,0,,,
-phony,'foni,," 表示：音, 声, 声音的; 发声困难",,,,,0,0,,,
-phore,'fɔ:r,," [医]〔构词成分〕意为带有…的, 携带者",,,,,0,0,,,
-phoresis,fri:'sɪs,," [医]〔构词成分〕意为移动, 透入, 传递",,,,,0,0,,,
-phrenia,-fri:niə,, 表示“精神失常”；“疯子”,,,,,0,0,,,
-phyll,-fil,," 表示叶, 生在植物中的有色物质",,,,,0,0,,,
-phyllous,-'filəs,," 表示有...叶的, 有...小叶的",,,,,0,0,,,
-phyte,'faɪt,, [医]〔构词成分〕表示植物或病理性生长的,,,,,0,0,,,
-phytic,-fitik,,comb.form 表示“植物状的”：,,,,,0,0,,,
-plasia,p'leɪzɪə,," [医]〔后缀〕意为发育, 发展, 形成",,,,,0,0,,,
-plasm,p'læzəm,," [医]〔后缀〕意为浆, 原生质",,,,,0,0,,,
-plast,p'lɑ:st,, [医]〔后缀〕表示任何原始的活细胞,,,,,0,0,,,
-plasty,p'læstɪ,," [医]〔构词成分〕意为成形术, 整形术, 整复术",,,,,0,0,,,
-plasy,-'pleisi,,comb.form =-plasia,,,,,0,0,,,
-plegia,p'lɪdʒə,," [医]〔后缀〕意为麻痹, 瘫痪, 中风",,,,,0,0,,,
-ples,,,n. (Ples)人名；(塞、罗)普莱斯,,,,,0,0,,,
-ploid,p'lɔɪd,, [医]〔后缀〕意为…倍体的：指染色质组型内染色体组的倍数（形容词）,,,,,0,0,,,
-pnea,'nɪə,," [医]〔后缀〕意为与呼吸有关, 如端坐呼吸(orthopnea)",,,,,0,0,,,
-podium,-pəudi:əm,," 表示：足,足状部分：monopodium; 梗, 柄[亦作-pode]",,,,,0,0,,,
-poiesis,'pɔɪi:sɪs,," [医]〔后缀〕意为产生, 生, 造, 如hematopoiesis为血红细胞生成",,,,,0,0,,,
-poietic,-pɔi'etik,," 表示制作的, 生成的, 形成的",,,,,0,0,,,
-poo,,"Poo well, they're are many types of poo in this universe\r\n\r\nThere is\r\n\r\nTHE SWEETCORN - Poo that has leftover sweetcorn from last night's dinner\r\n\r\nTHE PELLETS - Little pellets of poo that comes out of your ass like a machine gun\r\n\r\nTHE FIREBALL - A big poo that really hurts and leaving your ass hot, usually happens after a curry\r\n\r\nTHE SLIPPY - A poo that swiftly moves out of your bottom that requires no wiping\r\n\r\nTHE WATERHOSE - When a massive monsoon of shit comes out of your bottom and requires hours of wiping\r\n\r\nTHE NEVERENDING STORY - An amazing acheivment is when a poo goes on and on and on.......\r\n\r\nTHE STEAMY HEAPY - Boy, That is basically ONE MASSIVE SHIT!!!!!!!\r\n\r\nTHE STICKY - When you have a poo stuck onto the hairs of your crack and requires hours of wiping (maybe a pair of scissors)\n> Donkeys do massive stickies and rabbits do a hell of a load of pellets\n",,,,,,0,0,,,
-pterygian,,,[网络] teryㄧgian,,,,,0,0,,,
-pterygious,,,[网络] 。ious,,,,,0,0,,,
-quarterth,,,[网络] 一分之一,,,,,0,0,,,
-resist,rɪ'zɪst,,vi. 抵抗，抗拒；忍耐\nvt. 抵抗；忍耐，忍住\nn. [助剂] 抗蚀剂；防染剂,,,,,0,0,,,
-rific,,,[网络] 极了,,,,,0,0,,,
-rightist,'raɪtɪst,,n. 右派人士\nadj. 右派的；右翼的,,,,,0,0,,,
-rrhagia,'reidʒiə; 'rɑ:ʒə,," 表示异常分泌, 过量出血",,,,,0,0,,,
-rrhea,'rɪə,," [医]〔后缀〕流出, 溢出",,,,,0,0,,,
-rrhoea,'ri:ə,,comb.form =-rrhea,,,,,0,0,,,
-ry,,, ——见 -ery,,,,,0,0,,,
-s,,,"suf. 附在规则名词之后构成复数; 附在某些无单数形式名词之后构成复数glasses, socks, trousers; 附在某些名词之后构成单数billiards, checkers, works; 用以构成表示反复或一贯之动作或状态的副词always, Sundays; 附在原形动词之后, 构成第三人称单数一般现在时态的陈述语气: comes, goes, tries, walks",,,,,0,0,,,
-scape,,, …景（色）,,,,,0,0,,,
-scope,s'kəʊp,, [医]〔后缀〕意为检查或观察用的镜,,,,,0,0,,,
-scopy,skə'pɪ,, [医]〔后缀〕意为检查,,,,,0,0,,,
-ship,,, 状态；性质；品质,,,,,0,0,,,
-shirted,ʃɜːt,,n. 衬衫；汗衫，内衣,,,,,0,0,,,
-sider,'saidə,,"n. 支持者, 帮派成员",,,,,0,0,,,
-sion,,, ——见 -ion,,,,,0,0,,,
-sis,'si:s,," [医]〔后缀〕意为状态, 病态, 病; 体感觉",,,,,0,0,,,
-some,,," [医]〔后缀〕意为体, 躯体",,,,,0,0,,,
-somic,,,n. 硕美科（品牌名）,,,,,0,0,,,
-sophy,səfi,," 表示知识,学问,思想,智慧：plilosophy, theosophy, anthroposophy",,,,,0,0,,,
-speak,spiːk,,vi. 说话；演讲；表明；陈述\nvt. 讲话；发言；讲演,,,,,0,0,,,
-specific,spə'sɪfɪk,,"a. 特殊的, 特定的；明确的；详细的；[药] 具有特效的\nn. 特性；细节；特效药",,,,,0,0,,,
-spermy,'spə:mi,,comb.form 表示“受精”：agamo-spermy,,,,,0,0,,,
-sporous,'spɔrəs,, 表示具有...孢子的：helicosporous,,,,,0,0,,,
-spory,'spɔ:ri; 'spɔ-; spə-,,comb.form 表示“孢子…型”：homospory,,,,,0,0,,,
-st,st,,suf. 用以构成第二人称单数陈述语气; 序数词“第一”(first)的符号：the 1stday,,,,,0,0,,,
-stasis,s'teɪsɪs,, [医]〔后缀〕意为保持恒定,,,,,0,0,,,
-stat,s'tæt,, [医]〔词尾〕抑制剂（非杀灭剂）,,,,,0,0,,,
-static,'stætɪk,,a. 静态的；静电的；静力的\nn. 静电；静电干扰,,,,,0,0,,,
-ster,stə,,"suf. 制造...的人,使用...的人：punster, songster; 做...的, 操作...的人, 从事...的人：teamster; 表示; 与...有关者参考...的人：gangster",,,,,0,0,,,
-stomy,stə'mɪ,," [医]〔词尾〕造口术, 吻合术：表示外科人工造口进入一中空器官（如结肠造口术, 气管造口术）",,,,,0,0,,,
-storied,'stɔ:rid,,a. 以历史画装饰的；传说上有名的,,,,,0,0,,,
-style,stail,," 表示：“…式样的”：familystyle; “按…式样”, “有点儿…地”; 表示“…柱式”,“…柱的”：distyle",,,,,0,0,,,
-tactic,'tæktɪk,,"n. 策略, 战略\na. 按顺序的, 依次排列的",,,,,0,0,,,
-taxis,'tæksis,," 表示：“排列”, “顺序”; [生物学]“趋向性”：heterotaxis",,,,,0,0,,,
-taxy,,,整复,,,,,0,0,,,
-th,,, （表示动作或过程）,,,,,0,0,,,
-thecium,'θi:siəm; -ʃiəm,,"comb.form [复数]-thecia 表示“囊”,“壳”：perithecium",,,,,0,0,,,
-them,ðem; ðəm,,pron. 他们；它们；她们\nn. (Them)人名；(老)探,,,,,0,0,,,
-therm,θɜːm,,n. 克卡；千卡；小卡,,,,,0,0,,,
-thermy,'θə:mi,, 表示“热”：diathermy,,,,,0,0,,,
-thymia,'θaɪmɪə,," [医]〔后缀〕意为情感, 心境",,,,,0,0,,,
-tion,,, ——见 -ion,,,,,0,0,,,
-to-be,,, 未来的,,,,,0,0,,,
-tome,'təʊm,," [医]〔后缀〕刀, ； 片, 节",,,,,0,0,,,
-tomy,tə'mɪ,," [医]〔后缀〕切开术, 切除术",,,,,0,0,,,
-tonia,'təuniə,," [医学]表示“紧张”：hypertonia,catatonia",,,,,0,0,,,
-trix,triks,,"suf. [阴性名词词尾,相当于-or]表示女性...者：aviatrix, executrix; [数学]点,线,面：directrix [亦作-trice]",,,,,0,0,,,
-trophic,,,营养的,,,,,0,0,,,
-trophin,t'rəʊfɪn,, [医]〔后缀〕营养：同tropin,,,,,0,0,,,
-trophy,t'rəʊfɪ,," [医]〔后缀〕食物, 营养",,,,,0,0,,,
-tropic,t'rɒpɪk,," [医]〔后缀〕向…的, 亲…的",,,,,0,0,,,
-tropin,t'rɒpɪn,," [医]〔后缀〕亲…, 促…",,,,,0,0,,,
-tropism,'trəʊpɪz(ə)m; 'trɒp-,,n. 取向；向性；[生物] 趋性；向性运动,,,,,0,0,,,
-tropous,trəpəs,," [植物学]表示“以…方式转动(或弯曲)的”, “呈…一种向性的”:anatropous",,,,,0,0,,,
-ty,ti,,"suf. [构成名词]表示“…的性质”, “…的状态”, “…的情况”：unity , enmity; 表示“十”,“十个”：twenty, thirty",,,,,0,0,,,
-ule,jʊl,," 表示小：globule,sporule",,,,,0,0,,,
-ulent,julənt,," [构成形容词]表示充满...的, 多...的",,,,,0,0,,,
-um,(ə)m,,int. 嗯（表示迟疑）\nn. (Um)人名；(柬)温；(阿拉伯)乌姆,,,,,0,0,,,
-ure,ə,," 表示机关,职能：legislature; 表示状态：composure; 表示动作,结果：exposure",,,,,0,0,,,
-urgy,'ə:dʒi,," 表示技术,制作工艺：metallurgy,dramaturgy",,,,,0,0,,,
-uria,'u:rɪə,," [医]〔词尾〕意为尿：其含义由与它连接的词干表示, 如oliguria（少尿）, proteinuria（蛋白尿）等",,,,,0,0,,,
-uronic,,,糖醛,,,,,0,0,,,
-verse,,"A gay male who will go top and bottom, you know... he'ss just go with whatever!\n> Guy 1: Are you a top or a bottom?\n> Guy 2: I'm verse.\n> Guy 1: YAY! well, im a top, so guess who's getting a cock in their ass tonight.\n> Guy 2: ME! :D\n",,,,,,0,0,,,
-ville,vil,," 用以构成虚构的地名表示“城”, “镇”, “市”; 用以构成贬义词表示“地点”, “状态”, “特性”, “类别”：doomsville (厄运), weirdsville (怪诞)",,,,,0,0,,,
-vorous,vərəs,," 表示“吃…的”,“以…为食的”：carnivorous",,,,,0,0,,,
-ward,,, 向…的,,,,,0,0,,,
-wards,,, ——见 -ward,,,,,0,0,,,
-ways,,, 在…方向（的）；朝…方向（的）,,,,,0,0,,,
-wise,,, 以…方式；朝…方向,,,,,0,0,,,
-worder,,A dude with skills in chatting up the opposite sex.\n> Look at that bird Higgs has pulled - he's a right worder!\n,,,,,,0,0,,,
-worthy,'wə:ði,,"suf. [构成形容词]表示：“值得…的”,“该…的”：praiseworthy,“适于…的”,“易于…的”：roadworthy",,,,,0,0,,,
-xion,,, ——见  -ion,,,,,0,0,,,
-y,,, 充满…的；有…特性的,,,,,0,0,,,
-yl,'aɪl,," [医]〔后缀〕基, 尤指一价烃基",,,,,0,0,,,
-zoic,'zəuik,,a. 动物的；有生命物的；[古生] 含化石的,,,,,0,0,,,
-zoon,'zən,," [构成名词]表示动物, 个体",,,,,0,0,,,
-zygous,'zaiɡəs,, [构成形容词]表示：“合子的”：heterozygous; “颧骨的”,,,,,0,0,,,
-zyme,'zaim,, 表示“酶”：histozyme,,,,,0,0,,,
.45 caliber,,,[网络] .45口径,,,,,0,0,,,
.45 calibre,,,[网络] .45口径,,,,,0,0,,,
.45-caliber,,,[网络] .45口径,,,,,0,0,,,
.45-calibre,,,[网络] .45口径,,,,,0,0,,,
0,ˈziːroʊ,n a mathematical element that when added to another number yields the same number\ns indicating the absence of any or all units under consideration, zero,,,,,0,0,,,
1,,n the smallest whole number or a numeral representing this number\ns used of a single unit or thing; not two or more,num. one,,,,,0,0,,,
10,,n the cardinal number that is the sum of nine and one; the base of the decimal system\ns being one more than nine,num. ten,,,,,0,0,,,
100,,n ten 10s\ns being ten more than ninety, hundred,,,,,0,0,,,
1000,,"n the cardinal number that is the product of 10 and 100\ns denoting a quantity consisting of 1,000 items or units", one thousand,,,,,0,0,,,
101,,s being one more than one hundred, one hundred and one,,,,,0,0,,,
105,,s being five more than one hundred,one hundred and five,,,,,0,0,,,
1066,,,one thousand and sixty-six,,,,,0,0,,,
11,,n the cardinal number that is the sum of ten and one\ns being one more than ten, eleven,,,,,0,0,,,
110,,s being ten more than one hundred,one hundred and ten,,,,,0,0,,,
115,,s being five more than one hundred ten,one hundred and fifteen,,,,,0,0,,,
12,,n the cardinal number that is the sum of eleven and one\ns denoting a quantity consisting of 12 items or units, twelve,,,,,0,0,,,
120,,n the cardinal number that is the product of ten and twelve\ns being ten more than one hundred ten, [电影]120人的战役,,,,,0,0,,,
125,,s being five more than one hundred twenty,one hundred and twenty-five,,,,,0,0,,,
13,,n the cardinal number that is the sum of twelve and one\ns being one more than twelve, thirteen; [电影]十三,,,,,0,0,,,
130,,s being ten more than one hundred twenty,one hundred and thirty,,,,,0,0,,,
135,,s being five more than one hundred thirty,one hundred and thirty-five,,,,,0,0,,,
14,,n the cardinal number that is the sum of thirteen and one\ns being one more than thirteen, fourteen,,,,,0,0,,,
140,,s being ten more than one hundred thirty,one hundred and forty,,,,,0,0,,,
145,,s being five more than one hundred forty, （网络聊天数字用语）猫扑论坛某名女; 代表该论坛参加过雅典奥运。她曾做过一套网上广泛流传的测试智商的题目; 得分为145; 遂有名言,,,,,0,0,,,
15,,n the cardinal number that is the sum of fourteen and one\ns being one more than fourteen, fifteen,,,,,0,0,,,
150,,s being ten more than one hundred forty,one hundred and fifty,,,,,0,0,,,
155,,s being five more than one hundred fifty,one hundred and fifty-five,,,,,0,0,,,
16,,n the cardinal number that is the sum of fifteen and one\ns being one more than fifteen, sixteen,,,,,0,0,,,
160,,s being ten more than one hundred fifty,one hundred and sixty,,,,,0,0,,,
17,,n the cardinal number that is the sum of sixteen and one\ns being one more than sixteen,num. seventeen,,,,,0,0,,,
170,,s being ten more than one hundred sixty,one hundred and seventy,,,,,0,0,,,
175,,s being five more than one hundred seventy,one hundred and seventy-five,,,,,0,0,,,
18,,n the cardinal number that is the sum of seventeen and one\ns being one more than seventeen, eighteen,,,,,0,0,,,
180,,s being ten more than one hundred seventy,one hundred and eighty,,,,,0,0,,,
19,,n the cardinal number that is the sum of eighteen and one\ns being one more than eighteen, nineteen,,,,,0,0,,,
190,,s being ten more than one hundred eighty,one hundred and ninety,,,,,0,0,,,
1st,,s indicating the beginning unit in a series,abbr. 第一（first）,,,,,0,0,,,
2,,n the cardinal number that is the sum of one and one or a numeral representing this number\ns being one more than one, two,,,,,0,0,,,
2-D,,,二维的\n平面的\n二元的（two dimensional）,,,,,0,0,,,
2-dimensional,,s lacking the expected range or depth; not designed to give an illusion or depth, [医]二维,,,,,0,0,,,
20,,n the cardinal number that is the sum of nineteen and one\ns denoting a quantity consisting of 20 items or units,num. 二十; twenty,,,,,0,0,,,
200,,s being ten more than one hundred ninety, two hundred,,,,,0,0,,,
21,,n the cardinal number that is the sum of twenty and one\ns being one more than twenty, twenty-one; [电影]决胜21点,,,,,0,0,,,
22,,n the cardinal number that is the sum of twenty-one and one\ns being two more than twenty, twenty-two,,,,,0,0,,,
23,,n the cardinal number that is the sum of twenty-two and one\ns being three more than twenty, twenty-three; [电影]死亡密码23,,,,,0,0,,,
24,,n the cardinal number that is the sum of twenty-three and one\ns being four more than twenty, twenty-four; [电影]24小时,,,,,0,0,,,
25,,n the cardinal number that is the sum of twenty-four and one\ns being five more than twenty, twenty-five,,,,,0,0,,,
26,,n the cardinal number that is the sum of twenty-five and one\ns being six more than twenty, twenty-six,,,,,0,0,,,
27,,n the cardinal number that is the sum of twenty-six and one\ns being seven more than twenty, twenty-seven,,,,,0,0,,,
28,,n the cardinal number that is the sum of twenty-seven and one\ns being eight more than twenty, twenty-eight,,,,,0,0,,,
29,,n the cardinal number that is the sum of twenty-eight and one\ns being nine more than twenty, twenty-nine,,,,,0,0,,,
2d,,s coming next after the first in position in space or time or degree or magnitude, [医]2-DIMENSIONAL,,,,,0,0,,,
2nd,,s coming next after the first in position in space or time or degree or magnitude, 第二(second),,,,,0,0,,,
3,,n the cardinal number that is the sum of one and one and one\ns being one more than two, three,,,,,0,0,,,
3-D,,n. a movie with images having three dimensional form or appearance\nn. having a three-dimensional form or appearance,abbr. 三维的（three dimensional）,,,,,0,0,,,
3-dimensional,,s involving or relating to three dimensions or aspects; giving the illusion of depth," [医]三维, 立体",,,,,0,0,,,
30,,n the cardinal number that is the product of ten and three\ns being ten more than twenty, thirty,,,,,0,0,,,
300,,s being one hundred more than two hundred, three hundred; [电影]斯巴达300勇士,,,,,0,0,,,
31,,s being one more than thirty, thirty-one,,,,,0,0,,,
32,,s being two more than thirty, thirty-two,,,,,0,0,,,
33,,s being three more than thirty, thirty-three,,,,,0,0,,,
34,,s being four more than thirty, thirty-four,,,,,0,0,,,
35,,s being five more than thirty, thirty-five,,,,,0,0,,,
36,,s being six more than thirty, thirty-six,,,,,0,0,,,
360-degree feedback,,,n. An assessment technique that involves performance assessment from multiple raters.,,,,,0,0,,,
37,,s being seven more than thirty, thirty-seven,,,,,0,0,,,
38,,s being eight more than thirty, thirty-eight,,,,,0,0,,,
39,,s being nine more than thirty, （网络聊天数字用语）Thank you.,,,,,0,0,,,
3G,,,abbr. 第3代移动通信技术（The 3rd Generation Telecommunication）,,,,,0,0,,,
3rd,,s coming next after the second and just before the fourth in position, 第三(third),,,,,0,0,,,
4,,n the cardinal number that is the sum of three and one\ns being one more than three, four,,,,,0,0,,,
4-dimensional,,,[网络] 4维,,,,,0,0,,,
4-F,'fɔ:ef,,n. [美国英语]；选征兵役制中不及格者免除兵役(者)(指身体、心理、品德等不适于服兵役)的分类,,,,,0,0,,,
4-H,,,"abbr. head, heart, hands, and health 思维、心灵、手脚、身体四健的",,,,,0,0,,,
4-hitter,,,[网络] 4击球员,,,,,0,0,,,
4-membered,,,[网络] 4元,,,,,0,0,,,
40,,n the cardinal number that is the product of ten and four\ns being ten more than thirty, forty,,,,,0,0,,,
400,,s being one hundred more than three hundred,four hundred,,,,,0,0,,,
41,,s being one more than forty, forty-one,,,,,0,0,,,
411,,,four hundred and eleven,,,,,0,0,,,
42,,s being two more than forty, forty-two,,,,,0,0,,,
43,,s being three more than forty,num. forty-three,,,,,0,0,,,
44,,s being four more than forty, forty-four,,,,,0,0,,,
44th,,,[网络] 第44号,,,,,0,0,,,
45,,s being five more than forty, forty-five; [电影]魔鬼交锋.45,,,,,0,0,,,
45th,,,[网络] 第45号,,,,,0,0,,,
46,,s being six more than forty, forty-six,,,,,0,0,,,
46th,,,[网络] 第46号,,,,,0,0,,,
47,,s being seven more than forty, forty-seven,,,,,0,0,,,
47th,,,[网络] 第47号,,,,,0,0,,,
48,,s being eight more than forty, forty-eight,,,,,0,0,,,
48th,,,[网络] 第48号,,,,,0,0,,,
49,,s being nine more than forty, forty-nine,,,,,0,0,,,
49th,,,[网络] 第49号,,,,,0,0,,,
4th,,s coming next after the third and just before the fifth in position or time or degree or magnitude, 第四(fourth),,,,,0,0,,,
4to,,,[网络] 四开,,,,,0,0,,,
4WD,,n. a motor vehicle with a four-wheel drive transmission system\nn. a transmission that provides power directly to all four wheels of a motor vehicle,abbr. 四轮驱动（4 wheel drive）,,,,,0,0,,,
5,,n the cardinal number that is the sum of four and one\ns being one more than four, five,,,,,0,0,,,
5-hitter,,,[网络] 5击球员,,,,,0,0,,,
5-HT,,,5-羟色胺（5-hydroxytryptamine）,,,,,0,0,,,
5-hydroxytryptamine,,, [医]血清素，血清紧张素，5-羟基色胺,,,,,0,0,,,
5-membered,,,[网络] 5元,,,,,0,0,,,
50,,n the cardinal number that is the product of ten and five\ns being ten more than forty, fifty,,,,,0,0,,,
500,,n the cardinal number that is the product of one hundred and five\ns denoting a quantity consisting of 500 items or units,five hundred,,,,,0,0,,,
51,,s being one more than fifty, fifty-one,,,,,0,0,,,
52,,s being two more than fifty, fifty-two,,,,,0,0,,,
53,,s being three more than fifty, fifty-three,,,,,0,0,,,
54,,s being four more than fifty, fifty-four,,,,,0,0,,,
55,,s being five more than fifty, fifty-five,,,,,0,0,,,
55th,,,[网络] 第55,,,,,0,0,,,
56,,s being six more than fifty, fifty-six,,,,,0,0,,,
57,,s being seven more than fifty, fifty-seven,,,,,0,0,,,
58,,s being eight more than fifty, （网络聊天数字用语）晚安。,,,,,0,0,,,
59,,s being nine more than fifty, fifty-nine,,,,,0,0,,,
5th,,s coming next after the fourth and just before the sixth in position,n. 第五（fifth）,,,,,0,0,,,
6,,n the cardinal number that is the sum of five and one\ns denoting a quantity consisting of six items or units,num. six,,,,,0,0,,,
6-membered,,,[网络] 6元,,,,,0,0,,,
60,,n the cardinal number that is the product of ten and six\ns being ten more than fifty, sixty,,,,,0,0,,,
606,,, [医]arsenobenzene,,,,,0,0,,,
61,,s being one more than sixty, sixty-one,,,,,0,0,,,
62,,s being two more than sixty, sixty-two,,,,,0,0,,,
63,,s being three more than sixty,n. [热血江湖]柳善。,,,,,0,0,,,
64,,s being four more than sixty, sixty-four,,,,,0,0,,,
64th,,,[网络] 第64,,,,,0,0,,,
65,,s being five more than sixty, sixty-five,,,,,0,0,,,
65th,,,[网络] 第65,,,,,0,0,,,
66,,s being six more than sixty, sixty-six,,,,,0,0,,,
67,,s being seven more than sixty, sixty-seven,,,,,0,0,,,
68,,s being eight more than sixty, sixty-eight,,,,,0,0,,,
69,,s being nine more than sixty, sixty-nine,,,,,0,0,,,
6th,,s coming next after the fifth and just before the seventh in position, 第六(sixth),,,,,0,0,,,
7,,n the cardinal number that is the sum of six and one\ns being one more than six,num. seven,,,,,0,0,,,
7-Eleven,,,n. 七十一便利店（美国连锁便利店）,,,,,0,0,,,
7-membered,,,[网络] 7元,,,,,0,0,,,
70,,n the cardinal number that is the product of ten and seven\ns being ten more than sixty, seventy,,,,,0,0,,,
71,,s being one more than seventy, seventy-one,,,,,0,0,,,
72,,s being two more than seventy, seventy-two,,,,,0,0,,,
73,,s being three more than seventy, seventy-three,,,,,0,0,,,
737,,,seven hundred and thirty-seven,,,,,0,0,,,
74,,s being four more than seventy, seventy-four,,,,,0,0,,,
747,,,seven hundred and forty-seven,,,,,0,0,,,
75,,s being five more than seventy, seventy-five,,,,,0,0,,,
75th,,,[网络] 第75号,,,,,0,0,,,
76,,s being six more than seventy, seventy-six,,,,,0,0,,,
77,,s being seven more than seventy,n. [梦幻西游]导标旗。,,,,,0,0,,,
78,,n the cardinal number that is the sum of seventy and eight\nn a shellac based phonograph record that played at 78 revolutions per minute\ns being eight more than seventy, seventy-eight,,,,,0,0,,,
79,,s being nine more than seventy, seventy-nine,,,,,0,0,,,
7th,,,[网络] 七；第七；第七名,,,,,0,0,,,
8,,n the cardinal number that is the sum of seven and one\ns being one more than seven, eight,,,,,0,0,,,
8-membered,,,[网络] 8元,,,,,0,0,,,
80,,n the cardinal number that is the product of ten and eight\ns being ten more than seventy, eighty,,,,,0,0,,,
800 number,,,【电信学】受话人付费业务(指前3位数字为800的电话号码),,,,,0,0,,,
800-pound gorilla,,,因强大而无需顾忌其他的人或物,,,,,0,0,,,
81,,s being one more than eighty, eighty-one,,,,,0,0,,,
82,,s being two more than eighty, eighty-two,,,,,0,0,,,
83,,s being three more than eighty, eighty-three,,,,,0,0,,,
84,,s being four more than eighty, eighty-four,,,,,0,0,,,
85,,s being five more than eighty, eighty-five,,,,,0,0,,,
85th,,,[网络] 第85号,,,,,0,0,,,
86,,s being six more than eighty, eighty-six,,,,,0,0,,,
87,,s being seven more than eighty, eighty-seven,,,,,0,0,,,
88,,s being eight more than eighty, （网络聊天数字用语）Bye Bye.,,,,,0,0,,,
89,,s being nine more than eighty, eighty-nine,,,,,0,0,,,
8s,,,8,,,,,0,0,,,
8th,,,[网络] 八；第八名；第八届,,,,,0,0,,,
8vo,eɪtvəʊ,, 八开,,,,,0,0,,,
9,,n the cardinal number that is the sum of eight and one\ns denoting a quantity consisting of one more than eight and one less than ten, nine,,,,,0,0,,,
9-membered,,,[网络] 9元,,,,,0,0,,,
90,,n the cardinal number that is the product of ten and nine\ns being ten more than eighty, ninety,,,,,0,0,,,
91,,s being one more than ninety, ninety-one,,,,,0,0,,,
92,,s being two more than ninety, ninety-two,,,,,0,0,,,
93,,s being three more than ninety, ninety-three,,,,,0,0,,,
94,,s being four more than ninety, （网络聊天数字用语）就是,,,,,0,0,,,
95,,s being five more than ninety, （网络聊天数字用语）救我。,,,,,0,0,,,
95th,,,[网络] 第95号,,,,,0,0,,,
96,,s being six more than ninety, ninety-six,,,,,0,0,,,
97,,s being seven more than ninety, ninety-seven,,,,,0,0,,,
98,,s being eight more than ninety, ninety-eight,,,,,0,0,,,
99,,s being nine more than ninety, ninety-nine,,,,,0,0,,,
999,,,nine hundred and ninety-nine,,,,,0,0,,,
9th,,,[网络] 第九届；第九任；九日,,,,,0,0,,,
a,ei,n. the 1st letter of the Roman alphabet\nn. the blood group whose red cells carry the A antigen,"第一个字母 A; 一个; 第一的\r\nart. [计] 累加器, 加法器, 地址, 振幅, 模拟, 区域, 面积, 汇编, 组件, 异步",,5,1,zk gk,5,5,,"""""",
a amount of,ə əˈmaunt ɔv,, 大量的,,,,,0,0,,,
A and B agglutinogens,,,[医] A和B凝集原,,,,,0,0,,,
A AND NOT B gate,,,[计] 禁止门,,,,,0,0,,,
A as well as B,,,不仅有(乙)而且有(甲),,,,,0,0,,,
A B. S. pill,,,"[医] ABS丸, 芦荟素颠茄士的宁丸",,,,,0,0,,,
a babe in arms,,,涉世未深的人,,,,,0,0,,,
a baby grand,,,小型平台钢琴,,,,,0,0,,,
a back answer,,,顶嘴,,,,,0,0,,,
a back issue,,,过期期刊,,,,,0,0,,,
a back number,,,"过期的刊物, 过时的人",,,,,0,0,,,
a bad actor,,,"坏蛋, 危险分子",,,,,0,0,,,
a bad egg,,,坏蛋,,,,,0,0,,,
a bad fairy,,,害人的精灵;妖精,,,,,0,0,,,
a bad hat,,,坏蛋,,,,,0,0,,,
a bad job,,,白费力的事,,,,,0,0,,,
a bad life,,,"不道德的生活, 活不到平均寿命的人",,,,,0,0,,,
a bad lot,,,一个坏蛋,,,,,0,0,,,
a bad penny,,,"不受欢迎的人,讨厌的家伙",,,,,0,0,,,
a bad policy,,,"不明智的政策,下策",,,,,0,0,,,
a bad shot,,,"不准的射击, 猜错, 错误, 失策",,,,,0,0,,,
a bad trip,,,"令人烦闷的经历,可怕的经历",,,,,0,0,,,
a bad word,,,猥亵话,,,,,0,0,,,
a bag of bones,,,骨瘦如柴的人,,,,,0,0,,,
a bag of wind,,,夸夸其谈的人,,,,,0,0,,,
a baker's dozen,,,十三,,,,,0,0,,,
a ball bearing,,,滚珠轴承,,,,,0,0,,,
a ball of fortune,,,受命运摆布的人,,,,,0,0,,,
a ball of strings,,,一团细绳子,,,,,0,0,,,
a band of,,,"一群,一伙,一队…",,,,,0,0,,,
a bank of,,,"一堆,一层…",,,,,0,0,,,
a bank president,,,银行行长,,,,,0,0,,,
a bankable actor,,,可以充当,,,,,0,0,,,
a banquet given in honor of,,,为欢迎某人而举行的宴会,,,,,0,0,,,
a bar of,,,"一条,一块…",,,,,0,0,,,
a barber's cat,,,面露饥色的人,,,,,0,0,,,
a bare possibility,,,万一的事情,,,,,0,0,,,
a barrage of,,,"接二连三的,连珠砲似的…",,,,,0,0,,,
a barrel of,,,"一桶,许多,大量",,,,,0,0,,,
a barrel of fun,,,十分有趣,,,,,0,0,,,
a barrel of money,,,一大笔钱,,,,,0,0,,,
a bas,ɑ:'bɑ:,,打倒,,,,,0,0,,,
a base area,,,根据地,,,,,0,0,,,
a basket of currencies,,,[经] 笼统货币,,,,,0,0,,,
a basket ring,,,篮圈,,,,,0,0,,,
a batch of news,,,一组新闻,,,,,0,0,,,
a battalion of,,,一大队,,,,,0,0,,,
a battery,,,[电] A电池组,,,,,0,0,,,
a battery of,,,"一连串的,一系列的…",,,,,0,0,,,
a beam of hope,,,一线希望,,,,,0,0,,,
a beam of light,,,一束光线,,,,,0,0,,,
a beast of a day,,,天气恶劣的日子,,,,,0,0,,,
a beaten path,,,"踏出的路, 常规, 惯例",,,,,0,0,,,
a beaten track,,,"踏出的路, 常规, 惯例",,,,,0,0,,,
a beauty doctor,,,美容师,,,,,0,0,,,
a bed of down,,,安乐窝,,,,,0,0,,,
a bed of flowers,,,安乐窝,,,,,0,0,,,
a bed of honor,,,阵亡者的墓,,,,,0,0,,,
a bed of rose,,,愉快的处境,,,,,0,0,,,
a bed of roses,,,称心如意的境遇,,,,,0,0,,,
a bee in one's bonnet,,,奇怪而固执的想法,,,,,0,0,,,
a beer belly,,,"大腹,大肚子",,,,,0,0,,,
a bench board,,,台示配电板;控制盘,,,,,0,0,,,
a besetting sin,,,易犯的恶习,,,,,0,0,,,
a best man,,,男傧相,,,,,0,0,,,
a bidden guest,,,应邀来客,,,,,0,0,,,
a big audience,,,众多的观众,,,,,0,0,,,
a big bite of,,,一大口…;很大一部分的…,,,,,0,0,,,
a big deal,,,要人,,,,,0,0,,,
a big dog,,,"大人物,要人,头头,保镖",,,,,0,0,,,
a big haul,,,一网捕获的许多鱼;一大笔收获,,,,,0,0,,,
a big letdown,,,大失所望的事,,,,,0,0,,,
a big noise,,,"要人,大人物 , 耸人听闻的声明",,,,,0,0,,,
a big number,,,"要人,大亨",,,,,0,0,,,
a big pot,,,大人物,,,,,0,0,,,
a big share of,,,很大的一部分,,,,,0,0,,,
a big shot,,,"大人物, 大亨",,,,,0,0,,,
a big stick policy,,,大棒政策,,,,,0,0,,,
a big wheel,,,重要人物,,,,,0,0,,,
A bile,,,[医] 总胆管胆汁,,,,,0,0,,,
a bill of health,,,健康证明书,,,,,0,0,,,
a Bill of Oblivion,,,大赦令,,,,,0,0,,,
a bill to bearer,,,不记名票据,,,,,0,0,,,
a bill to order,,,记名票据,,,,,0,0,,,
a bird dog,,,"捕鸟猎犬;挖掘人才者;战斗机,截击机",,,,,0,0,,,
a bird in eclipse,,,交配期之后正在脱毛的鸟,,,,,0,0,,,
a bird in the bush,,,未到手的东西,,,,,0,0,,,
a bird in the hand,,,已到手的东西,,,,,0,0,,,
a bird of ill omen,,,凶鸟,,,,,0,0,,,
a bird of Jove,,,鹰,,,,,0,0,,,
a bird of Juno,,,孔雀,,,,,0,0,,,
a bird of paradise,,,"极乐鸟, 风鸟",,,,,0,0,,,
a bird of passage,,,候鸟,,,,,0,0,,,
a bird of peace,,,鸽,,,,,0,0,,,
a bird of prey,,,"食肉鸟,勐禽",,,,,0,0,,,
a bird of wonder,,,凤凰,,,,,0,0,,,
a bit,,,一点儿；有一点儿,,,1,,0,0,,,
a bit and a sup,,,少量的饮食物,,,,,0,0,,,
a bit at a time,,,"一点一点地, 渐渐地",,,,,0,0,,,
a bit of,,,一点,,,,,0,0,,,
a bit of a,,,有点…的味道,,,,,0,0,,,
a bit of a...,,,一点儿...的味道,,,,,0,0,,,
a bit of jam,,,"意中人,情人",,,,,0,0,,,
a bit of skirt,,,"女人,姑娘,少女",,,,,0,0,,,
a bit of...,,,一点...,,,,,0,0,,,
a bit thick,,,过分,,,,,0,0,,,
a black list,,,黑名单,,,,,0,0,,,
a black sheep,,,"败家子, 败类, 害群之马",,,,,0,0,,,
a blade of,,,一片,,,,,0,0,,,
a blank check,,,空白支票;毫无限制,,,,,0,0,,,
a blank cheque,,,空白支票,,,,,0,0,,,
a blank sheet,,,"一张白纸, 纯洁的心灵",,,,,0,0,,,
a blanket of,,,厚厚的一层…,,,,,0,0,,,
a blanket of smoke,,,烟幕,,,,,0,0,,,
a blast of wind,,,一阵风,,,,,0,0,,,
a blast on the horn,,,一声号角,,,,,0,0,,,
a blessing in disguise,,,因祸得福;塞翁失马,,,,,0,0,,,
a blind alley,,,死胡同,,,,,0,0,,,
a blind lead,,,"死胡同,绝路",,,,,0,0,,,
a blind letter,,,死信,,,,,0,0,,,
a blood bank,,,血库,,,,,0,0,,,
a blot on one's escutcheon,,,名誉上的污点,,,,,0,0,,,
a blotting pad,,,吸墨器,,,,,0,0,,,
a blue dahlia,,,不可能有的东西,,,,,0,0,,,
a blue joke,,,"粗俗下流的笑话,猥亵的笑话",,,,,0,0,,,
a blue moon,,,不可能的事,,,,,0,0,,,
a blue movie,,,色情电影,,,,,0,0,,,
a body blow,,,"沉重的打击,惨败",,,,,0,0,,,
a body of police,,,一群警察,,,,,0,0,,,
a body of...,,,大量的...,,,,,0,0,,,
a boiled shirt,,,浆过的衬衫,,,,,0,0,,,
a bolt from the blue,,,"晴天霹雳, 意外事件",,,,,0,0,,,
a bone of contention,,,争论的原因,,,,,0,0,,,
a bonny bird,,,"快乐鸟,乐天派,寻欢作乐者",,,,,0,0,,,
a book dedication,,,书籍的题辞,,,,,0,0,,,
a book fair,,,"书市,图书博览会",,,,,0,0,,,
a book of matches,,,"一包火柴,一打火柴",,,,,0,0,,,
a book of prayers,,,"祈祷书,经书",,,,,0,0,,,
a book stand,,,书摊,,,,,0,0,,,
a bottle of pop,,,一瓶汽水,,,,,0,0,,,
a bouquet of,,,一束,,,,,0,0,,,
a bout of illness,,,一场病,,,,,0,0,,,
a bout of work,,,一阵子工作,,,,,0,0,,,
a bout with the enemy,,,与敌人交锋,,,,,0,0,,,
a bowing acquaintance,,,点头之交;泛泛之交,,,,,0,0,,,
a box and needle,,,罗盘,,,,,0,0,,,
a box of matches,,,一盒火柴,,,,,0,0,,,
a boy in buttons,,,侍役,,,,,0,0,,,
a boy of remarkable aptitude,,,神童,,,,,0,0,,,
a boycott of classes,,,罢课,,,,,0,0,,,
a branch of instruction in school,,,一门课程,,,,,0,0,,,
a branch of knowledge,,,一门知识,,,,,0,0,,,
a brand from the burning,,,大难得救的人,,,,,0,0,,,
a breach of close,,,非法侵入私地,,,,,0,0,,,
a breach of discipline,,,违反纪律,,,,,0,0,,,
a breach of faith,,,"失信,背约,背弃行为",,,,,0,0,,,
a breach of public security,,,扰乱治安,,,,,0,0,,,
a break camp,,,折叠帐篷,,,,,0,0,,,
a breath of life,,,必不可少的东西,,,,,0,0,,,
a breed of cat,,,"一种,一类",,,,,0,0,,,
a brick layer,,,"砌砖人,瓦工",,,,,0,0,,,
a bridge of gold,,,退路,,,,,0,0,,,
a bridle path,,,通马不通车的路,,,,,0,0,,,
a bridle trail,,,由马踏成的路,,,,,0,0,,,
a bright spark,,,"生气勃勃的人,精力充沛者,精明人,出类拔萃者",,,,,0,0,,,
a broad hint,,,明显的暗示,,,,,0,0,,,
a broad joke,,,粗俗的笑话,,,,,0,0,,,
a broad place in the road,,,小都市,,,,,0,0,,,
a broken man,,,"潦倒者,心碎的人",,,,,0,0,,,
a broken reed,,,不可靠的人,,,,,0,0,,,
a brood of chickens,,,一窝小鸡,,,,,0,0,,,
a bud of promise,,,初次展露头角的少女,,,,,0,0,,,
a bull in a china shop,,,"公牛闯入瓷器店,鲁莽的",,,,,0,0,,,
a bull session,,,"漫谈,聊天,吹牛",,,,,0,0,,,
a bum steer,,,错误的指点,,,,,0,0,,,
a bunch of,,,"一束,一串,一群",,,,,0,0,,,
a bunch of fives,,,"拳头, 手",,,,,0,0,,,
a bundle of nerves,,,神经极紧张的人,,,,,0,0,,,
a bundle of...,,,一捆/包...,,,,,0,0,,,
a burning shame,,,奇耻大辱,,,,,0,0,,,
a burst of laughter,,,一阵大笑声,,,,,0,0,,,
a bush nursery,,,临时苗圃,,,,,0,0,,,
a business doctor,,,企业顾问,,,,,0,0,,,
a business zone,,,商业区,,,,,0,0,,,
a busy signal,,,"佔线信号,忙音",,,,,0,0,,,
a cake of,,,一块…,,,,,0,0,,,
a cake of soap,,,一块肥皂,,,,,0,0,,,
a calendar year,,,"年, 历年",,,,,0,0,,,
a call loan,,,活期贷款,,,,,0,0,,,
a call of nature,,,要大小便的感觉,,,,,0,0,,,
a call to arms,,,战斗的号令,,,,,0,0,,,
a can of worms,,,复杂的问题;极度紧张不安的人,,,,,0,0,,,
a capacity house,,,客满的剧场,,,,,0,0,,,
a capella,,, 美中不足（歌曲名）,,,,,0,0,,,
a capella singing,,,[网络] 歌手唱歌,,,,,0,0,,,
a capital ship,,,主力舰,,,,,0,0,,,
a cappella,ˌæ kəˈpelə,, （音乐术语）无伴奏合唱,,,,,0,0,,,
a cappella singing,,,[网络] 无乐器伴奏的歌唱；清歌；阿卡贝拉无伴奏演唱,,,,,0,0,,,
a captive balloon,,,系留气球,,,,,0,0,,,
a captive shop,,,"内部商店,职工商店",,,,,0,0,,,
a car doctor,,,汽车修理工,,,,,0,0,,,
a car washer,,,洗车者,,,,,0,0,,,
a carbon copy,,,抄本;极相像的人,,,,,0,0,,,
a carrier pigeon,,,信鸽,,,,,0,0,,,
a case in point,,,恰当的例子,,,,,0,0,,,
a case of crabs,,,失败,,,,,0,0,,,
a case of murder,,,一桩谋杀人案,,,,,0,0,,,
a castle in the air,,,空中楼阁,,,,,0,0,,,
a casualty list,,,伤亡名单,,,,,0,0,,,
a cat fancy,,,喜欢养猫的人,,,,,0,0,,,
A cat has nine lives,,,猫有九命,,,,,0,0,,,
a cat in the meal,,,"鬼把戏,伎俩,见不得人的勾当",,,,,0,0,,,
a cat in the pan,,,叛徒,,,,,0,0,,,
a cat nap,,,"打盹,打瞌睡",,,,,0,0,,,
a catch question,,,"奇怪的问题,怪题",,,,,0,0,,,
a cattle yard,,,"放置牲畜的仓前空场, 车站旁的牲畜栏",,,,,0,0,,,
A cell,,,"[医] A细胞, α细胞",,,,,0,0,,,
a change for the better,,,好转,,,,,0,0,,,
a change of heart,,,"改变主意, 变心, 弃邪归正",,,,,0,0,,,
a change of scene,,,改换环境,,,,,0,0,,,
a change purse,,,装零钱的钱包,,,,,0,0,,,
a chapter of accidents,,,接踵而来的灾祸,,,,,0,0,,,
a chest of drawers,,,五屉橱,,,,,0,0,,,
a cheval,a ʃә'val,,"在马上, 跨",,,,,0,0,,,
a child of fortune,,,幸运儿,,,,,0,0,,,
a child of nature,,,天真的人,,,,,0,0,,,
a child of sb.'s loins,,,某人生的孩子,,,,,0,0,,,
a child of the soil,,,"农民的孩子,农民,本地出生的男子",,,,,0,0,,,
a chime of bells,,,一组编钟,,,,,0,0,,,
a chip in porridge,,,无关紧要之物,,,,,0,0,,,
a chip of the old block,,,举止酷似父亲的孩子,,,,,0,0,,,
a chip off the old block,ə tʃip ɔf ðə əuld blɔk,, 相貌[脾气]和父母一样的孩子（多指男孩）,,,,,0,0,,,
a choice of,,,各种各样可供选择的…,,,,,0,0,,,
a chose in possession,,,占有物,,,,,0,0,,,
a circular letter,,,通知,,,,,0,0,,,
a city in blackout disguise,,,实行灯火管制的城市,,,,,0,0,,,
a civil year,,,民用年,,,,,0,0,,,
a class,,,[经] 头等,,,,,0,0,,,
a classic allusion,,,典故,,,,,0,0,,,
a clay doll,,,泥娃娃,,,,,0,0,,,
a clean bill of health,,,健康证明书,,,,,0,0,,,
a clean sheet,,,清白的历史,,,,,0,0,,,
a clean sweep of,,,彻底扫除,,,,,0,0,,,
a clear anchorage,,,安全锚地,,,,,0,0,,,
a clergyman's sore throat,,,慢性喉炎,,,,,0,0,,,
a clinging vine,,,惯于依赖男人的女人,,,,,0,0,,,
a close battle,,,肉搏,,,,,0,0,,,
a close call,,,侥幸的脱险,,,,,0,0,,,
a close file,,,"吝啬鬼,小气鬼",,,,,0,0,,,
a close game,,,"比分接近的比赛, 难分胜负的比赛",,,,,0,0,,,
a close shave,,,"剃光头发, 侥幸的脱险",,,,,0,0,,,
a close thing,,,侥幸的脱险,,,,,0,0,,,
a closed book,,,"看不懂的书,天书,专业书",,,,,0,0,,,
a closing quotation,,,"收市行情,收盘",,,,,0,0,,,
a cloth of exquisite fabric,,,织工精美的布料,,,,,0,0,,,
a cluster of,,,"一簇,一丛,一群",,,,,0,0,,,
a coat of,,,一层,,,,,0,0,,,
a coat of arms,,,盾形纹章,,,,,0,0,,,
a cock of the loft,,,在小地方称王的人,,,,,0,0,,,
a cock of the walk,,,称王称霸的人,,,,,0,0,,,
a coffee mill,,,咖啡研磨机,,,,,0,0,,,
a cold cook,,,做殡仪馆生意的人,,,,,0,0,,,
a cold snap,,,"寒冷天气,寒潮",,,,,0,0,,,
a cold span,,,寒潮,,,,,0,0,,,
a cold spell,,,"寒冷气候,寒潮",,,,,0,0,,,
a collection of,,,"一批,一组",,,,,0,0,,,
a collection of china,,,一套瓷器,,,,,0,0,,,
a colony of,,,一群,,,,,0,0,,,
a coming man,,,"后来者,后起之秀,前途无量者",,,,,0,0,,,
a command post,,,指挥所,,,,,0,0,,,
a common scold,,,泼妇,,,,,0,0,,,
a common soldier,,,"列兵, 二等兵",,,,,0,0,,,
a common year,,,平年,,,,,0,0,,,
a communication net,,,"电信网,通讯网络",,,,,0,0,,,
a compelling figure,,,引人注目的人物,,,,,0,0,,,
a complimentary ticket,,,赠券,,,,,0,0,,,
a conceited pup,,,傲慢的小青年,,,,,0,0,,,
a conglomerate of,,,"一团,一群,一伙",,,,,0,0,,,
a considerable amount of,,,"相当多的,相当大量的…",,,,,0,0,,,
a conspiracy of silence,,,保持缄默的密约,,,,,0,0,,,
a convenient memory,,,只记住对自己有利的事,,,,,0,0,,,
a cooked goose,,,不可救药的人或物,,,,,0,0,,,
a cool hundred,,,百镑巨款,,,,,0,0,,,
a coon's age,,,极长的一段时间,,,,,0,0,,,
a copper captain,,,冒充有地位的人,,,,,0,0,,,
a copy desk,,,编辑部,,,,,0,0,,,
a corporate body,,,法人团体,,,,,0,0,,,
a cotton zone,,,产棉区,,,,,0,0,,,
a counsel of perfection,,,"要别人十全十美的要求, 达不到的理想",,,,,0,0,,,
a country mile,,,"很长的距离,极遥远",,,,,0,0,,,
a couple,,,一对夫妇；夫妻俩,,,1,,0,0,,,
a couple of,,,"一对..., 三两个...",,,,,0,0,,,
a couple of days,,,一两天,,,,,0,0,,,
a course of exchange,,,兑换率,,,,,0,0,,,
a covenant of salt,,,不可背弃的盟约,,,,,0,0,,,
a cow in calf,,,怀孕的母牛,,,,,0,0,,,
a crapella,,"Singing out loud while listening to music with your headphones on.  Whereas the singer gets the benefit of the music, those unfortunate to be standing nearby are subjected to an unaccompanied (and invariably crappy) rendition of the song.\n> ""I wish that guy would turn his iPod off - his a crapella version of Bohemian Rhapsody is killing me""\n",,,,,,0,0,,,
a crop of,,,"一批,一群,一大堆",,,,,0,0,,,
a cross beam,,,大梁,,,,,0,0,,,
a crowd of,,,一群,,,,,0,0,,,
a crowning victory,,,最大的胜利,,,,,0,0,,,
a crying shame,,,莫大的耻辱,,,,,0,0,,,
a cubic yard,,,一立方码,,,,,0,0,,,
a cuckoo in the nest,,,破坏他人家庭幸福的人,,,,,0,0,,,
a cup and saucer,,,一只带託盘的茶杯,,,,,0,0,,,
a cup of,,,一杯…,,,,,0,0,,,
a cup of cold water,,,施舍的象征,,,,,0,0,,,
a current account,,,往来帐,,,,,0,0,,,
a curtain lecture,,,妻子私下对丈夫的训斥,,,,,0,0,,,
a cut above,,,"高于...一等, 胜于",,,,,0,0,,,
a cut below,,,"低于...一等, 次于",,,,,0,0,,,
a cutie pie,,,"可爱的姑娘,情人",,,,,0,0,,,
a dab of,,,"一点,些许,少量",,,,,0,0,,,
a daily newspaper,,,日报,,,,,0,0,,,
a dandy of a boy,,,"漂亮的男孩,翩翩少年",,,,,0,0,,,
a danger zone,,,危险地带,,,,,0,0,,,
a dark horse,,,"黑马, 实力难测的竞争者",,,,,0,0,,,
a daughter of Momus,,,滑稽的人,,,,,0,0,,,
a day before the fair,,,"太早,过早",,,,,0,0,,,
a day off,,,休息日,,,,,0,0,,,
a dead calm,,,死一般的寂静,,,,,0,0,,,
a dead dog,,,废物,,,,,0,0,,,
a dead duck,,,(注定要)完蛋的人,,,,,0,0,,,
a dead frost,,,彻底的失败,,,,,0,0,,,
a dead heat,,,"不分胜负的赛跑,平局,旗鼓相当",,,,,0,0,,,
a dead language,,,死语言,,,,,0,0,,,
a dead lift,,,"人工硬搬, 需要全力以赴的事",,,,,0,0,,,
a dead loss,,,"净亏损,纯亏损;彻底的失败;无名之辈,不中用的人",,,,,0,0,,,
a dead marine,,,空酒瓶,,,,,0,0,,,
a dead pan,,,"毫无表情的人,毫无表情的面孔",,,,,0,0,,,
a dead past,,,已被人们遗忘的往事,,,,,0,0,,,
a dead pigeon,,,束手无策者;瓮中之鳖,,,,,0,0,,,
a dead rabbit,,,"死兔子,不值钱的东西,要不得的东西;暴徒,亡命之徒",,,,,0,0,,,
a dead season,,,淡季,,,,,0,0,,,
a dead secret,,,还未泄露的秘密,,,,,0,0,,,
a dead set,,,敌对态度,,,,,0,0,,,
a dead shot,,,神枪手,,,,,0,0,,,
a dead stop,,,"突然停止,戛然停住",,,,,0,0,,,
a deadly affront,,,莫大的侮辱,,,,,0,0,,,
a deaf nut,,,"无仁的坚果;注定要失败的计划,空想,无用物",,,,,0,0,,,
a death march,,,向着死亡的进军,,,,,0,0,,,
a debt of honour,,,赌债,,,,,0,0,,,
a decade of,,,"十个,十条,十件…",,,,,0,0,,,
a decisive battle,,,决战,,,,,0,0,,,
a declaration of goods bought abroad,,,进口物品报关单,,,,,0,0,,,
a deed of arms,,,"军功,战功",,,,,0,0,,,
a deed of covenant,,,"契据,契约书",,,,,0,0,,,
a deed to the house,,,房契,,,,,0,0,,,
a deep file,,,"骗子,老奸巨滑的人",,,,,0,0,,,
a default in the payment of a loan,,,拖延偿还贷款,,,,,0,0,,,
a demilitarized zone,,,非军事区,,,,,0,0,,,
a demon for work,,,"拼命工作的人,工作狂",,,,,0,0,,,
a desk advisor,,,案头的参考书,,,,,0,0,,,
a dessein,,,[法] 故意,,,,,0,0,,,
a detention jail,,,拘留所,,,,,0,0,,,
a devil of,,,"极端的,可观的,大量的…",,,,,0,0,,,
a devil of a...,,,"讨厌的..., 异常的..., 有趣的...",,,,,0,0,,,
a devil's darning needle,,,蜻蜓,,,,,0,0,,,
a dial telephone,,,"自动电话,程控电话",,,,,0,0,,,
a diamond in the rough,,,"外表粗鲁而实际精明的人,不拘小节者,嘴恶心善者,粗中有细的人",,,,,0,0,,,
a die plate,,,模板,,,,,0,0,,,
A differ from B in...,,,(甲)与(乙)在...方面不同,,,,,0,0,,,
a different kettle of fish,,,"两码事,另一回事",,,,,0,0,,,
a digest of information,,,资料汇编,,,,,0,0,,,
a dime a dozen,,,"多得很,不值钱",,,,,0,0,,,
a dime magazine,,,廉价杂志,,,,,0,0,,,
a dingdong fight,,,"旗鼓相当的战斗,势均力敌的比赛",,,,,0,0,,,
a dirty night,,,雨夜,,,,,0,0,,,
a disciple of Momus,,,爱嘲弄的人,,,,,0,0,,,
a dish of gossip,,,闲谈,,,,,0,0,,,
A disk,,,"[医] A盘, Q盘",,,,,0,0,,,
a disorder of digestive organs,,,消化器官的紊乱,,,,,0,0,,,
a dispatch carrier,,,快件递送员,,,,,0,0,,,
a dispatch rider,,,摩託通讯员,,,,,0,0,,,
a distinction without a difference,,,人为的区别,,,,,0,0,,,
a distinction without difference,,,"名义上的区别,实际上不存在的区别,人为制造的区别",,,,,0,0,,,
a distress sale,,,扣押物的拍卖,,,,,0,0,,,
a divorce mill,,,离婚裁决法庭,,,,,0,0,,,
a dockyard,,,"造船厂, 造般所",,,,,0,0,,,
a dog fight,,,狗打架,,,,,0,0,,,
a dog in the manger,,,占着茅坑不拉屎的人,,,,,0,0,,,
a dog's age,,,好久,,,,,0,0,,,
a dolly bird,,,漂亮的姑娘;时髦的小妞,,,,,0,0,,,
a door plate,,,门牌,,,,,0,0,,,
a dose of,,,"一剂,一服",,,,,0,0,,,
a dose of flattery,,,一番吹捧,,,,,0,0,,,
a downy bird,,,"机灵鬼,精明人",,,,,0,0,,,
a drag race,,,"汽车拉力赛,短程加速赛",,,,,0,0,,,
a drawn battle,,,不分胜负的战斗,,,,,0,0,,,
a drop in the bucket,,,沧海一粟,,,,,0,0,,,
a drop in the ocean,,,"沧海一粟,九牛一毛,微不足道",,,,,0,0,,,
a drop of,,,一滴…,,,,,0,0,,,
a drop quiz,,,突击测验,,,,,0,0,,,
a drove of deer,,,一群鹿,,,,,0,0,,,
a drug on the market,,,滞销商品,,,,,0,0,,,
a drumming in the ears,,,耳鸣,,,,,0,0,,,
a drunken sailor,,,酒醉的士兵,,,,,0,0,,,
a dry eye,,,不哭的人,,,,,0,0,,,
a due,,,[网络] 两人；阿弗雷多与薇奥蕾塔,,,,,0,0,,,
a Dutch auction,,,喊价渐低的拍卖,,,,,0,0,,,
a Dutch feast,,,主人先醉的酒宴,,,,,0,0,,,
a duty call,,,礼节上的访问,,,,,0,0,,,
a face as long as a fiddle,,,阴郁的脸色,,,,,0,0,,,
a fair field,,,"公平的比赛,公平竞争;公平的机会",,,,,0,0,,,
a fair field and no favor,,,平等的比赛条件,,,,,0,0,,,
a fair shake,,,公平交易,,,,,0,0,,,
a fair treat,,,"引人注目的人或事,令人满意的人或物;款待,公正对待",,,,,0,0,,,
a false step,,,"失足,失策,失算,错误一步",,,,,0,0,,,
a family skeleton,,,家丑,,,,,0,0,,,
a famous brand,,,"名牌,名牌商标",,,,,0,0,,,
a famous performance,,,"精彩的表演,出色的表演",,,,,0,0,,,
a fancy cake,,,花色蛋糕,,,,,0,0,,,
a fancy dress ball,,,化妆舞会,,,,,0,0,,,
a fancy fair,,,小商品交易会,,,,,0,0,,,
a far cry,,,"遥远的距离, 大不相同的东西",,,,,0,0,,,
a far cry from,,,离…很远的路程;与…大不相同,,,,,0,0,,,
a far fetch,,,一段远距离,,,,,0,0,,,
a fast liver,,,生活放荡不羁者,,,,,0,0,,,
a fat cat,,,"有钱有势者,大亨,大款",,,,,0,0,,,
a fat chance,,,微小的机会,,,,,0,0,,,
a fat lot,,,很少,,,,,0,0,,,
a fat lot of,,,"不, 毫不",,,,,0,0,,,
a fatal blow,,,致命的打击,,,,,0,0,,,
a fatal disease,,,不治之症,,,,,0,0,,,
a fault on the right side,,,"塞翁失马,因祸得福",,,,,0,0,,,
a favorable reception,,,"好评,欢迎",,,,,0,0,,,
a favourite son,,,宠儿,,,,,0,0,,,
a feast for the gods,,,极精美的食物,,,,,0,0,,,
a feast of reason,,,"妙趣横生的谈话,谈吐风雅",,,,,0,0,,,
a feast of reason and a flow of soul,,,有益的谈话,,,,,0,0,,,
a feather in one's cap,,,"可夸耀的事, 卓越的成就",,,,,0,0,,,
a feeding storm,,,越来越厉害的暴风雨,,,,,0,0,,,
a fellow national,,,同胞,,,,,0,0,,,
a female domestic,,,女佣人,,,,,0,0,,,
a fencing ken,,,窝藏赃物的场所,,,,,0,0,,,
a few,,,"几个, 少数, 一些",,,1,,0,0,,,
a few of,,,"少数, 几个,一些",,,,,0,0,,,
a few sticks of furniture,,,几件简陋的家具,,,,,0,0,,,
A fibers,,,[医] A类纤维(神经),,,,,0,0,,,
a field army,,,野战军,,,,,0,0,,,
a field of honour,,,"决斗场, 战场",,,,,0,0,,,
a fierce battle,,,激战,,,,,0,0,,,
A fig for this,,,这算什么?这算不了什么!,,,,,0,0,,,
a fill of tobacco,,,"一袋烟,一烟斗的烟丝",,,,,0,0,,,
a financial man,,,"财政家,金融家",,,,,0,0,,,
a financial member,,,普通会员,,,,,0,0,,,
a fine day for young ducks,,,雨天,,,,,0,0,,,
a finger on the wall,,,灾难的预兆,,,,,0,0,,,
a finish fight,,,"决斗,背水一战",,,,,0,0,,,
a finishing stroke,,,"最后致命的一击, 最后的一笔",,,,,0,0,,,
a fire suppressant,,,灭火剂,,,,,0,0,,,
a fit of rage,,,"一阵怒火,一阵发作",,,,,0,0,,,
a fit of remorse,,,一阵后悔,,,,,0,0,,,
a fit of temper,,,一阵脾气,,,,,0,0,,,
a flash in the pan,,,昙花一现,,,,,0,0,,,
a flash of hope,,,"一线希望,一闪而过的希望",,,,,0,0,,,
a flash of wit,,,灵机一动,,,,,0,0,,,
a flat tire,,,爆气的车胎,,,,,0,0,,,
a flea in one's ear,,,"讥讽, 尖刻的话",,,,,0,0,,,
a fleeting show,,,瞬间即逝的景象,,,,,0,0,,,
a flicker of hope,,,"一线希望,一闪而过的希望,飘忽不定的希望",,,,,0,0,,,
a flight of stairs,,,一段楼梯,,,,,0,0,,,
a flock of,,,一群,,,,,0,0,,,
a flood of,,,"一大片,一大批",,,,,0,0,,,
a flood of people,,,"人山人海,潮水般的人群",,,,,0,0,,,
a flood of words,,,滔滔不绝的言辞,,,,,0,0,,,
a floor under wages,,,最低工资标准,,,,,0,0,,,
a flourish of trumpets,,,大肆宣扬,,,,,0,0,,,
a fly in amber,,,保存得好的珍贵遗物,,,,,0,0,,,
a fly in the ointment,,,美中不足之处,,,,,0,0,,,
a fly on the wheel,,,自高自大的人,,,,,0,0,,,
a flying visit,,,"匆忙的访问, 短时间参观",,,,,0,0,,,
a fond,ɑ:'fɒŋ,,"彻底地, 安全地",,,,,0,0,,,
a fool's errand,,,徒劳的任务,,,,,0,0,,,
a fool's paradise,,,黄粱美梦,,,,,0,0,,,
a football pro,,,n. 一个职业足球运动员,,,,,0,0,,,
a forecast zone,,,(气象)预报地带,,,,,0,0,,,
a foregone conclusion,,,预料中必然的结局,,,,,0,0,,,
a forest of masts,,,桅桿林立,,,,,0,0,,,
a forlorn hope,,,"极微的希望, 孤注一掷的举动, 敢死队",,,,,0,0,,,
a form of address,,,称呼,,,,,0,0,,,
a format,,,[电] A格式,,,,,0,0,,,
a fortiori,ei fɔ:ti'ɔ:rai, With stronger reason.,更加,,,,,0,0,,,
a foul berth,,,恶劣的停泊地,,,,,0,0,,,
a fraction of,,,一小部分的,,,,,0,0,,,
a free fight,,,混战,,,,,0,0,,,
a free hand,,,放手处理的权利,,,,,0,0,,,
a free list,,,"免税商品表,免费入场观众名单",,,,,0,0,,,
a free wind,,,顺风,,,,,0,0,,,
a French window,,,"落地式门窗,落地式长窗",,,,,0,0,,,
a friend in court,,,有势力的朋友,,,,,0,0,,,
A friend in need is a friend in deed,,,"患难中的朋友才是真正的朋友;患难识知己,雪中送炭真君子",,,,,0,0,,,
a friend of yours,,,你的一位朋友,,,,,0,0,,,
a frog in the throat,,,轻度喉哑,,,,,0,0,,,
a front yard,,,前院,,,,,0,0,,,
a fruit of sb.'s loins,,,某人的孩子,,,,,0,0,,,
a fruit pie,,,水果馅饼,,,,,0,0,,,
a full general,,,四星上将,,,,,0,0,,,
a full team,,,"有特别才能的人,身怀绝技者",,,,,0,0,,,
a fund of,,,"丰富的,大量的,富于…",,,,,0,0,,,
a future life,,,来生,,,,,0,0,,,
a galaxy of,,,一群,,,,,0,0,,,
a gallery hit,,,卖弄技巧的表演,,,,,0,0,,,
a gallery shot,,,卖弄技巧的表演,,,,,0,0,,,
a gallery stroke,,,卖弄技巧的表演,,,,,0,0,,,
a gambling hell,,,赌窟,,,,,0,0,,,
a game not worth the candle,,,不值得做的事,,,,,0,0,,,
a game of,,,"一场,一盘,一局",,,,,0,0,,,
a game of chance,,,靠碰运气取胜的游戏,,,,,0,0,,,
a game of skill,,,靠技能的游戏,,,,,0,0,,,
a game preserve,,,猎物保护区,,,,,0,0,,,
a gang of,,,"一伙,一帮,一群",,,,,0,0,,,
a gaol bird,,,"囚犯,惯犯,恶棍,无赖",,,,,0,0,,,
a gas leak,,,煤气洩漏,,,,,0,0,,,
a gay bird,,,"快乐鸟,乐天派,寻欢作乐者",,,,,0,0,,,
a general election,,,普选,,,,,0,0,,,
a general outline,,,大纲,,,,,0,0,,,
a general reader,,,一般读者,,,,,0,0,,,
a general strike,,,总罢工,,,,,0,0,,,
a general thing,,,惯例,,,,,0,0,,,
a general war,,,全面战争,,,,,0,0,,,
a general's battle,,,战略战术的较量,,,,,0,0,,,
a gentleman at large,,,"有闲阶级的人, 无职业者",,,,,0,0,,,
a gentleman of fortune,,,冒险家,,,,,0,0,,,
a gentleman of the pad,,,"拦路行劫者,响马大盗",,,,,0,0,,,
a gentleman of the press,,,新闻记者,,,,,0,0,,,
a gentleman's agreement,,,君子协定,,,,,0,0,,,
a gentleman's gentleman,,,男仆,,,,,0,0,,,
a ghostly director,,,听忏悔的神父,,,,,0,0,,,
a ghostly father,,,听忏悔的神父,,,,,0,0,,,
a gift of nature,,,天赋,,,,,0,0,,,
a girl of the street,,,"街头女郎,妓女,娼妓",,,,,0,0,,,
a gleam of...,,,"一线..., 一丝...",,,,,0,0,,,
a glorious yet difficult task,,,一项光荣而艰巨的任务,,,,,0,0,,,
a go-go,,,"a. 摇摆舞的, 无节制的, 乱窜的, 活跃的, 最时髦的",,,,,0,0,,,
a gogo,,, 大量的,,,,,0,0,,,
a golden apple,,,"金苹果;西红柿,番茄",,,,,0,0,,,
a gone case,,,不可救药的人,,,,,0,0,,,
a gone coon,,,没有希望的人,,,,,0,0,,,
a gone feeling,,,飘飘然发晕的感觉,,,,,0,0,,,
a good,,,"相当,足足",,,,,0,0,,,
A good anvil fears no hammer,,,"好砧不怕鎚,真金不怕火",,,,,0,0,,,
A good appetite is a good sauce,,,饥不择食,,,,,0,0,,,
a good bargain,,,便宜货;合算的买卖,,,,,0,0,,,
a good berth,,,"良好的停泊地;好差事,好工作",,,,,0,0,,,
a good deal,ə ɡud di:l,, 许多,,,,,0,0,,,
a good deal of,,,很多的,,,,,0,0,,,
a good egg,,,好人,,,,,0,0,,,
a good few,,,相当多,,,,,0,0,,,
a good job,,,幸运事,,,,,0,0,,,
a good keeper,,,耐藏的物品,,,,,0,0,,,
a good lawyer,,,懂法的人,,,,,0,0,,,
a good layer,,,生蛋多的鸡,,,,,0,0,,,
a good life,,,"道德的生活, 活得到平均寿命的人, 好的生活",,,,,0,0,,,
a good lot,,,"大量, 很, 非常",,,,,0,0,,,
a good manager,,,"会当家的人,操持有方者",,,,,0,0,,,
a good many,,,很多,,,,,0,0,,,
a good onion,,,"讨人喜欢的人,好小子",,,,,0,0,,,
a good patch,,,"走运的时期,成功的时期",,,,,0,0,,,
a good pitch,,,"好球,投得好!",,,,,0,0,,,
a good shot,,,神枪手;猜得准,,,,,0,0,,,
a good sort,,,好人,,,,,0,0,,,
a good sort of body,,,好人,,,,,0,0,,,
a good supply of,,,供应充足的…,,,,,0,0,,,
a good time,,,一段美好时光,,,,,0,0,,,
a good turn,,,有利的举动,,,,,0,0,,,
a good while,,,"好些时候,很长时间",,,,,0,0,,,
a goodwill visit,,,友好访问,,,,,0,0,,,
a Gordian knot,,,"棘手的问题, 难解的结, 关键",,,,,0,0,,,
a grade,,,[经] 甲级,,,,,0,0,,,
a grain of,,,"一粒…,一颗…",,,,,0,0,,,
a grain of mustard seed,,,有极大发展前途的小东西,,,,,0,0,,,
a grain of salt,,,"一颗盐,一粒盐;打折扣,不全信",,,,,0,0,,,
a grand,,,[经] 一千美元,,,,,0,0,,,
a grand total,,,"总计,累计",,,,,0,0,,,
a grant in aid,,,"补助金,助学金",,,,,0,0,,,
a grease monkey,,,"汽车修理工,机械师",,,,,0,0,,,
a greasy grind,,,埋头苦读的学生,,,,,0,0,,,
a great deal,,,大量,,,,,0,0,,,
a great deal of,,,很多的,,,,,0,0,,,
a great diversity of...,,,多种多样的...,,,,,0,0,,,
a great gulf fixed,,,鸿沟,,,,,0,0,,,
a great lot,,,大量,,,,,0,0,,,
a great many,,,许许多多,,,,,0,0,,,
a great number of,,,许多,,,,,0,0,,,
a great quantity,,,大量,,,,,0,0,,,
a great swell,,,"大人物,头面人物",,,,,0,0,,,
a great volume of,,,大量的…,,,,,0,0,,,
a great volume of sound,,,一阵风,,,,,0,0,,,
a Greek gift,,,图谋害人的礼物,,,,,0,0,,,
a green grave,,,新坟,,,,,0,0,,,
a grey mare,,,胜过丈夫的妻子,,,,,0,0,,,
a gross medley of...,,,...的大杂烩,,,,,0,0,,,
a group army,,,集团军,,,,,0,0,,,
a group of,,,"一组,一队,一群,一伙,一批…",,,,,0,0,,,
a guerrilla area,,,游击区,,,,,0,0,,,
a guerrilla zone,,,游击区,,,,,0,0,,,
a hack of a lot of,,,好多好多…,,,,,0,0,,,
a hail of blows,,,"一阵打击,雨点般的拳头",,,,,0,0,,,
a hair to make a tether of,,,"小题大作,大惊小怪,兴风作浪",,,,,0,0,,,
a hand of banana,,,一串香蕉,,,,,0,0,,,
a hand of bananas,,,一串香蕉,,,,,0,0,,,
a handful of,,,"一小撮,少数",,,,,0,0,,,
a handsome sum of money,,,可观的一大笔款子,,,,,0,0,,,
a hanging matter,,,要处绞刑的案件,,,,,0,0,,,
a harbour of refuge,,,避风港,,,,,0,0,,,
a hard case,,,"不可救药的人, 难对付的人",,,,,0,0,,,
a hard dose to swallow,,,"一帖难咽的苦药,难以接受的事实",,,,,0,0,,,
a hard hit,,,"沉重的打击,破产;热恋,坠入情网",,,,,0,0,,,
a hard nut to crack,,,棘手的问题,,,,,0,0,,,
a hard row to hoe,,,乏味的工作,,,,,0,0,,,
a hatchet man,,,"雇用的刺客,打手,爪牙,走狗",,,,,0,0,,,
a haze of doubt,,,一块疑团,,,,,0,0,,,
a head,ei hed,, 一捆；一束；一头；一棵,,,,,0,0,,,
a head of cattle,,,一头牛,,,,,0,0,,,
a health resort,,,疗养胜地,,,,,0,0,,,
a healthful diet,,,营养餐,,,,,0,0,,,
a heap of,,,"一大堆,许多…",,,,,0,0,,,
a hearing aid,,,助听器,,,,,0,0,,,
a heart attack,,,心脏病发作,,,,,0,0,,,
a heart of gold,,,道德高尚的人,,,,,0,0,,,
a heart of granite,,,铁石心肠,,,,,0,0,,,
a heart of oak,,,果断的人,,,,,0,0,,,
a heart of steel,,,"铁石心肠,冷酷的心",,,,,0,0,,,
a hearty meal,,,丰盛的一餐,,,,,0,0,,,
a heat of steel,,,一炉钢,,,,,0,0,,,
a heavy course load,,,繁重的课程负担,,,,,0,0,,,
a heavy date,,,重要的约会,,,,,0,0,,,
a heavy purse,,,富裕,,,,,0,0,,,
a heavy swell,,,"穿着入时的人,穿着时髦的人",,,,,0,0,,,
a hell of,,,"极度的,糟透了的,好极了的…",,,,,0,0,,,
a hell of a mess,,,一塌糊涂,,,,,0,0,,,
a hell of a...,,,"极度的, 难以容忍的, 糟糕的, 极好的",,,,,0,0,,,
a hemisphere of special knowledge,,,专业知识的范围,,,,,0,0,,,
a hen on,,,图谋,,,,,0,0,,,
a herd of,,,一群,,,,,0,0,,,
a herd of cattle,,,一群牛,,,,,0,0,,,
a high pitch of excitement,,,极度的兴奋,,,,,0,0,,,
a highbred magazine,,,"高级趣味杂志, 上流社会看的杂志",,,,,0,0,,,
a hill of beans,,,"少量, 小事",,,,,0,0,,,
a hint of,,,"一点…,一丝…",,,,,0,0,,,
a hit at sb,,,对某人的讽刺,,,,,0,0,,,
a hive of activity,,,一片繁忙,,,,,0,0,,,
a hog in armour,,,举止笨拙的人,,,,,0,0,,,
a holy terror,,,"可怕的人,讨厌的家伙",,,,,0,0,,,
a home from home,,,象家里一样舒适的环境,,,,,0,0,,,
a home thrust,,,正中要害的一击,,,,,0,0,,,
a home truth,,,"老生常谈, 令人难堪的事实, 逆耳的老实话",,,,,0,0,,,
A horizon,,,"A层（腐殖堆积层, 等于淋溶层）",,,,,0,0,,,
a horizontal line,,,水平线,,,,,0,0,,,
a horn of plenty,,,富饶的象征,,,,,0,0,,,
a horse of another colour,,,完全另一回事,,,,,0,0,,,
a horse on sb.,,,针对某人的恶作剧,,,,,0,0,,,
a host of,,,"许多,一大群",,,,,0,0,,,
a hot lead,,,极好的线索,,,,,0,0,,,
a hot number,,,"热门货, 感情热烈的女子",,,,,0,0,,,
a hot potato,,,棘手的问题,,,,,0,0,,,
a hot time,,,"紧张时刻,难熬的日子",,,,,0,0,,,
a house of call,,,"零工待雇处, 常去的场所",,,,,0,0,,,
a house of cards,,,"纸牌做的房子, 不牢靠的计划",,,,,0,0,,,
a house of correction,,,教养院,,,,,0,0,,,
a house of detention,,,拘留所,,,,,0,0,,,
a house of God,,,教堂,,,,,0,0,,,
a house of ill fame,,,妓院,,,,,0,0,,,
a house of prayer,,,教堂,,,,,0,0,,,
a house of refuge,,,难民收容所,,,,,0,0,,,
a household word,,,人人皆知的词语,,,,,0,0,,,
a hue and cry,,,"通辑令, 叫喊声, 喊捉声, 喧哗",,,,,0,0,,,
a huis clos,ɑ:'wi:'klәu,,"[法]秘密地, 私下",,,,,0,0,,,
a human failing,,,人类的弱点,,,,,0,0,,,
a hundred and one,,,许多,,,,,0,0,,,
a hundred percent,,,"百分之百, 完全",,,,,0,0,,,
a hundred times,ei ˈhʌndrəd taɪmz,, 百倍,,,,,0,0,,,
A ignore B gate,,,[计] 与B无关的A门,,,,,0,0,,,
A is acccompanied by B,,,"(甲)伴有(乙), (甲)引起(乙)",,,,,0,0,,,
A is meant by B,,,(乙)的意思是(甲),,,,,0,0,,,
A is meant for B,,,(甲)是为(乙)作准备的,,,,,0,0,,,
A is used as B,,,甲被用作乙,,,,,0,0,,,
a Jack in office,,,自命不凡的小官,,,,,0,0,,,
a Jack of both side,,,骑墙派,,,,,0,0,,,
a Jack of straw,,,稻草人,,,,,0,0,,,
a jazz hound,,,舞迷,,,,,0,0,,,
a job interview,,,招工面试,,,,,0,0,,,
a job lot,,,整批买卖的杂货,,,,,0,0,,,
a jolly dog,,,快活的人,,,,,0,0,,,
a Judas kiss,,,"口蜜腹剑, 阴险的背叛",,,,,0,0,,,
a keeper of his words,,,说话算数的人,,,,,0,0,,,
a Kempis,,,[网络] 凯美人,,,,,0,0,,,
a kick in one's gallop,,,异想天开,,,,,0,0,,,
a kick in the pants,,,"意想不到的斥责,重大挫折",,,,,0,0,,,
a kick in the teeth,,,突然的挫折,,,,,0,0,,,
a kind of,,,"一种,一类",,,,,0,0,,,
a king's ransom,,,一笔巨款,,,,,0,0,,,
a knack of trade,,,"经商之道,行业诀窍",,,,,0,0,,,
a knight in shining armor,,,"力挽狂澜的人,白马王子",,,,,0,0,,,
a knight in shining armour,,,"力挽狂澜的完美人物,白马王子",,,,,0,0,,,
a knight of the brush,,,美术家,,,,,0,0,,,
a knight of the hammer,,,铁匠,,,,,0,0,,,
a knight of the pen,,,文人,,,,,0,0,,,
a knight of the road,,,"流动推销员, 流浪汉",,,,,0,0,,,
a knowing card,,,精明者,,,,,0,0,,,
a la,,,.....型式的,,,,,0,0,,,
a la carte,ɑ: lɑ: 'kɑ:t,,a. 按菜单点菜的\nadv. 按菜单点菜,,,,,0,0,,,
a la king,,,用含有青椒的,,,,,0,0,,,
a la mode,ɑ: lɑ: 'mәjd,,"a. 流行的, 时髦的, 加冰淇淋的",,,,,0,0,,,
a labor of love,,,"爱做的事,出自喜爱而做的事",,,,,0,0,,,
a labour of love,,,爱做的事,,,,,0,0,,,
a lace border,,,花边,,,,,0,0,,,
a lack of,,, 缺乏，缺少,,,,,0,0,,,
a lady by birth,,,出身名门的贵妇人,,,,,0,0,,,
a lady of easy virtue,,,放荡的女人,,,,,0,0,,,
a lame apology,,,"站不住脚的辩解,漏洞百出的借口",,,,,0,0,,,
a land battle,,,陆战,,,,,0,0,,,
a land flowing with milk and honey,,,鱼米之乡,,,,,0,0,,,
a lantern jaw,,,"尖下巴,瘦削的脸孔",,,,,0,0,,,
a large amount of,,,大量的,,,,,0,0,,,
a large ballot,,,很多的选票,,,,,0,0,,,
a large body of,,,"一大堆,许多…",,,,,0,0,,,
a large body of facts,,,一大堆数据,,,,,0,0,,,
a large number of,,,"大量的..., 许多...",,,,,0,0,,,
a large per cent of,,,"很大一部分的,大部分…",,,,,0,0,,,
a large proportion of,,,大部分的…,,,,,0,0,,,
a large quantity of,,,大量...,,,,,0,0,,,
a large variety of,,,"各种各样的..., 种种...",,,,,0,0,,,
a large yield of wheat,,,小麦的丰收,,,,,0,0,,,
a launching pad,,,导弹发射台,,,,,0,0,,,
a law maker,,,"立法者,立法机构",,,,,0,0,,,
a law unto oneself,,,独断专行者,,,,,0,0,,,
a lawn party,,,游园会,,,,,0,0,,,
a lay figure,,,"人体模型,模特儿;傀儡",,,,,0,0,,,
a lay man,,,"俗人,门外汉,外行",,,,,0,0,,,
a layer of,,,一层…,,,,,0,0,,,
a leading article,,,社论,,,,,0,0,,,
a leading card,,,"先例, 榜样",,,,,0,0,,,
a leak of information,,,情报的洩漏,,,,,0,0,,,
a leap in the dark,,,冒险的行动,,,,,0,0,,,
a leap year,,,闰年,,,,,0,0,,,
a lease of life,,,寿命,,,,,0,0,,,
a leash of days,,,一连三天,,,,,0,0,,,
a legal year,,,法定年,,,,,0,0,,,
a length of,,,一段,,,,,0,0,,,
a letter of sympathy,,,慰问信,,,,,0,0,,,
A level,,,n. 英国GCE考试甲级标准,,2,,,0,0,,,
a lie of whole cloth,,,十足的谎言,,,,,0,0,,,
a lieutenant general,,,陆军中将,,,,,0,0,,,
a life peer,,,终身担任的上院议员,,,,,0,0,,,
a light hand,,,熟练(的手艺),,,,,0,0,,,
a light purse,,,贫困,,,,,0,0,,,
a limb of the devil,,,顽童,,,,,0,0,,,
a line of,,,"一行,一列,一排",,,,,0,0,,,
a line of least resistance,,,"阻力最小的方向, 最容易的途径",,,,,0,0,,,
a lion in the way,,,拦路虎,,,,,0,0,,,
a liquidation sale,,,清仓拍卖,,,,,0,0,,,
a litter of pigs,,,一窝猪仔,,,,,0,0,,,
a little,,,"一些, 一点点, 一点儿, 稍微, 些许",,,1,,0,0,,,
A little bird told me,,,"有人私下告诉我,我听说",,,,,0,0,,,
a little bit,,,"有点,些许",,,,,0,0,,,
a little eternity,,,一段很长的时间,,,,,0,0,,,
a little now and a little then,,,"间断地,断断续续地",,,,,0,0,,,
a little rift within the lute,,,"最初的分歧,发疯的预兆",,,,,0,0,,,
a little tin god,,,自命不凡的人,,,,,0,0,,,
a little too thick,,,"太过分, 过度",,,,,0,0,,,
a little while,,,"一会儿,短时间",,,,,0,0,,,
a little while ago,,,方才,,,,,0,0,,,
a live programme,,,"实况转播的节目,现场直播",,,,,0,0,,,
a live wire,,,"通电电线, 有活力的人",,,,,0,0,,,
a living copy of the past,,,"依然如故,照旧",,,,,0,0,,,
a living hell,,,人间地狱,,,,,0,0,,,
a load of,,,"大量, 许多",,,,,0,0,,,
a loading area,,,装卸区,,,,,0,0,,,
a loaf of bread,,,一个面包,,,,,0,0,,,
a loan on security,,,担保贷款,,,,,0,0,,,
a local speciality,,,地方特产,,,,,0,0,,,
a lone wolf,,,不喜欢与人来往的人,,,,,0,0,,,
a long dozen,,,十三个,,,,,0,0,,,
a long shot,,,不大会成功的尝试,,,,,0,0,,,
a long shot gamble,,,孤注一掷,,,,,0,0,,,
a long time ago,,,很久以前,,,,,0,0,,,
a long way from,,,距离…遥远,,,,,0,0,,,
a long while ago,,,很长时间以前,,,,,0,0,,,
a long word,,,很长的时间,,,,,0,0,,,
a look of vacancy,,,茫然若失的神情,,,,,0,0,,,
a loose fish,,,放荡不羁者,,,,,0,0,,,
a losing battle,,,"没有希望胜利的战斗,失利的战斗",,,,,0,0,,,
a lost cause,,,已失败的事业;大势已去,,,,,0,0,,,
a lost sheep,,,"迷路的羊, 误入歧途的人",,,,,0,0,,,
a lot,,,"大量, 很, 非常",,,1,,0,0,,,
a lot of,,,许多的,,,,,0,0,,,
a love match,,,爱情结合的婚姻,,,,,0,0,,,
a lucky dip,,,"幸运袋,摸彩袋",,,,,0,0,,,
a lucky dog,,,"幸运儿,走运的家伙",,,,,0,0,,,
a lucky miss,,,侥幸免难,,,,,0,0,,,
a lump in one's throat,,,"喉咙哽住, 哽咽",,,,,0,0,,,
a lump in the throat,,,喉咙哽住,,,,,0,0,,,
a lump of selfishness,,,一个彻头彻尾的自私者,,,,,0,0,,,
a lump sum,,,"[经] 一次总付的金额, 一笔整数",,,,,0,0,,,
a lunar year,,,太阴年,,,,,0,0,,,
a made man,,,"肯定会成功的人,以崭露头脚者",,,,,0,0,,,
a magazine of wisdom,,,智慧的宝库,,,,,0,0,,,
a maiden work,,,处女作,,,,,0,0,,,
a mailed fist,,,"武力威胁,暴力",,,,,0,0,,,
a major general,,,陆军少将,,,,,0,0,,,
a majority of,,,"大部分,大多数",,,,,0,0,,,
a man about town,,,花花公子,,,,,0,0,,,
a man at the desk,,,"办事员,书记员",,,,,0,0,,,
a man born of woman,,,凡人,,,,,0,0,,,
a man in a thousand,,,"百里挑一者,出类拔萃的人",,,,,0,0,,,
a man of ability,,,"能干者,有本事的人",,,,,0,0,,,
a man of application,,,"勤奋工作者,专心致志者",,,,,0,0,,,
a man of Belial,,,"无赖, 堕落者",,,,,0,0,,,
a man of business,,,代理人,,,,,0,0,,,
a man of character,,,"有个性的人,性格坚强者",,,,,0,0,,,
a man of decision,,,"有决断能力的人,果断的人",,,,,0,0,,,
a man of dress,,,衣着讲究的男人,,,,,0,0,,,
a man of eminence,,,"名人,卓越人物",,,,,0,0,,,
a man of family,,,"有家室者,有妻儿老小者;名门子弟",,,,,0,0,,,
a man of fashion,,,"时髦人物,风头人物",,,,,0,0,,,
a man of figure,,,"人物,名人,要人,有声望的人",,,,,0,0,,,
a man of God,,,"圣徒, 牧师",,,,,0,0,,,
a man of great energy,,,精力充沛的人,,,,,0,0,,,
a man of great esteem,,,德高望重者,,,,,0,0,,,
a man of great resources,,,"足智多谋者,老谋深算者",,,,,0,0,,,
a man of high standing,,,"有很高地位,有很高声望的",,,,,0,0,,,
a man of his hands,,,有手艺的人,,,,,0,0,,,
a man of his word,,,"恪守信用者,言之有信者",,,,,0,0,,,
a man of intellectual breadth,,,知识渊博的人,,,,,0,0,,,
a man of iron,,,"意志坚强的人, 严酷的人",,,,,0,0,,,
a man of letters,,,"学者, 作家",,,,,0,0,,,
a man of light and leading,,,"权威人士,有先见之明者",,,,,0,0,,,
a man of mark,,,"名人, 要人",,,,,0,0,,,
a man of means,,,"富人,有钱人,有财产者",,,,,0,0,,,
a man of men,,,"卓越人物,杰出者",,,,,0,0,,,
a man of mettle,,,有勇气的人,,,,,0,0,,,
a man of moods,,,喜怒无常的人,,,,,0,0,,,
a man of mould,,,凡人,,,,,0,0,,,
a man of nerve,,,有胆量的人,,,,,0,0,,,
a man of no fixed abode,,,无固定住所者,,,,,0,0,,,
a man of one's word,,,守信的人,,,,,0,0,,,
a man of parts,,,有才能的人,,,,,0,0,,,
a man of polish,,,文雅人士,,,,,0,0,,,
a man of property,,,有产者,,,,,0,0,,,
a man of renown,,,"名人,知名人士",,,,,0,0,,,
a man of sin,,,罪人,,,,,0,0,,,
a man of straw,,,"稻草人, 假想的对手",,,,,0,0,,,
a man of temperate habits,,,"禀性温和的人,有节制的人",,,,,0,0,,,
a man of the world,,,深通世故的人,,,,,0,0,,,
a man of vision,,,"有眼光的人,有远见的人,高瞻远瞩者",,,,,0,0,,,
a man of wax,,,"模范人物,完人",,,,,0,0,,,
a man of wealth,,,"富人,有钱人",,,,,0,0,,,
a man of zeal,,,热心人,,,,,0,0,,,
a man on horseback,,,军事独裁者,,,,,0,0,,,
a man on top of his work,,,工作出色的人,,,,,0,0,,,
a man with the bark on,,,粗人,,,,,0,0,,,
a man with the broom,,,"想作一番改革者,热心改革的人",,,,,0,0,,,
a man with the muck,,,"到处打听丑闻的人,爱散布流言蜚语的人",,,,,0,0,,,
a marriage of convenience,,,基于利害关系的婚姻,,,,,0,0,,,
a mass of,,,"一块,一团,大量的",,,,,0,0,,,
a master hand,,,"能手,行家里手;大手笔,文学大师",,,,,0,0,,,
a master mind,,,"伟人,杰出人物,思想家",,,,,0,0,,,
a master stroke,,,"妙举,大成,丰功伟绩",,,,,0,0,,,
a mat of hair,,,一簇头发,,,,,0,0,,,
a matron of honour,,,伴娘,,,,,0,0,,,
a matter at issue,,,"有争议的问题,正在争论的问题",,,,,0,0,,,
a matter for wonder,,,惊奇的事情,,,,,0,0,,,
a matter in hand,,,当前的问题,,,,,0,0,,,
a matter of,,,"...左右, ...上下, 只是...的问题而已, 只需, 大约",,,,,0,0,,,
a matter of course,,,理所当然的事,,,,,0,0,,,
a matter of great account,,,一件很重要的事,,,,,0,0,,,
a matter of life and death,,,生死攸关的事,,,,,0,0,,,
a matter of opinion,,,看法不同的问题,,,,,0,0,,,
a matter of record,,,有案可查的事,,,,,0,0,,,
a maximum of,,,"至多,最多",,,,,0,0,,,
a mean fellow,,,"卑鄙的家伙,吝啬鬼",,,,,0,0,,,
a measure of,,,一定程度的,,,,,0,0,,,
a medical man,,,医生,,,,,0,0,,,
a mensa et thoro,," A kind of divorce which does not dissolve the\n   marriage bond, but merely authorizes a separate life of the husband and\n   wife.",[法] 分居,,,,,0,0,,,
a mental case,,,精神病患者,,,,,0,0,,,
a mere apology for...,,,勉强充作...的东西,,,,,0,0,,,
a mere fable,,,纯属无稽之谈,,,,,0,0,,,
a mere pose,,,"纯粹的姿态,仅仅是做出的样子",,,,,0,0,,,
a mere pose for,,,不过是...的伪装,,,,,0,0,,,
a message of greetings,,,"贺电,贺信",,,,,0,0,,,
a message of mourning,,,"唁电,志哀信",,,,,0,0,,,
a middle school in affiliation,,,附属中学,,,,,0,0,,,
a midget radio,,,袖珍收音机,,,,,0,0,,,
a mile,,,一哩,,,,,0,0,,,
a military area,,,军区,,,,,0,0,,,
a million times,,,一百万次,,,,,0,0,,,
a mind reader,,,能猜出别人心思的人,,,,,0,0,,,
a mine layer,,,布雷舰,,,,,0,0,,,
a mine of information,,,知识的宝库,,,,,0,0,,,
a mine yawl,,,布雷快艇,,,,,0,0,,,
a mine zone,,,布雷区,,,,,0,0,,,
a minimum of,,,"至少,最少,最起码",,,,,0,0,,,
a minute,,,一分钟；一会儿,,,,,0,0,,,
a missing person,,,失踪人员,,,,,0,0,,,
a mite of a child,,,小得可怜的孩子,,,,,0,0,,,
a mite on an elephant,,,"大象身上一小虱, 大小悬殊",,,,,0,0,,,
a moment ago,ə ˈməumənt əˈɡəu,, 刚才; 将才,,,,,0,0,,,
a money of account,,,n. 计算货币,,,,,0,0,,,
a Mongolian yurt,,,蒙古包,,,,,0,0,,,
a monkey with a long tail,,,抵押,,,,,0,0,,,
a month of Sundays,,,很久,,,,,0,0,,,
a month or so,,,一个月左右,,,,,0,0,,,
a motor bicycle,,,摩託车,,,,,0,0,,,
a mountain of,,,"山一样的一大堆,大量的…",,,,,0,0,,,
a mountain of flesh,,,高大结实的人,,,,,0,0,,,
a mountain range,,,山脉,,,,,0,0,,,
a mountain recess,,,"丛山深处,山隈",,,,,0,0,,,
a mountain retreat,,,"山庄,世外桃源,香格里拉",,,,,0,0,,,
a mountainous area,,,山区,,,,,0,0,,,
a movie queue,,,等待买电影票的长列,,,,,0,0,,,
a mug of,,,一大杯…,,,,,0,0,,,
a multitude of,,,"大批的,大量的,许许多多的…",,,,,0,0,,,
a mushroom millionaire,,,暴发户,,,,,0,0,,,
a mushroom town,,,新兴城镇,,,,,0,0,,,
a muster of,,,"一群…,一批…,一大堆…",,,,,0,0,,,
a muster of peacocks,,,一群孔雀,,,,,0,0,,,
a name to conjure with,,,威力巨大的名字,,,,,0,0,,,
a narrow escape,,,九死一生,,,,,0,0,,,
a narrow margin of profit,,,薄利,,,,,0,0,,,
a narrow scrape,,,"险些儿陷入困境,差一点倒霉,九死一生,千钧一发",,,,,0,0,,,
a narrow squeak,,,"九死一生的脱险, 勉强的成功",,,,,0,0,,,
a narrow victory,,,"勉强取得的胜利,险胜",,,,,0,0,,,
a nasty one,,,"责骂, 使人一蹶不振的打击",,,,,0,0,,,
a nasty piece of work,,,"阴谋, 下流的家伙",,,,,0,0,,,
a nation of shopkeepers,,,"小店主之国,善于做买卖的民族",,,,,0,0,,,
a natural for sth,,,天生适合做某事的人,,,,,0,0,,,
a natural inference,,,必然的推论,,,,,0,0,,,
a naval battle,,,海战,,,,,0,0,,,
a near escape,,,九死一生,,,,,0,0,,,
a near go,,,极侥幸的逃脱,,,,,0,0,,,
a near miss,,,"侥幸脱险,险些相撞",,,,,0,0,,,
a near thing,,,侥幸的脱险,,,,,0,0,,,
a near touch,,,九死一生,,,,,0,0,,,
a necessary house,,,厕所,,,,,0,0,,,
a negative plate,,,"底片,感光板",,,,,0,0,,,
a negligible quantity,,,可忽略的因素,,,,,0,0,,,
a Negro in petticoats,,,残暴的女人,,,,,0,0,,,
a nest of,,,"一窝…,一套…",,,,,0,0,,,
a network of falsehoods,,,"一大堆谎言,谎话连篇",,,,,0,0,,,
a neutral sort of person,,,"无显着特色的人,平平淡淡的人",,,,,0,0,,,
a new broom,,,新上任的官员,,,,,0,0,,,
A new broom sweeps clean,,,新官上任三把火,,,,,0,0,,,
a new lease of life,,,"富于希望的, 新生",,,,,0,0,,,
a newspaper installment,,,报刊的连载,,,,,0,0,,,
a nice bit of,,,相当多的,,,,,0,0,,,
a nice distinction,,,"细微的区别,微妙的区别",,,,,0,0,,,
a nice ear,,,"敏锐的耳朵,听觉敏锐",,,,,0,0,,,
a nice fit,,,十分合适的人或物,,,,,0,0,,,
a nice shade of meaning,,,意思上的细微区别,,,,,0,0,,,
a nigger in the woodpile,,,隐私,,,,,0,0,,,
a nine days wonder,,,轰动一时后便被忘却的事,,,,,0,0,,,
a nodding acquaintance,,,点头之交,,,,,0,0,,,
a nonce word,,,临时造出来的词,,,,,0,0,,,
a nose of wax,,,"耳朵软的人, 容易塑捏的东西",,,,,0,0,,,
a nose to light candles at,,,酒糟鼻,,,,,0,0,,,
a notch above the others,,,高人一等,,,,,0,0,,,
a nuclear family,,,核心家庭,,,,,0,0,,,
a number of,,,许多的,,,,,0,0,,,
a pack of,,,"一盒,一包;一伙…,一群…",,,,,0,0,,,
a pack of lies,,,连篇的谎言,,,,,0,0,,,
a pack of wolves,,,一群狼,,,,,0,0,,,
a package of,,,一包…,,,,,0,0,,,
a packet of,,,"一盒…,一捆…,一包…",,,,,0,0,,,
a packet of troubles,,,一大堆麻烦事,,,,,0,0,,,
a packet vessel,,,"邮船,班船",,,,,0,0,,,
a packing list,,,装箱单,,,,,0,0,,,
a pad of notes,,,一扎钞票,,,,,0,0,,,
a page boy,,,"侍童,小听差",,,,,0,0,,,
a pail of,,,一桶…,,,,,0,0,,,
a pain in the ass,,,"讨厌的家伙,讨厌的事情",,,,,0,0,,,
a pain in the neck,,,"讨厌的家伙, 可恶的家伙, 使人厌烦的责任, 使人厌烦的义务",,,,,0,0,,,
a painter in oils,,,油画家,,,,,0,0,,,
a pair of,,,"一对..., 一付...",,,,,0,0,,,
a pair of drawers,,,一条衬裤,,,,,0,0,,,
a pair of spectacles,,,一副眼镜,,,,,0,0,,,
a pair of tongs,,,一把钳子,,,,,0,0,,,
a par of exchange,,,"汇兑牌价,外汇平价",,,,,0,0,,,
a paradise for children,,,儿童乐园,,,,,0,0,,,
a part of,ə pɑ:t ɔv,, 部分,,,,,0,0,,,
a particle of,,,"一点点,少量的…",,,,,0,0,,,
a passage of arms,,,"交战, 争论",,,,,0,0,,,
a passed master,,,老手,,,,,0,0,,,
a past master,,,"行家,里手,能工巧匠",,,,,0,0,,,
a pasturing area,,,牧区,,,,,0,0,,,
a pat of butter,,,一小块奶油,,,,,0,0,,,
a pat on the back,,,"鼓励,赞许",,,,,0,0,,,
a patch of,,,"一块,一片",,,,,0,0,,,
a patent fact,,,明显的事实,,,,,0,0,,,
a path strewn with roses,,,安乐的一生,,,,,0,0,,,
a pay raise,,,加薪,,,,,0,0,,,
a peacock in his pride,,,开屏的孔雀,,,,,0,0,,,
a pearl among women,,,巾帼英杰,,,,,0,0,,,
a peck of,,,"很多,大量的",,,,,0,0,,,
a peck of troubles,,,"一大堆困难,很多的烦恼",,,,,0,0,,,
a peg to hang on,,,借口;话题;适当的时机,,,,,0,0,,,
a peg too low,,,"抑郁的,醉醺醺的",,,,,0,0,,,
a penal code,,,刑法,,,,,0,0,,,
a penelope's web,,,永远完成不了的工作,,,,,0,0,,,
a period of,ei ˈpiəriəd ɔv,, 阵子,,,,,0,0,,,
a person of color,,,有色人种的人,,,,,0,0,,,
a petticoat affair,,,桃色事件,,,,,0,0,,,
a piece of,,,"一块..., 一片...",,,,,0,0,,,
a piece of cake,,,轻松的事,,,,,0,0,,,
a piece of china,,,一件瓷器,,,,,0,0,,,
a piece of furniture,,,一件家具,,,,,0,0,,,
a piece of goods,,,人,,,,,0,0,,,
a piece of nasty work,,,"下流卑鄙的家伙,恶棍",,,,,0,0,,,
a piece of news,,,"一条消息,一则新闻",,,,,0,0,,,
a piece of piss,,,"极其容易的工作,和撒尿一样容易的事情",,,,,0,0,,,
a piece of property,,,一项财产,,,,,0,0,,,
a piece of resistance,,,"主要产品,主菜,出类拔萃的人或物",,,,,0,0,,,
a piece of work,,,"一件工作, 难事, 一件作品",,,,,0,0,,,
a pigeon pair,,,龙凤双胞胎,,,,,0,0,,,
a pile of,,,"一堆,一垛…",,,,,0,0,,,
a pile of shit,,,"废话, 胡说, 废物, 卑鄙者",,,,,0,0,,,
a pill to cure an earthquake,,,"n. 软弱的措施,不彻底的办法",,,,,0,0,,,
a pinch of,,,"一小撮…,微量的…",,,,,0,0,,,
a pirate listener,,,"偷听者,窃听者",,,,,0,0,,,
a pirated version,,,"非法翻印的版本,海盗版",,,,,0,0,,,
a piss pot,,,"尿壶,痰盂",,,,,0,0,,,
a pitched battle,,,n. 难分难解的酣战,,,,,0,0,,,
a pity,,,n. 遗憾,,,,,0,0,,,
a place in the sun,,,显要的地位,,,,,0,0,,,
a plain bearing,,,滑动轴承,,,,,0,0,,,
a plan of operations,,,作战计划,,,,,0,0,,,
a play doctor,,,剧本改编者,,,,,0,0,,,
a play on words,,,"双关语,俏皮话",,,,,0,0,,,
a play upon words,,,"双关语, 俏皮话",,,,,0,0,,,
a plenty of,,,大量；许多,,,,,0,0,,,
a plot of,,,一块,,,,,0,0,,,
a pluck of wool,,,拔下的一把羊毛,,,,,0,0,,,
a plume of smoke,,,一缕烟,,,,,0,0,,,
a plump lie,,,"弥天大谎,昭然若揭的谎言",,,,,0,0,,,
a point in dispute,,,"有争议的论点,争端",,,,,0,0,,,
a point of honor,,,与面子有关的事,,,,,0,0,,,
a point of honour,,,为维护脸面必须做的事,,,,,0,0,,,
a point of no return,,,"航线临界点, 只能进不能退的地步",,,,,0,0,,,
a point of safe return,,,n. 安全返航点,,,,,0,0,,,
a point of vantage,,,有利地位,,,,,0,0,,,
a point of view,,,观点,,,,,0,0,,,
a pole brace,,,电桿拉线,,,,,0,0,,,
a political arena,,,n. 政治舞台,,,,,0,0,,,
a poor fish,,,"可怜的家伙,可怜虫",,,,,0,0,,,
a poor snake,,,"穷苦人,做苦力的人",,,,,0,0,,,
a portable radio,,,便携式收音机,,,,,0,0,,,
a portion of,,,"一部分的…;一份,一客",,,,,0,0,,,
a position of eminence,,,显赫的地位,,,,,0,0,,,
a posteriori,," Characterizing that kind of reasoning which derives\n   propositions from the observation of facts, or by generalizations from\n   facts arrives at principles and definitions, or infers causes from\n   effects. This is the reverse of a priori reasoning.\n Applied to knowledge which is based upon or derived\n   from facts through induction or experiment; inductive or empirical.","[计] 后验的, 凭经验的, 归纳的",,,,,0,0,,,
a posteriori estimation,,,[计] 后验估计,,,,,0,0,,,
a pound of flesh,,,合法不合理的事,,,,,0,0,,,
a pound to a penny,,,"十有八九,可能性极大",,,,,0,0,,,
a power of,,,"极大的,很多",,,,,0,0,,,
a power of attorney,,,"n. 委託书,代理权",,,,,0,0,,,
a powre supply,,,[电] A电源,,,,,0,0,,,
A pox on him,,,他该死,,,,,0,0,,,
a practical joke,,,恶作剧,,,,,0,0,,,
a practicing doctor,,,开业医生,,,,,0,0,,,
a preface from the pen of,,,由…代写的序言,,,,,0,0,,,
a prescription against,,,治疗…的药方,,,,,0,0,,,
a press interview,,,记者採访,,,,,0,0,,,
a pretty go,,,"怪事,奇怪",,,,,0,0,,,
a pretty hash,,,"乱七八糟,一团糟",,,,,0,0,,,
a pretty kettle of fish,,,"一团糟,一塌煳涂",,,,,0,0,,,
a pretty mess,,,"一蹋煳涂,乱七八糟",,,,,0,0,,,
a pretty packet,,,一大笔钱,,,,,0,0,,,
a pretty pass,,,困境,,,,,0,0,,,
a pretty penny,,,"一大笔钱,相当可观的一笔钱",,,,,0,0,,,
a price list,,,价目表,,,,,0,0,,,
a priest of Bacchus,,,酒鬼,,,,,0,0,,,
a primary rainbow,,,虹,,,,,0,0,,,
a priori,.eiprai'ɒ:rai," Characterizing that kind of reasoning which deduces\n   consequences from definitions formed, or principles assumed, or which\n   infers effects from causes previously known; deductive or deductively.\n   The reverse of a posteriori.\n Applied to knowledge and conceptions assumed, or\n   presupposed, as prior to experience, in order to make experience\n   rational or possible.","由因及果的, 演绎的, 先验的\n[法] 公理的, 自明的",,,,,0,0,,,
a priori limitation,,,[法] 预定限制,,,,,0,0,,,
a prison bird,,,"囚犯,惯犯",,,,,0,0,,,
a profound sleep,,,n. 酣睡,,,,,0,0,,,
a profusion of,,,"很多,大量",,,,,0,0,,,
a program parade,,,节目预告,,,,,0,0,,,
a protracted struggle,,,"长期斗争,持久战",,,,,0,0,,,
a public figure,,,"知名人士,抛头露面的人物,头面人物",,,,,0,0,,,
a pulp magazine,,,低级趣味的杂志,,,,,0,0,,,
a punch press,,,"冲床,冲孔机,打卡机",,,,,0,0,,,
a punching bag,,,供拳击用的沙袋,,,,,0,0,,,
a put-up job,,,"骗局, 圈套",,,,,0,0,,,
a putty medal,,,小奖赏,,,,,0,0,,,
a quantity of,,,"一些,若干",,,,,0,0,,,
a quarter of,,,四分之一的,,,,,0,0,,,
a queen of hearts,,,美人,,,,,0,0,,,
a queer bird,,,怪人,,,,,0,0,,,
a queer cat,,,怪人,,,,,0,0,,,
a queer fish,,,"疯子,怪人",,,,,0,0,,,
a queue of,,,"一队,一行,一长列…",,,,,0,0,,,
a quiver full of children,,,子女多的大家庭,,,,,0,0,,,
a quorum of athletes,,,一批优秀运动员,,,,,0,0,,,
a racing yacht,,,竞赛用快艇,,,,,0,0,,,
a radio ham,,,无线电业余爱好者,,,,,0,0,,,
a radio telephone,,,无线电话,,,,,0,0,,,
a rag doll,,,布娃娃,,,,,0,0,,,
a ragged school,,,"贫民学校,破烂的校学校",,,,,0,0,,,
a rail advice,,,铁路到货通知书,,,,,0,0,,,
a rail fence,,,"栅栏,篱笆",,,,,0,0,,,
a railway juncture,,,铁路枢纽站,,,,,0,0,,,
a rain check,,,留待天晴补看的票根;延期举行,,,,,0,0,,,
a rain of bullets,,,枪林弹雨,,,,,0,0,,,
a rain of congratulations,,,一连串的祝贺,,,,,0,0,,,
a rainbow of,,,"各种各样的..., 五颜六色的...",,,,,0,0,,,
a rainy day,,,"n. 雨天,穷困时",,,,,0,0,,,
a raise in salary,,,"加薪,加工资",,,,,0,0,,,
a random guess,,,"瞎猜,乱猜",,,,,0,0,,,
a random shot,,,"胡乱的射击,流弹",,,,,0,0,,,
a range of,ə reindʒ ɔv,, 一系列; 一些; 一套,,,,,0,0,,,
a rash advance,,,"鲁莽前进,冒进",,,,,0,0,,,
a rat leaving a sinking ship,,,n. 不能共患难的人,,,,,0,0,,,
a rat race,,,激烈的竞争,,,,,0,0,,,
a rave review,,,大加赞赏的评论,,,,,0,0,,,
a raw beginner,,,缺乏经验的生手,,,,,0,0,,,
a raw brick,,,砖坯,,,,,0,0,,,
a raw deal,,,不公平的对待,,,,,0,0,,,
a raw hand,,,"生手,新兵",,,,,0,0,,,
a ray of,,,"一线…,一丝…,少量…",,,,,0,0,,,
a ray of hope,,,一线希望,,,,,0,0,,,
a ray of truth,,,"一丝真理,有点道理",,,,,0,0,,,
a razor blade,,,刀片,,,,,0,0,,,
a reading list,,,阅读书目,,,,,0,0,,,
a real jam,,,"上等货,难得的享受",,,,,0,0,,,
a real treat,,,"真正的享受,真正快乐的事情",,,,,0,0,,,
a rear area,,,n. 后方,,,,,0,0,,,
a red letter day,,,"节日,假日,大喜日",,,,,0,0,,,
a reel of film,,,一盘影片,,,,,0,0,,,
a regular army,,,n. 正规军,,,,,0,0,,,
a regular banquet,,,豪华的宴会,,,,,0,0,,,
a regular pest,,,十足的坏蛋,,,,,0,0,,,
a regulating dam,,,拦洪坝,,,,,0,0,,,
a regulation game,,,正式比赛,,,,,0,0,,,
a reign of terror,,,恐怖统治,,,,,0,0,,,
a remedy against,,,防治…的药物,,,,,0,0,,,
a reminiscent mood,,,n. 怀旧情绪,,,,,0,0,,,
a remodelled army,,,经过改编的军队,,,,,0,0,,,
a required course,,,必修课,,,,,0,0,,,
a rescue party,,,抢救组,,,,,0,0,,,
a residence zone,,,住宅区,,,,,0,0,,,
a retaining fee,,,n. 律师费,,,,,0,0,,,
a retro,,,[经] 拖欠,,,,,0,0,,,
a rhetorical question,,,反问句,,,,,0,0,,,
a rich cake,,,重油蛋糕,,,,,0,0,,,
a right angle,,,n. 直角,,,,,0,0,,,
a right guy,,,可靠的人,,,,,0,0,,,
a riot of colour,,,"色彩缤纷,争芳斗妍",,,,,0,0,,,
a riot of sound,,,"声音嘈杂,人声鼎沸",,,,,0,0,,,
a road hog,,,"横冲直撞的司机,交通肇事者",,,,,0,0,,,
a roar of anger,,,一阵怒号,,,,,0,0,,,
a roar of laughter,,,一阵哄笑,,,,,0,0,,,
a Roland for an Oliver,,,"势均力敌, 以牙还牙",,,,,0,0,,,
a roll of,,,一卷,,,,,0,0,,,
a roll of film,,,一卷胶卷,,,,,0,0,,,
a roll of honor,,,阵亡将士名单,,,,,0,0,,,
a roll of the dice,,,"掷骰子,碰运气,可能性",,,,,0,0,,,
a roller bearing,,,滚柱轴承,,,,,0,0,,,
a rope of sand,,,"不牢固的结合, 无结果的事",,,,,0,0,,,
a rough diamond,,,"未加工的天然钻石, 外粗内秀之人",,,,,0,0,,,
a round of talks,,,一轮谈判,,,,,0,0,,,
a round of visits,,,一系列的访问;巡回出诊,,,,,0,0,,,
a round peg in a square hole,,,n. 不适宜担当某职务的人,,,,,0,0,,,
a rousing welcome,,,热烈欢迎,,,,,0,0,,,
a row of,,,"一排,一行",,,,,0,0,,,
a rum start,,,惊人的事情,,,,,0,0,,,
a rummage sale,,,"清仓拍卖, 捐赠品义卖",,,,,0,0,,,
a run for one's money,,,"花钱得到的满足, 激烈的竞争",,,,,0,0,,,
a running cold,,,流鼻涕的感冒,,,,,0,0,,,
a running commentary,,,当场连续的评述,,,,,0,0,,,
a running fire,,,"连发, 一连串的批评指责",,,,,0,0,,,
a rural area,,,n. 农村地区,,,,,0,0,,,
a sack of flour,,,一袋面粉,,,,,0,0,,,
a sacred cow,,,"n. 圣牛,神圣之物",,,,,0,0,,,
a sad dog,,,"放荡的人, 鲁莽的人",,,,,0,0,,,
a sad sack,,,"讨厌的女孩;好心办坏事的人,难相处的人",,,,,0,0,,,
a sailing boat,,,帆船,,,,,0,0,,,
a saliing ship,,,大帆船,,,,,0,0,,,
a saucy hat,,,俏丽的帽子,,,,,0,0,,,
a saucy smil,,,慧黠的微笑,,,,,0,0,,,
a savage lion,,,勐狮,,,,,0,0,,,
a saving grace,,,可取之处,,,,,0,0,,,
a score of,,,"二十,几十,许多…",,,,,0,0,,,
a scrap of paper,,,一张废纸,,,,,0,0,,,
a scrap of the pen,,,"大笔一挥,签字",,,,,0,0,,,
a scrape of the pen,,,"签字, 简单手令",,,,,0,0,,,
a scratch of pen,,,n. 签名,,,,,0,0,,,
a scratch of the pen,,,签名,,,,,0,0,,,
a scream of laughter,,,纵声大笑,,,,,0,0,,,
a sea battle,,,n. 海战,,,,,0,0,,,
a sea lawyer,,,鲨鱼;强词夺理的水手;斤斤计较者,,,,,0,0,,,
a sea of faces,,,人山人海,,,,,0,0,,,
a sea of fire,,,一片火海,,,,,0,0,,,
a sea of flames,,,一片火海,,,,,0,0,,,
a sea of troubles,,,无穷的烦恼,,,,,0,0,,,
a sea wolf,,,"海狼,狼鱼;海盗,潜艇",,,,,0,0,,,
a sealed book,,,"天书, 高深莫测的事物",,,,,0,0,,,
a second birth,,,再生,,,,,0,0,,,
a secondary rainbow,,,霓,,,,,0,0,,,
a sense of direction,,,辨别方向的能力,,,,,0,0,,,
a sensible change,,,显着的变化,,,,,0,0,,,
a sentence of lash,,,"鞭刑,笞刑",,,,,0,0,,,
a sequence of,,,"一个…的序列,一系列…",,,,,0,0,,,
a series of,,,"一系列..., 一批...",,,,,0,0,,,
a set of,,,"一组,一套,一副,一批,一连串",,,,,0,0,,,
a set of features,,,"容貌,五官",,,,,0,0,,,
a set of forks,,,一套餐叉,,,,,0,0,,,
a set of furniture,,,一套家具,,,,,0,0,,,
a set phrase,,,"固定短语,固定搭配,词组",,,,,0,0,,,
a shade,,,一点点,,,,,0,0,,,
a shade of,,,"些许,少许的…",,,,,0,0,,,
a shade of difference,,,"细微区别,微小区别",,,,,0,0,,,
a shadow cabinet,,,影子内阁,,,,,0,0,,,
a sham battle,,,n. 军事演习,,,,,0,0,,,
a sham fight,,,"模拟战斗,军事演习",,,,,0,0,,,
a share,,,[经] A种股票,,,,,0,0,,,
a sharp angle,,,n. 锐角,,,,,0,0,,,
a sheer fraud,,,彻头彻尾的骗局,,,,,0,0,,,
a sheet in the wind,,,"略有醉意,微醉",,,,,0,0,,,
a sheet of,,,"一片,一块,一张,一层",,,,,0,0,,,
a shipyard,,,"造船厂, 造般所",,,,,0,0,,,
a shopping list,,,购物单,,,,,0,0,,,
a short cut,,,"近路, 捷径",,,,,0,0,,,
a short shrift,,,"临终忏悔, 临死前的短暂时间",,,,,0,0,,,
a short time,,,一会儿,,,,,0,0,,,
a short while ago,,,方才,,,,,0,0,,,
a shot,,,射击\n开枪\n子弹\n射击手,,,,,0,0,,,
a shot in the arm,,,"兴奋剂,刺激因素",,,,,0,0,,,
a shot in the dark,,,"放黑枪;胡乱的猜测,瞎猜",,,,,0,0,,,
a shot in the locker,,,"备用金, 最后的办法, 最后一颗炮弹",,,,,0,0,,,
a shotgun marriage,,,"怀孕所迫的结婚, 强迫的结合",,,,,0,0,,,
a shoulder to cry on,,,患难时可以依赖的人或安慰,,,,,0,0,,,
a shower of stones,,,雨点般的石头,,,,,0,0,,,
a shy fish,,,"腼腆者,羞羞答答的家伙",,,,,0,0,,,
a sick market,,,萧条的市场,,,,,0,0,,,
a sidereal year,,,恒星年,,,,,0,0,,,
a sight for sore eyes,,,"悦目的景象,令人心旷神怡的景象,受欢迎的人,稀客",,,,,0,0,,,
a sight for the gods,,,"不寻常的东西, 惊人的场面",,,,,0,0,,,
a sightseeing,,,观光旅行,,,,,0,0,,,
a sign manual,,,"亲笔签名,手势",,,,,0,0,,,
a signal of distress,,,遇难信号,,,,,0,0,,,
a silver doctor,,,钓鱼用的假饵,,,,,0,0,,,
a silver tongue,,,流利的口才,,,,,0,0,,,
a simple diet,,,n. 粗茶淡饭,,,,,0,0,,,
a single,,,n. 单一\n[网络] 单可；单一的；单人间吗,,,,,0,0,,,
a single combat,,,n. 两人决斗,,,,,0,0,,,
a single woman,,,"n. 单身女子,老处女",,,,,0,0,,,
a sitting duck,,,易捕获的猎物,,,,,0,0,,,
a sixty-four dollar question,,,"最重要的问题, 最后也是最难的问题",,,,,0,0,,,
a skeleton at the feast,,,令人扫兴的事或人,,,,,0,0,,,
a skeleton in the closet,,,家丑,,,,,0,0,,,
a skeleton in the cupboard,,,家丑,,,,,0,0,,,
a skull and crossbones,,,n. 骷髅旗,,,,,0,0,,,
a slanging match,,,谩骂,,,,,0,0,,,
a slant of wind,,,n. 一阵顺风,,,,,0,0,,,
a slap in the face,,,"耳光, 突然的责备",,,,,0,0,,,
a slap on the back,,,"鼓励,促进,赞扬",,,,,0,0,,,
a slap on the wrist,,,轻微的处罚,,,,,0,0,,,
a slap-bang shop,,,小饭店,,,,,0,0,,,
a sleight of hand,,,"戏法, 魔术, 花招, 熟练的手法",,,,,0,0,,,
a slice of,,,"一片,一小块,一部分",,,,,0,0,,,
a slice of ham,,,一片火腿肉,,,,,0,0,,,
a slice of luck,,,一桩好运气,,,,,0,0,,,
a slip of a boy,,,瘦长的年轻男子,,,,,0,0,,,
a slip of a girl,,,瘦长的姑娘,,,,,0,0,,,
a slip of memory,,,"一时忘记,记错",,,,,0,0,,,
a slip of the lip,,,"口误,失言",,,,,0,0,,,
a slip of the pen,,,笔误,,,,,0,0,,,
a slip of the tongue,,,"失言, 口误",,,,,0,0,,,
a sly dog,,,"暗中偷欢的人, 偷鸡摸狗的人",,,,,0,0,,,
a smack in the eye,,,"一记耳光,突如其来的打击",,,,,0,0,,,
a small number of,,,少量的...,,,,,0,0,,,
a small proportion of,,,小部分...,,,,,0,0,,,
a smart few,,,"相当多,不少",,,,,0,0,,,
a smart guy,,,精明的家伙,,,,,0,0,,,
a smash hit,,,"巨大的成功,轰动",,,,,0,0,,,
a smooth article,,,圆滑的人,,,,,0,0,,,
a smooth face,,,"没胡子的脸, 一副讨好的面孔",,,,,0,0,,,
a snake,,,n. (Asnake)人名；(埃塞)阿斯纳克,,,,,0,0,,,
a snake in sb.'s bosom,,,对某人恩将仇报的人,,,,,0,0,,,
a snake in the bosom,,,"恩将仇报的家伙,忘恩负义者,养虎遗患",,,,,0,0,,,
a snake in the grass,,,潜伏的危险,,,,,0,0,,,
a solar year,,,太阳年,,,,,0,0,,,
a soldier of fortune,,,兵痞,,,,,0,0,,,
a soldier's battle,,,勇气和力量的较量,,,,,0,0,,,
a son of Adam,,,"男人, 男孩",,,,,0,0,,,
a son of Bacchus,,,酒鬼,,,,,0,0,,,
a son of dripping,,,厨子,,,,,0,0,,,
a son of ebony,,,黑人,,,,,0,0,,,
a son of Momus,,,滑稽的人,,,,,0,0,,,
a son of the morning,,,n. 趁早赶路的人,,,,,0,0,,,
a son of the soil,,,"本地人, 农民",,,,,0,0,,,
a song and dance,,,"歌舞表演, 遁词, 废话",,,,,0,0,,,
a song hit,,,流行歌曲,,,,,0,0,,,
a sop in the pan,,,油煎面包,,,,,0,0,,,
a sore point,,,"痛处,隐衷;要害",,,,,0,0,,,
a sore spot,,,"痛处,隐衷;要害",,,,,0,0,,,
a sorry sight,,,"难看的样子,悲惨的景象",,,,,0,0,,,
a sort of,,,"一种,某种,勉强称得上的…",,,,,0,0,,,
a soul radio station,,,黑人广播电台,,,,,0,0,,,
a sound mind in a sound body,,,n. 有健康的身体才有健康的精神,,,,,0,0,,,
a sounding balloon,,,探测气球,,,,,0,0,,,
a span of,,,一段…,,,,,0,0,,,
a spark of,,,"一点儿,丝毫",,,,,0,0,,,
a spark of interest,,,一点点兴趣,,,,,0,0,,,
a speaking acquaintance,,,n. 见面聊几句的朋友,,,,,0,0,,,
a special administrative area,,,n. 专区,,,,,0,0,,,
a species of,,,"一种,一类",,,,,0,0,,,
a speech disorder,,,语言障碍,,,,,0,0,,,
a spent bullet,,,强弩之末,,,,,0,0,,,
a spiral stair,,,螺旋式楼梯,,,,,0,0,,,
a split second,,,"一剎那,一瞬间,顷刻,片刻",,,,,0,0,,,
a spot of,,,a. 少量的,,,,,0,0,,,
a spring chicken,,,"没有经验的年轻人,黄毛丫头",,,,,0,0,,,
a spy glass,,,小型望远镜,,,,,0,0,,,
a square deal,,,公平的对待,,,,,0,0,,,
a square meal,,,充足的饭菜,,,,,0,0,,,
a square yard,,,一平方码,,,,,0,0,,,
a stab in the back,,,"诽谤, 伤人暗箭",,,,,0,0,,,
a stack of bones,,,"骨瘦如柴的人,瘦骨嶙峋的马",,,,,0,0,,,
a stack of people,,,一大群人,,,,,0,0,,,
a staff lecture,,,"职工讲座,为职工开设的课程",,,,,0,0,,,
a staff member,,,一个职员,,,,,0,0,,,
a staff of domestic,,,一群仆人,,,,,0,0,,,
a stage,,,[机] A阶树脂,,,,,0,0,,,
a stage pose,,,"舞台姿势,亮相",,,,,0,0,,,
a stamp mill,,,捣碎机,,,,,0,0,,,
a stand of colors,,,军旗,,,,,0,0,,,
a standing army,,,n. 常备军,,,,,0,0,,,
a standing joke,,,"笑柄, 总被嘲笑",,,,,0,0,,,
a startling find,,,惊人的发现,,,,,0,0,,,
a state banquet,,,国宴,,,,,0,0,,,
a state of disorder,,,混乱状态,,,,,0,0,,,
a state of siege,,,戒严状态,,,,,0,0,,,
a steal mill,,,轧钢厂,,,,,0,0,,,
a step forward,,,前进一步,,,,,0,0,,,
a stiff neck,,,固执,,,,,0,0,,,
a stock joke,,,陈腐的笑话,,,,,0,0,,,
a stock of,,,"储存的,一批",,,,,0,0,,,
a stony gaze,,,冷眼凝视,,,,,0,0,,,
a stool of repentance,,,悔罪席,,,,,0,0,,,
a stool pigeon,,,"能够把别的鸽带回家的鸽子;诱骗者;密探,奸细,眼线",,,,,0,0,,,
a storage dam,,,蓄水闸,,,,,0,0,,,
a store keeper,,,店主,,,,,0,0,,,
a store of goods,,,许多货物,,,,,0,0,,,
a store of preserves,,,大量的蜜饯,,,,,0,0,,,
a storm in a teacup,,,"小题大作, 大惊小怪",,,,,0,0,,,
a storm of,,,"暴风雨般的,勐烈的一阵",,,,,0,0,,,
a storm of anger,,,"一阵狂怒,怒气冲冲",,,,,0,0,,,
a story interview,,,新闻採访,,,,,0,0,,,
a straight angle,,,n. 平角,,,,,0,0,,,
a straight eye,,,能看出某物是否直的眼力,,,,,0,0,,,
a straight fight,,,一对一的竞选,,,,,0,0,,,
a straight race,,,全力以赴的竞赛,,,,,0,0,,,
a strain of,,,"一点点,有点,些许…",,,,,0,0,,,
a strange particle,,,奇异粒子,,,,,0,0,,,
a straw boss,,,n. 工头助手,,,,,0,0,,,
a straw in the wind,,,"蹟象,苗头,先兆,预兆",,,,,0,0,,,
a straw poll,,,"民意测验,假投票,非正式投票",,,,,0,0,,,
a streak of,,,"一道,一条,一系列,一点点,些许…",,,,,0,0,,,
a streak of bad luck,,,一连串厄运,,,,,0,0,,,
a streak of lightning,,,一道闪电,,,,,0,0,,,
a stream of,,,一连串的...,,,,,0,0,,,
a street battle,,,n. 巷战,,,,,0,0,,,
a string of,ə striŋ ɔv,,n. 一串的，一系列，一批; 一连串,,,,,0,0,,,
a string to it,,,附带条件,,,,,0,0,,,
a strip of,,,"一条,狭长的一块",,,,,0,0,,,
a stroke above,,,"比…高明一些,胜人一筹",,,,,0,0,,,
A student,,,一位学生,,,,,0,0,,,
a stuffed shirt,,,"自命不凡者,自负而又无能的人,华而不实的家伙",,,,,0,0,,,
a stumbling block,,,n. 绊脚石,,,,,0,0,,,
a subject bibliography,,,按学科分类的参考书目,,,,,0,0,,,
a submillimeter wave,,,[无]亚毫米波,,,,,0,0,,,
a succession of,,,"一系列,一连串,接连不断的",,,,,0,0,,,
a sudden eruption of anger,,,勃然大怒,,,,,0,0,,,
a suit of,,,"一套,一副",,,,,0,0,,,
a suite of apartment,,,一套公寓,,,,,0,0,,,
a summer residence,,,避暑别墅,,,,,0,0,,,
a summer retreat,,,避暑山庄,,,,,0,0,,,
a supply,,,[电] A电源,,,,,0,0,,,
a supplymentary angle,,,n. 补角,,,,,0,0,,,
a sure find,,,"必定能找到的猎物藏身处,必定能找到的人或物",,,,,0,0,,,
a sure warrant of success,,,成功的可靠保证,,,,,0,0,,,
a surge of,,,"汹涌澎湃的,高涨的",,,,,0,0,,,
a surging crowd,,,"蜂拥的人群,潮水般的人群",,,,,0,0,,,
a surprise packet,,,"内容出人意料的小包;意想不到的事情,惊喜",,,,,0,0,,,
a swarm of,,,"一大群,蜂拥而至的",,,,,0,0,,,
a swell at tennis,,,网球好手,,,,,0,0,,,
a swell cat,,,好家伙,,,,,0,0,,,
a swelled head,,,"骄傲,忘乎所以",,,,,0,0,,,
a swing around the circle,,,发表政见的巡回旅行,,,,,0,0,,,
a swollen opinion of,,,"自视过高, 自高自大",,,,,0,0,,,
a tad,,,一点点,,,,,0,0,,,
a tale of a tub,,,无稽之谈,,,,,0,0,,,
a tank for swimming,,,游泳池,,,,,0,0,,,
a tea fight,,,茶话会,,,,,0,0,,,
a tea hound,,,"爱交际的男人,女人气的男人;吸毒成瘾的人",,,,,0,0,,,
a team of,,,"一队,一组…",,,,,0,0,,,
a telegraph blank,,,电报稿纸,,,,,0,0,,,
a television mast,,,"电视天线,电视塔",,,,,0,0,,,
a tempest in a barrel,,,小题大作,,,,,0,0,,,
a tempest in a teapot,,,"小题大作,大惊小怪,轩然大波",,,,,0,0,,,
a tempest of applause,,,暴风雨般的掌声,,,,,0,0,,,
a tempo,ɑ: ˈtempəʊ,, （音乐术语）回原速,,,,,0,0,,,
a tender spot,,,痛处,,,,,0,0,,,
a tennis lawn,,,网球场,,,,,0,0,,,
a tergo,ɑ:'tεəɡəu,," 从背后；在背后, 在后面",,,,,0,0,,,
a thick growth of bushes,,,浓密的灌丛,,,,,0,0,,,
a thing of naught,,,毫无价值的东西,,,,,0,0,,,
a thing of the past,,,"过时的事物,历史",,,,,0,0,,,
a thing of yesterday,,,"最近的事, 最近的东西",,,,,0,0,,,
a thorn in sb.'s flesh,,,"眼中钉, 肉中刺",,,,,0,0,,,
a thorn in the flesh,,,"肉中刺,眼中钉;使某人苦恼的事情",,,,,0,0,,,
a thought,,,"稍许, 一点点, 少量",,,,,0,0,,,
a thousand and one,,,"一千零一, 许许多多",,,,,0,0,,,
a thousand times easier than,,,比...容易千万倍,,,,,0,0,,,
a thousand to one,,,"千对一, 几乎绝对的",,,,,0,0,,,
a thread of hope,,,一线希望,,,,,0,0,,,
a throb of pain,,,一阵痛苦,,,,,0,0,,,
a tidal wave of crime,,,犯罪率高涨,,,,,0,0,,,
a tie vote,,,相等的票数,,,,,0,0,,,
a tight match,,,势均力敌的比赛,,,,,0,0,,,
a time bill,,,"时间表,时刻表",,,,,0,0,,,
a tin god,,,"受到过分尊敬的人,自命不凡者",,,,,0,0,,,
a tip of the iceberg,,,冰山露出水面的小尖顶;小中见大的征兆,,,,,0,0,,,
a toad under a hammer,,,经常受压迫的人,,,,,0,0,,,
a tongue not understanded of the people,,,n. 外国话,,,,,0,0,,,
a tool shed,,,"工具棚,工具房",,,,,0,0,,,
a total,,,n. 总数为,,,,,0,0,,,
a total of,,,"总计为,总共…",,,,,0,0,,,
a touch,ə tʌtʃ,," 略微, 稍许",,,,,0,0,,,
a tough guy,,,硬汉,,,,,0,0,,,
a tough nut,,,"大胆果断的人, 暴躁的人",,,,,0,0,,,
a tough nut to crack,,,"棘手的问题,难以对付的人",,,,,0,0,,,
a tour of duty,,,"值班, 值日勤务",,,,,0,0,,,
a tower of strength,,,中流砥柱,,,,,0,0,,,
a trace,,,[电] A扫描轨迹,,,,,0,0,,,
a train of,,,一连串,,,,,0,0,,,
a transformaton,,,"[机] 变换, 变态",,,,,0,0,,,
a treat,,,犒劳\n款待,,,,,0,0,,,
a trial lawyer,,,辩护律师,,,,,0,0,,,
a trifle,,,"有点儿, 稍微",,,,,0,0,,,
a Triton of the minnows,,,鹤立鸡群者,,,,,0,0,,,
a troop of,,,"一群,许多",,,,,0,0,,,
a tropical year,,,回归年,,,,,0,0,,,
a truce to,,,别再...了,,,,,0,0,,,
a true blue,,,忠实成员,,,,,0,0,,,
a tungsten blues,,,[机] 钨蓝,,,,,0,0,,,
a twice-told tale,,,尽人皆知的事,,,,,0,0,,,
a twist in one's tongue,,,口齿不清,,,,,0,0,,,
a twist of the wrist,,,熟练的技巧,,,,,0,0,,,
a type graphite,,,[机] A型石墨,,,,,0,0,,,
a type graphtie,,,[机] A型石墨,,,,,0,0,,,
a type of,,,"一种,一类",,,,,0,0,,,
a union by treaty,,,由条约缔结的联盟,,,,,0,0,,,
a US postal zone,,,美国邮区,,,,,0,0,,,
a used car,,,"旧汽车,报废的汽车",,,,,0,0,,,
a vacillating person,,,三心二意的人,,,,,0,0,,,
a variety,,,种种,,,,,0,0,,,
a variety of,,,"各种各样的..., 种种...",,,,,0,0,,,
A vary from B in...,,,"甲与乙在...方面不同, 甲与乙的不同点就在于...",,,,,0,0,,,
a vegetable salad,,,生菜沙拉,,,,,0,0,,,
a veil of silence,,,一片寂静,,,,,0,0,,,
a vein of coal,,,煤层,,,,,0,0,,,
a velvet glove,,,表面温和的东西,,,,,0,0,,,
a velvet paw,,,"肉爪(猫的), 笑里藏刀",,,,,0,0,,,
a very knave,,,十足的恶棍,,,,,0,0,,,
a vicious circle,,,"n. 恶性循环,循环论证",,,,,0,0,,,
a vicious spiral,,,n. 恶性循环,,,,,0,0,,,
a victim of disease,,,"病人,患者",,,,,0,0,,,
a visit for the stork,,,n. 婴儿的诞生,,,,,0,0,,,
a visit from the stork,,,婴儿的诞生,,,,,0,0,,,
a voice in the wilderness,,,"荒野里的叫声, 无人理睬的改革主张",,,,,0,0,,,
a voice of great volume,,,音量宏大的嗓音,,,,,0,0,,,
a wad of bills,,,一叠钞票,,,,,0,0,,,
a walking dictionary,,,活字典,,,,,0,0,,,
a walking library,,,"活字典,知识渊博的人",,,,,0,0,,,
a walking skeleton,,,骨瘦如柴的人,,,,,0,0,,,
a war of nerves,,,神经战,,,,,0,0,,,
a war to the knife,,,"白刃战,生死搏斗,你死我活的斗争",,,,,0,0,,,
a war whoop,,,"战斗吶喊,战争叫嚣",,,,,0,0,,,
a war zone,,,战区,,,,,0,0,,,
a warm corner,,,激战地区,,,,,0,0,,,
a warm welcome,,,热烈的欢迎,,,,,0,0,,,
a warrant for arrest,,,"逮捕证,拘票",,,,,0,0,,,
a waste of waters,,,一片汪洋,,,,,0,0,,,
a watch dog,,,"看家狗,看门狗",,,,,0,0,,,
A watched pot never boils,,,心急水不开,,,,,0,0,,,
a wave of,,,"蜂拥而至的,拥挤的一批",,,,,0,0,,,
a wave of the hand,,,挥手,,,,,0,0,,,
a wealth of,,,"丰富的,大量的…",,,,,0,0,,,
a wealth of experience,,,丰富的经验,,,,,0,0,,,
a week later,,,一星期后,,,,,0,0,,,
a week of Sundays,,,"很长的时间, 很久",,,,,0,0,,,
a welcome mat,,,门前的擦鞋垫,,,,,0,0,,,
a wet blanket,,,令人扫兴的人(或物),,,,,0,0,,,
a wet hen,,,"讨厌的人, 泼妇",,,,,0,0,,,
a wet smack,,,讨厌的人,,,,,0,0,,,
a whale at,,,"善于...的人, 热心于...的人",,,,,0,0,,,
a whale for,,,"善于...的人, 热心于...的人",,,,,0,0,,,
a whale of a...,,,"极大的, 极好的, 了不起的",,,,,0,0,,,
a whale on,,,"善于...的人, 热心于...的人",,,,,0,0,,,
a while,,,一会儿,,,,,0,0,,,
a whirl of dust,,,尘土飞扬,,,,,0,0,,,
a whirl of social engagements,,,一连串的社交活动,,,,,0,0,,,
a whirlpool of emotion,,,百感交集,,,,,0,0,,,
a whisper of trees,,,树叶的沙沙声,,,,,0,0,,,
a white bait,,,银鱼,,,,,0,0,,,
a white crow,,,罕见的东西,,,,,0,0,,,
a white elephant,,,"沉重的负担, 无用的累赘东西",,,,,0,0,,,
a white lie,,,无恶意的谎话,,,,,0,0,,,
a white night,,,"白夜, 失眠的夜晚",,,,,0,0,,,
a whited sepulchre,,,"伪君子, 伪善者",,,,,0,0,,,
a whole lot of,,,"很多,全部,整整一批",,,,,0,0,,,
a whole shooting match,,,"整个团体,全体群众",,,,,0,0,,,
a whole stack of,,,"一大堆,许多,大量",,,,,0,0,,,
a wholesale dealer,,,批发商,,,,,0,0,,,
a wide margin,,,大幅度地;留有很大的余地,,,,,0,0,,,
a wide place in the road,,,n. 小城镇,,,,,0,0,,,
a wide range of,,,"范围广泛的,一连串的,变化幅度大的,参差不平",,,,,0,0,,,
a wide selection of,,,种类齐全的…,,,,,0,0,,,
a widow's mite,,,少而可贵的捐献,,,,,0,0,,,
a wild goose chase,,,n. 徒劳的举动,,,,,0,0,,,
a wild-goose chase,,,"徒劳的搜索, 无益的举动",,,,,0,0,,,
a window on the world,,,世界之窗,,,,,0,0,,,
a wolf in sheep's clothing,,,披着羊皮的狼,,,,,0,0,,,
a woman of bad fame,,,"声名狼籍的女人,妓女",,,,,0,0,,,
a woman of letters,,,女作家,,,,,0,0,,,
a woman of the streets,,,妓女,,,,,0,0,,,
a woman of the world,,,世故的女人,,,,,0,0,,,
a woman with a past,,,有一段不光彩历史的女人,,,,,0,0,,,
a wonderful time,,,n. 一段美好时光,,,,,0,0,,,
a word and a blow,,,一言不合就动手,,,,,0,0,,,
a word in season,,,"合时宜的话, 受欢迎的话",,,,,0,0,,,
A word in your ear,,,附耳过来说句私房话,,,,,0,0,,,
a word out of season,,,"不合时宜的话, 不受欢迎的话",,,,,0,0,,,
a world of,,,"很多,大量",,,,,0,0,,,
a yang ko troup,,,秧歌队,,,,,0,0,,,
a yard of clay,,,陶制长烟管,,,,,0,0,,,
a yawning chasm,,,裂着大口的陷窟,,,,,0,0,,,
a yawning hole,,,豁开的洞,,,,,0,0,,,
a year and a day,,,"满一年, 一整年",,,,,0,0,,,
a year of abundance,,,"丰收之年,丰年",,,,,0,0,,,
a yeast taste,,,酵母味,,,,,0,0,,,
a yellow dog,,,杂种狗;卑鄙的家伙;胆小鬼,,,,,0,0,,,
a yellow-dog contract,,,以受雇工人不加入工会为条件的雇用契约,,,,,0,0,,,
a yen for travel,,,旅行的渴望,,,,,0,0,,,
a yet easier task,,,更容易的工作,,,,,0,0,,,
a yet more difficult task,,,更困难的工作,,,,,0,0,,,
a yet unfinished task,,,尚未完成的任务,,,,,0,0,,,
a yet worse mistake,,,更为严重的错误,,,,,0,0,,,
a young animal,,,幼小的动物,,,,,0,0,,,
a young child,,,幼童,,,,,0,0,,,
a young country,,,新兴的国家,,,,,0,0,,,
a young family,,,幼小子女,,,,,0,0,,,
a young man,,,青年男子,,,,,0,0,,,
a young man in a hurry,,,n. 急躁的改革者,,,,,0,0,,,
a young manner,,,青春焕发的神态,,,,,0,0,,,
a young person,,,年轻人,,,,,0,0,,,
a young state,,,年轻的国家,,,,,0,0,,,
a young tree,,,幼小的树,,,,,0,0,,,
a youthful cadre,,,年轻的干部,,,,,0,0,,,
a youthful river,,,幼年河,,,,,0,0,,,
a zero-zero fog,,,能见度等于零的浓雾,,,,,0,0,,,
a zigzag path,,,"蜿蜒的小径, (弯曲的)羊肠小道",,,,,0,0,,,
a zone in depth,,,纵深地带,,,,,0,0,,,
a zone of communication,,,战区后勤地带,,,,,0,0,,,
a zone of fire,,,射界,,,,,0,0,,,
a zone of influence,,,势力范围,,,,,0,0,,,
a zoological garden,,,动物园,,,,,0,0,,,
a zoomorphic deity,,,动物形的神,,,,,0,0,,,
a'-dipyridyl a,,,"[医] α,α'-双吡啶",,,,,0,0,,,
A'man,,,[网络] 一个男人；一个人；男子,,,,,0,0,,,
a-,," A, as a prefix to English words, is derived from various sources.\n   (1) It frequently signifies on or in (from an, a forms of AS. on),\n   denoting a state, as in afoot, on foot, abed, amiss, asleep, aground,\n   aloft, away (AS. onweg), and analogically, ablaze, atremble, etc. (2)\n   AS. of off, from, as in adown (AS. ofd/ne off the dun or hill). (3) AS.\n   a- (Goth. us-, ur-, Ger. er-), usually giving an intensive force, and\n   sometimes the sense of away, on, back, as in arise, abide, ago. (4) Old\n   English y- or i- (corrupted from the AS. inseparable particle ge-,\n   cognate with OHG. ga-, gi-, Goth. ga-), which, as a prefix, made no\n   essential addition to the meaning, as in aware. (5) French a (L. ad\n   to), as in abase, achieve. (6) L. a, ab, abs, from, as in avert. (7)\n   Greek insep. prefix / without, or privative, not, as in abyss, atheist;\n   akin to E. un-.","pref. 不, 缺少, 无\n[医] 不, 无, 缺; 离",,,,,0,0,,,
a-10s,,,【航空学】(美国)全天候低空飞行攻击机,,,,,0,0,,,
A-139,,,"[医] 癌抑散, 双乙烯亚胺苯醌, 亚胺醌, A一三九(抗肿瘤药)",,,,,0,0,,,
a-6s,,,＝intruder,,,,,0,0,,,
a-aaaa,,,n. 五星级,,,,,0,0,,,
a-arm,,,n. A形摆臂,,,,,0,0,,,
a-b box,,,"[计] 切换箱, 多路切换箱",,,,,0,0,,,
a-b power pack,,,[电] 甲乙电源,,,,,0,0,,,
a-b test a-b,,,[电] 测试,,,,,0,0,,,
a-b toll system,,,"[电] 甲乙长途制, A-B长途制",,,,,0,0,,,
a-b toll trunk,,,"[电] 甲乙长途中继线, AB长途中断线制",,,,,0,0,,,
a-b-c,",eɪ bi: 'si:",,n. 基础知识；字母表\nabbr. 美国广播公司（American Broadcasting Company）；澳大利亚广播公司（Australian Broadcasting Corporation）；出生在美国的华人（American - born Chinese）,,,,,0,0,,,
a-ba,ɑ:'bɑ:,,abbr. 美国银行家协会（American Bankers Association）\nn. (Aba)人名；(意、罗、埃塞、塞内、赤几)阿巴；(匈)奥鲍；(西)阿瓦,,,,,0,0,,,
a-battery,,,[电] 甲电池,,,,,0,0,,,
a-be,eib,,n. 亚伯（男子名，等于Abraham）,,,,,0,0,,,
a-block,,,滑车拉到头,,,,,0,0,,,
A-bomb,'eibɔm,n a nuclear weapon in which enormous energy is released by nuclear fission (splitting the nuclei of a heavy element like uranium 235 or plutonium 239),n. 原子弹\nvt. 用原子弹轰炸,,,,,0,0,s:a-bombs,,
A-bombs,"'ei,bɔm",n. a nuclear weapon in which enormous energy is released by nuclear fission (splitting the nuclei of a heavy element like uranium 235 or plutonium 239),"n. [美国英语]；原子弹 (＝atomic bomb)\nvt. 用原子弹轰击(或轰炸, 毁灭)",,,,,0,0,0:a-bomb/1:s,,
a-c,,,[化] 交流; 交变电流,,,,,0,0,,,
a-c bias,,,[电] 交流偏压,,,,,0,0,,,
a-c bridge,,,[电] 交流式电桥,,,,,0,0,,,
a-c cemponent of plate current,,,[电] 屏极电流交流成份,,,,,0,0,,,
a-c circuit,,,[电] 交流电路,,,,,0,0,,,
a-c circuit breaker,,,[电] 交流断路器,,,,,0,0,,,
a-c coupling,,,[电] 交流耦合,,,,,0,0,,,
a-c cycle,,,[电] 交流频率,,,,,0,0,,,
a-c d-c receiver,,,[电] 交直流接收器,,,,,0,0,,,
a-c directional overcurrent relay,,,[电] 交流方向性超流断电器,,,,,0,0,,,
a-c dump,,,[电] 交流倾销,,,,,0,0,,,
a-c dynamo,,,[电] 交流电机,,,,,0,0,,,
a-c erasing head,,,[电] 交流抹擦头,,,,,0,0,,,
a-c generator,,,[电] 交流发电机,,,,,0,0,,,
a-c hum,,,[电] 交流声,,,,,0,0,,,
a-c imrt-arc welder,,,[电] 交流定弧熔接器,,,,,0,0,,,
a-c machive,,,[电] 交流电机,,,,,0,0,,,
a-c magnetic biasing,,,[电] 交流磁偏,,,,,0,0,,,
a-c motor,,,[电] 交流电动机,,,,,0,0,,,
a-c noise,,,[电] 交流杂音,,,,,0,0,,,
a-c noise immunity,,,[电] 交流杂音免除,,,,,0,0,,,
a-c phase meter,,,[电] 交流相位计,,,,,0,0,,,
a-c plate resistance,,,[电] 交流屏极电阻,,,,,0,0,,,
a-c positioning,,,[电] 交流定倍,,,,,0,0,,,
a-c power,,,[电] 交流电力,,,,,0,0,,,
a-c power supply,,,[电] 交流功率供应,,,,,0,0,,,
a-c receiver,,,[电] 交流接收机,,,,,0,0,,,
a-c reclosing relay,,,[电] 交流复闭断电器,,,,,0,0,,,
a-c relay,,,[电] 交流电中继站,,,,,0,0,,,
a-c resistance,,,[电] 交流电阻,,,,,0,0,,,
a-c source,,,[电] 交流电源,,,,,0,0,,,
a-c time overcurrent relay,,,[电] 交流时间超流继电器,,,,,0,0,,,
a-c transducer,,,[电] 交流转换器,,,,,0,0,,,
a-c transformer,,,[电] 交流变压器,,,,,0,0,,,
a-c transmission,,,[电] 交流输电,,,,,0,0,,,
a-c tube,,,[电] 交流管,,,,,0,0,,,
a-c.,,,"[医] 耳颈动脉的, 房颈动脉的",,,,,0,0,,,
a-car,,,n. (Acar)人名；(土)阿贾尔；(阿拉伯、罗、法)阿卡尔,,,,,0,0,,,
a-ch,,,abbr. 自动化交易所（Automated Clearing House）\nn. (Ach)人名；(柬)阿；(德)阿赫,,,,,0,0,,,
a-class,,,头等\n甲级,,,,,0,0,,,
a-come,,,n. (Acome)人名；(法)阿科姆,,,,,0,0,i:a-coming,,
a-coming,,-ing form of a-come,(a-come 的现在分词) n. (Acome)人名；(法)阿科姆,,,,,0,0,0:a-come/1:i,,
a-couple,,,一对夫妇；夫妻俩,,,,,0,0,p:a-coupled,,
a-coupled,,past tense of a-couple,(a-couple 的过去时) 一对夫妇；夫妻俩,,,,,0,0,0:a-couple/1:p,,
a-cup,,,abbr. 针术（acupuncture）,,,,,0,0,s:a-cups,,
a-cups,,plural of a-cup,(a-cup 的复数) abbr. 针术（acupuncture）,,,,,0,0,0:a-cup/1:s,,
a-d,",ei 'di:",,n. 公元,,,,,0,0,,,
a-d converter,,,[电] ad转变器,,,,,0,0,,,
A-denopterin,,,[化] 4-氨基二甲叶酸,,,,,0,0,,,
a-display,,,[电] A-显示法,,,,,0,0,,,
a-e-a,,,abbr. 原子能法（Atomic Energy Authority）；演员协会（Actors ' Equity Association）；美国经济协会（American Economic Association）；成人教育协会（Adult Education Association）；美国教育协会（American Education Association）,,,,,0,0,,,
a-f,æf,,abbr. 视频，音频（audio frequency）；空军（Air Force）；法国航空公司（Air France）\nn. (Af)人名；(瑞典)阿夫,,,,,0,0,,,
A-face centered lattice,,,[化] A心点格,,,,,0,0,,,
a-feared,ə'fiəd,,adj. 受惊的，恐惧的\nv. 恐惧（afear的过去分词）,,,,,0,0,,,
a-fib,,,abbr. 心房纤颤（atrial fibrillation）,,,,,0,0,,,
a-flat,,,n. (Aflat)人名；(罗)阿弗拉特,,,,,0,0,,,
a-flutter,ə'flʌtə,,a. 飘扬的；激动的\nadv. 飘扬,,,,,0,0,i:a-fluttering,,
a-fluttering,,-ing form of a-flutter,(a-flutter 的现在分词) adj. 飘扬的；激动的\nadv. 飘扬,,,,,0,0,0:a-flutter/1:i,,
a-flying,,,[网络] 一飞,,,,,0,0,,,
a-frame,"'ei,freim",,[机] A型架,,,,,0,0,s:a-frames,,
a-frames,,plural of a-frame,(a-frame 的复数) [机] A型架,,,,,0,0,0:a-frame/1:s,,
A-G ratio,,,[医] 白蛋白球蛋白比率,,,,,0,0,,,
a-ga,'ɑːgə,,n. 将军；大官；宗教领袖\nn. (Aga)人名；(阿拉伯、伊朗、阿塞、土库、巴基)阿迦；(法、意、罗)阿加,,,,,0,0,,,
a-game,,,一次博弈,,,,,0,0,,,
a-gley,ə'gleɪ; ə'gliː,,adv. 斜斜地；弯曲地,,,,,0,0,,,
a-go,ə'gəʊ,,"adv. 以前, 以往\na. 以前的；过去的\nn. (Ago)人名；(英、西、意、塞、瑞典)阿戈",,,,,0,0,i:a-going,,
a-go-go,ə'gəugəu,,a. 活泼的；精力充沛的,,,,,0,0,,,
a-going,,-ing form of a-go,"(a-go 的现在分词) adv. 以前, 以往\na. 以前的；过去的\nn. (Ago)人名；(英、西、意、塞、瑞典)阿戈",,,,,0,0,0:a-go/1:i,,
a-grade,,,甲级,,,,,0,0,s:a-grades,,
a-grades,,plural of a-grade,(a-grade 的复数) 甲级,,,,,0,0,0:a-grade/1:s,,
a-growing,,,[网络] 增长,,,,,0,0,,,
a-half,,,一半,,,,,0,0,,,
a-historical,",eihis'tɔrik,-kəl",,adj. 与历史无关的,,,,,0,0,,,
a-hole,,,屁眼儿\n肛门\n令人讨厌的人\n愚蠢的\n窝囊的\n可恶的,,,,,0,0,,,
A-horizon,,,n. 上层(甲层)土壤(腐植土)\n[网络] A层位；淋溶层；表土层,,,,,0,0,,,
a-l,ɑ:l,,abbr. 美国联盟（American League）；美国军团（American Legion）；阿尔巴尼亚（Albania，欧洲一国家名）；美国亚拉巴马州（Alabama）\nn. (Al)人名；(英)阿尔(Albert 在美国的昵称),,,,,0,0,,,
a-law,,,[电] A法则,,,,,0,0,,,
a-level,,," <英>英语学校里某一课程结束时举行的高深考试, 高深级考试及格",,,,,0,0,s:a-levels/d:a-levelled,,
a-levelled,,past participle of a-level,"(a-level 的过去分词)  <英>英语学校里某一课程结束时举行的高深考试, 高深级考试及格",,,,,0,0,0:a-level/1:d,,
a-levels,,plural of a-level,"(a-level 的复数)  <英>英语学校里某一课程结束时举行的高深考试, 高深级考试及格",,,,,0,0,0:a-level/1:s,,
A-line,,n. women's clothing that has a fitted top and a flared skirt that is widest at the hemline,呈 A 字型的,,,,,0,0,,,
a-lines,,,呈 A 字型的,,,,,0,0,,,
a-list,,n. a list of names of specially favored people," (very best) 最好的, 最优秀的, 最酷的",,,,,0,0,d:a-listed,,
a-listed,,past participle of a-list,"(a-list 的过去分词)  (very best) 最好的, 最优秀的, 最酷的",,,,,0,0,0:a-list/1:d,,
a-lister,,,一线演员\n一线明星,,,,,0,0,,,
a-listers,,,n. A-list的变形,,,,,0,0,,,
a-lp,ælp,,n. 高山\nn. (Alp)人名；(土、瑞典)阿尔普,,,,,0,0,,,
a-m,em,,abbr. 调幅\nv. 是\nn. (Am)人名；(柬)安,,,,,0,0,,,
a-m threshold,,,[电] 幅调临限,,,,,0,0,,,
a-m tuner,,,[电] 幅变调谐器,,,,,0,0,,,
a-m/f-m receiver,,,[电] 调幅/调频接收机,,,,,0,0,,,
a-m/f-m tuner,,,[电] 调幅/调频调谐器,,,,,0,0,,,
a-margin,,,[机] A边界,,,,,0,0,,,
a-men,ɑː'men; eɪ-,,int. （表示衷心赞成）阿门；（祈祷时的结尾语）阿门\nn. 祈祷的结束语；赞成\nadv. 真实地\nn. (Amen)人名；(法)阿芒；(英、罗、阿拉伯)阿门,,,,,0,0,,,
a-mi,ɑ:'mi:,,abbr. 高级材料情报（Advanced Material Information）；美国食用肉类研究所（American Meat Institute）；航空英里指示器（Air Mileage Indicator）\nn. (Ami)人名；(匈)奥米；(法、西、以、德)阿米,,,,,0,0,,,
a-n radio range a-n,,,[电] 无线电范围,,,,,0,0,,,
a-n signal a-n,,,[电] 讯号,,,,,0,0,,,
A-ninopterin,,,[化] 锑银矿,,,,,0,0,,,
a-ok,ˌeɪ əʊ ˈkeɪ,s in perfect condition or order," <美> 极好, 妙极, 完美的",,,,,0,0,,,
a-okay,'eiəu'kei,s in perfect condition or order,"[主美国口语]\na. [A(LL) OK]极妙的, 极好的, 完善的, 完美(无缺)的；一切正常(或就绪)的[一般赞许词]\nadv. 一切正常而顺当地；完美地, 极好地",,,,,0,0,,,
a-one,ˈeɪˈwʌn,s of the highest quality,"a. 第一等的, 第一流的",,,,,0,0,,,
a-p,,,abbr. 美国联合通讯社（Associated Press）；空气污染（Air Pollution）；大气规划（Air Program）；汇编程序（Assembly Program）\nn. (Ap)人名；(中)鸭(广东话·威妥玛),,,,,0,0,,,
a-p-a,,,abbr. 美国心理学协会（American Psychological Association）；预约定价安排（Advance Pricing Arrangement）\nn. (Apa)人名；(意、土、塞、印、加纳)阿帕,,,,,0,0,,,
a-particle,,,[机] A-质点,,,,,0,0,s:a-particles,,
a-particles,,plural of a-particle,(a-particle 的复数) [机] A-质点,,,,,0,0,0:a-particle/1:s,,
a-peltatin,,,[化] α-盾叶鬼臼素; α-足叶草脂素,,,,,0,0,,,
a-plenty,ə'plentɪ,,adv. 丰富地，充裕地\nadj. 丰富的；非常\nn. 丰富；大量,,,,,0,0,,,
a-plus,,,正数\n加号,,,,,0,0,,,
a-political,eɪpə'lɪtɪk(ə)l,,adj. 不关心政治的；无政治意义的,,,,,0,0,,,
a-prime,,, [医]亚甲型,,,,,0,0,,,
a-r,a:,,abbr. 应收款（Account Receivable）；验收条件（Acceptance Requirement）；陆军条例（Army Regulation）\nn. (Ar)人名；(土)阿尔,,,,,0,0,,,
a-r-n-i-e,,,n. (Arnie)人名；(英)阿尼,,,,,0,0,,,
a-rab,'ærəb,,adj. 阿拉伯的\nn. 阿拉伯人；阿拉伯马,,,,,0,0,,,
a-rain,,,n. (Arain)人名；(乌干)阿拉因,,,,,0,0,i:a-raining,,
a-raining,,-ing form of a-rain,(a-rain 的现在分词) n. (Arain)人名；(乌干)阿拉因,,,,,0,0,0:a-rain/1:i,,
A-road,'ei'rәjd,,"<英>A级公路,主车道",,1,,,0,0,,,
a-scan,,,[电] A-扫描,,,,,0,0,,,
A-scan ultrasonography,,,[网络] A超,,,,,0,0,,,
a-scope,,,[电] A-眼界,,,,,0,0,,,
a-scott,,,雅诗阁（机构名）\n阿斯科特（人名）,,,,,0,0,,,
a-series,,,一系列,,,,,0,0,,,
a-share,,,a种股票,,,,,0,0,,,
A-side,'ei'said,,n. A面（磁带等的）,,,,,0,0,,,
a-sit,,,n. (Asit)人名；(印)阿西特,,,,,0,0,i:a-sitting,,
a-sitting,,-ing form of a-sit,(a-sit 的现在分词) n. (Asit)人名；(印)阿西特,,,,,0,0,0:a-sit/1:i,,
A-stage resin,,,[化] 甲阶树脂; 甲阶酚醛树脂; 可熔(可溶)酚醛树脂; 酚醛树脂A,,,,,0,0,,,
a-star,,,A型显,,,,,0,0,,,
a-student,,,一位学生,,,,,0,0,,,
a-supply,,,[电] A-供应,,,,,0,0,,,
a-t,,,abbr. anti-tank 反坦克,,,,,0,0,,,
A-team,,n. a group of elite soldiers or a leadership group of advisors or workers in an organization,特遣队\n先遣队,,,,,0,0,,,
A-test,'ei'test,,n. 原子爆炸试验,,,,,0,0,,,
a-to-z,,,从头到尾；非常熟悉,,,,,0,0,,,
A-type steel,,,[化] 甲类钢,,,,,0,0,,,
a-v,ɑ:v; ɔ:v,,abbr. 简易型（Austere Version）；《圣经》钦定英译本（Authorized Version）；音频（audio）视频（video）的简称,,,,,0,0,,,
A-V nicking,,,[医] 动静脉局部缩窄,,,,,0,0,,,
A-V node,,,"房室结（心脏的一部分, atrioventricular node）",,,,,0,0,,,
a-way,,,心路（歌曲名）,,,,,0,0,,,
a-week,,,一周\n一星期,,,,,0,0,,,
a-wing,ə'wiŋ,,adj. 飞翔的\nadv. 飞翔地\nv. 使敬畏；使惊叹（awe的现在分词）,,,,,0,0,,,
a-x,æks,,vt. 削减；用斧修整；解雇\nn. 斧头\nn. (Ax)人名；(德、芬)阿克斯,,,,,0,0,,,
a-year,,,一年,,,,,0,0,,,
A-Z,",eitә'zed",,无所不包的,,,,,0,0,,,
A-Z test,,,[医] 阿-宋二氏试验(检孕),,,,,0,0,,,
a.,,,"[医] 调节, 适应, 安培, 阳极, 正极, 前, 水, 水剂, 动脉",,,,,0,0,,,
A. A. Michelson,,,[网络] A.迈克尔森A.,,,,,0,0,,,
A. A. Milne,,,n. 艾伦·亚历山大·米恩,,,,,0,0,,,
A. B. C. diuretic,,,[医] A.B.C.利尿剂(含乙酸钾、碳酸氢盐及尿酸盐),,,,,0,0,,,
A. B. C. method,,,[医] A.B.C.法(明矾、血、粘土沉淀清洁法),,,,,0,0,,,
a. c.,,,[医] 饭前[服],,,,,0,0,,,
A. C. D. solution,,,"[医] 抗凝枸橼酸葡萄酸溶液, A.C.D.溶液",,,,,0,0,,,
A. C. E. mixture,,,"[医] ACE合剂(酒精1.0,氯仿2.0,乙醚3.0)",,,,,0,0,,,
A. Conan Doyle,,,[网络] 道尔,,,,,0,0,,,
A. E. Burnside,,,[网络] 伯恩赛德,,,,,0,0,,,
A. E. Housman,,,[网络] 豪斯曼；英国诗人豪斯曼,,,,,0,0,,,
A. E. Kennelly,,,[网络] A. E.肯尼利,,,,,0,0,,,
A. M.,,,"[医] 米角, 公尺角, 轴近中的, 安培计",,,,,0,0,,,
A. M. A.,,,[医] 美国医学会,,,,,0,0,,,
A. Noam Chomsky,,,[网络] A.诺姆乔姆斯基,,,,,0,0,,,
A. P. L. hormone,,,"[医] [垂体]前叶样激素, 绒[毛]膜促性腺激素",,,,,0,0,,,
A. S.,,,[医] 左耳,,,,,0,0,,,
A. T. S.,,,"[医] 破伤风血清, 神经肌肉紧张状态",,,,,0,0,,,
A. testudineus,,,[网络] A.。,,,,,0,0,,,
A. U.,,,[医] 埃[斯特雷姆氏]单位,,,,,0,0,,,
A. V.,,,[医] 房室的,,,,,0,0,,,
A. W.,,,[医] 原子量,,,,,0,0,,,
a.-c. interval,,,[医] 心房颈动脉间期,,,,,0,0,,,
A.A.,,,[医] 智力成就年龄,,,,,0,0,,,
A.B.,,,[医] 原子弹,,,,,0,0,,,
A.B.C.,,,[医] 轴颊颈的,,,,,0,0,,,
A.B.C. diuretic,,,"[医] A.B.C.利尿剂(醋酸钾碳酸氢钠,枸橼酸钠的合剂)",,,,,0,0,,,
A.B.C. liniment,,,"[医] A.B.C.搽剂, 乌头颠茄氯仿搽剂",,,,,0,0,,,
A.B.G.,,,[医] 轴颊龈的,,,,,0,0,,,
A.B.L.,,,[医] 轴颊舌的,,,,,0,0,,,
A.C.,,,"[化] 交流; 交变电流\n[医] 空气传导, 交电流, 交变电流, 阳极通电, 轴颈的",,,,,0,0,,,
A.C. arc welder,,,[化] 交流电焊机,,,,,0,0,,,
A.C. arc welding,,,[化] 交流电弧焊,,,,,0,0,,,
A.C.asynchronous motor,,,[化] 交流异步电动机,,,,,0,0,,,
A.C.D.,,,[医] 绝对心浊音,,,,,0,0,,,
A.C.E. mixture,,,[医] A.C.E.合剂(醇、氯仿、醚合剂),,,,,0,0,,,
A.C.S.,,,[医] 抗网织细胞毒素血清,,,,,0,0,,,
A.D.,ænәu'dɔminai,r in the Christian era; used before dates after the supposed year Christ was born,公元\n[医] 右耳,,,,,0,0,,,
A.D.C.,,,[医] 轴远中颈的,,,,,0,0,,,
A.D.G.,,,[医] 远中龈轴的,,,,,0,0,,,
A.D.I.,,,[医] 轴远[中]切缘的,,,,,0,0,,,
A.D.O.,,,"[医] 轴远中Ж的, 轴远中咬合的",,,,,0,0,,,
A.D.P.,,,[医] 二磷酸腺甙(腺[甙]二磷),,,,,0,0,,,
A.E.,,n Irish writer whose pen name was A.E. (1867-1935),[医] 抗毒素单位,,,,,0,0,,,
A.F.C.,,,自动频率控制,,,,,0,0,,,
A.F.S.,,,[机] 美国铸造学会,,,,,0,0,,,
A.F.S. grain fineness number,,,[机] A.F.S.粒度指数,,,,,0,0,,,
A.G.,,,[医] 轴龈的,,,,,0,0,,,
A.G.V.,,,[医] 苯胺龙胆紫,,,,,0,0,,,
A.I.,,,"[医] 人工授精, 轴切的",,,,,0,0,,,
A.I.D.,,,"[医] 供者人工授精, 异配[人工]授精",,,,,0,0,,,
A.I.H.,,,[医] 同配授精,,,,,0,0,,,
a.k.a.,,,abbr. also known as又名…; 也叫作…,,,,,0,0,,,
A.L.,,,[医] 轴舌的,,,,,0,0,,,
A.L.C.,,,[医] 轴舌颈的,,,,,0,0,,,
A.L.G.,,,[医] 轴舌龈的,,,,,0,0,,,
A.L.O.,,,"[医] 轴舌Ж的, 轴舌咬合的",,,,,0,0,,,
A.L.W.,,,[医] 弧、圈、涡(戈尔顿氏指纹特征),,,,,0,0,,,
A.La.,,,[医] 轴唇的,,,,,0,0,,,
A.La.L.,,,[医] 轴唇舌的,,,,,0,0,,,
a.m,,,abbr. （拉）午前；早上（ante meridiem）,,,,,0,0,,,
a.m.,,s before noon\nr before noon,"上午, 午前",,2,,,0,0,,,
A.M.C.,,,[医] 轴近中颈的,,,,,0,0,,,
A.M.D.,,,[医] 轴近中远侧的,,,,,0,0,,,
A.M.G.,,,[医] 轴近中龈的,,,,,0,0,,,
A.M.I.,,,[医] 轴近中切的,,,,,0,0,,,
A.M.P.,,,[医] 一磷酸腺甙,,,,,0,0,,,
A.O.M.,,,[医] 产科硕士,,,,,0,0,,,
A.P.,,,"[医] 轴髓的, 垂体前叶",,,,,0,0,,,
A.P.C.,,,[医] 复方阿司匹林,,,,,0,0,,,
A.P.F.,,,[医] 动物蛋白因素,,,,,0,0,,,
A.P.I. baum'e gravity,,,[机] A.P.I.波美比重单位,,,,,0,0,,,
A.P.I.M.,,,[医] 国际医学专业协会,,,,,0,0,,,
A.P.L.,,,[医] 前叶样[激素],,,,,0,0,,,
A.P.T.,,,[医] 明矾沉淀类毒素,,,,,0,0,,,
A.P.T.T.,,,[医] 明矾沉淀破伤风类毒素,,,,,0,0,,,
a.peroxodisulfate,,,[化] 过二硫酸铵,,,,,0,0,,,
A.Q.,,,"[医] 能力商数, 成绩商数",,,,,0,0,,,
A.q.l.,,,[电] 可接受质量水平,,,,,0,0,,,
A.R.C.,,,[医] 视风膜异常对应,,,,,0,0,,,
A.r.s.r.,,,[电] 航路监测雷达,,,,,0,0,,,
a.s.r.,,,[电] 机场监测雷达,,,,,0,0,,,
A.S.S.,,,[医] [髂]前上棘,,,,,0,0,,,
A.T.,,,[医] 旧结核菌素,,,,,0,0,,,
A.T.10,,,[医] 二氢速甾醇,,,,,0,0,,,
A/C,,,"公元前, 往来帐户, 活期存款帐户",,,,,0,0,,,
A/D,,,abbr. 模拟数字转换（Analog to Digital）,,,,,0,0,,,
a/d converter controller,,,[电] 类比数位转换控制器,,,,,0,0,,,
a/o,"o,a",,(=account of) 帐上,,,,,0,0,,,
A/R/,,,[化] 分析纯; 二级纯,,,,,0,0,,,
A/UX,,,[计] A/UX操作系统,,,,,0,0,,,
A/V,,,abbr. 按价（ad valorem）；音频/视频（audio/video）,,,,,0,0,,,
a1,'ei'wʌn,,a. 第一等的,,,,,0,0,,,
a1 at lloyd's,,,[经] 劳埃氏船级评定A1级,,,,,0,0,,,
A2,,,[医] 主动脉第二声,,,,,0,0,,,
a3,,,n. A3号纸（尺寸为420×297mm的）,,,,,0,0,,,
a4,,,n. A4型纸（规格为297×210毫米的纸）,,,,,0,0,,,
a5,,,n. A5型纸（标准的纸张尺寸）,,,,,0,0,,,
AA,ɔ:,n. a dry form of lava resembling clinkers,"[计] 绝对地址, 农业自动化, 自动应答\n[医] 各, 各个",,,,,9087,0,,,
AA-AMP,,,[医] 氨基酸一磷酸腺甙,,,,,0,0,,,
AAA,,n an aneurysm of the abdominal aorta associated with old age and hypertension,[医] 急性焦虑发作,,,,,26942,0,,,
AAA disease,,,[医] 钩[口线]虫病,,,,,0,0,,,
aaa-rated,,, 票面等级，票面额,,,,,0,0,,,
aaa.,,,"[医] 汞合金, 汞齐",,,,,0,0,,,
aaaa,,,abbr. 美国广告代理商协会（The American Association of Advertising Agencies）,,,,,0,0,,,
aaaaa,,,n. 五星级,,,,,0,0,,,
aaaargh,,,"啊……（非正式, 表大叫）",,,,,0,0,,,
aaad,,,abbr. American Athletic Association for the Deaf 美国聋人运动协会; apparent amino acid digestibility 表观的氨基酸可消化性; acute type A aortic dissection 急性A型主动脉夹层形成; aromatic L-amino acid decarboxylase 芳香族L-氨基酸脱羧酶,,,,,0,0,,,
aaah,,,abbr. American Association for the Advancement of the Humanities 美国人权促进会,,,,,46638,36733,p:aaahed,,
aaahed,,past tense of aaah,(aaah 的过去时) abbr. American Association for the Advancement of the Humanities 美国人权促进会,,,,,0,0,0:aaah/1:p,,
AAAL,,,[American Academy of Arts and Letters的缩略]美国艺术和文学学会,,,,,0,0,,,
aaap,,,abbr. airborne associative array processor 【计算机】机载相联阵列处理机,,,,,0,0,,,
AAAS,,n. an aneurysm of the abdominal aorta associated with old age and hypertension,"[American Association for the Advancement of Science 的缩略]美国科学发展协会, [American Academy of Arts and Sciences的缩略]美国科学艺术研究院",,,,,0,0,,,
aabc,,,abbr. American Association of Bible Colleges 美国圣经学院协会; American Amateur Baseball Congress 美国业余棒球代表大会; Association for the Advancement of Blind Children <美国>盲童发展协会; Associated Air Balance Council 航空收支平衡理事会,,,,,0,0,,,
aabomycin,",æbә'maisin",,阿博霉素,,,,,0,0,,,
aac,,,abbr. 自动振幅控制（automatic ampltiude control）,,,,,0,0,s:aacs,,
aacc,,,abbr. 美国自动控制委员会；American Automatic Control Council；美国谷物化学师协会；American Association of Cereal Chemists,,,,,0,0,,,
aacd,,,abbr. aging-associated cognitive decline 老龄相关认知衰退; American Association for Counseling and Development 美国咨询发展协会; antenna adjustable current distribution 天线可调电流分配; axial anterior chamber depth 轴向眼前房深度,,,,,0,0,,,
Aachen,'ɑ:kәn,n. a city in western Germany near the Dutch and Belgian borders; formerly it was Charlemagne's northern capital,亚琛[德意志联邦共和国西部城市],,,,,27320,0,,,
aacjc,,,abbr. American Association of Community and Junior Colleges 美国社团和初级学院联合会,,,,,0,0,,,
aacn,,,abbr. acinar cell nodules 腺泡细胞小结; American Association of Colleges of Nursing 美国护理学院协会; atypical acinar cells 非典型腺泡细胞,,,,,0,0,,,
AACON,,,[计] 机构记帐控制系统,,,,,0,0,,,
aacp,,,abbr. 美国药学院协会（American Association of Colleges of Pharmacy）；高级空中指挥部（Advanced Airborne Command Post）；美国儿童精神病学学会（American Academy of Child Psychiatry）；美国脑瘫学会（American Association of Cerebral Palsy）,,,,,0,0,,,
AACS,,,[计] 高级异步通信系统,,,,,0,0,0:aac/1:s,,
aacsb,,,abbr. American Assembly of Collegiate Schools of Business 美国工商管理学院联合会; American Association of Collegiate Schools of Business 美国国际管理联合会,,,,,0,0,,,
aacte,,,abbr. American Association of Colleges for Teacher Education 美国教师教育学院联合会,,,,,0,0,,,
aad,,,n. (Aad)人名；(荷、阿拉伯)阿德\nabbr. 前方弹药库（Advanced Ammunition Depot）；原子吸收检测器（atomic absorption detector）,,,,,0,0,,,
AADC,,,[计] 通用数字计算机,,,,,0,0,,,
Aadre's test,,,[医] 昂德雷氏试验(检奎宁),,,,,0,0,,,
AADS,,,[计] 自动应用开发系统,,,,,0,0,,,
aaduction,,,"[医] 收[作用], 内收[作用]",,,,,0,0,,,
AAE,,,[计] 自动应答设备,,,,,0,0,,,
aaea,,,abbr. American Agricultural Economics Association 美国农业经济学学会; American Agricultural Editors Association 美国农业编辑协会,,,,,0,0,,,
AAF,,,[Army Air Forces的缩略]陆军航空队[美国],,,,,0,0,,,
aafc,,,abbr. 防空火力控制（Anti-Aircraft Fire Control）；加拿大农业及农食品部（Agriculture and Agri-Food Canada）,,,,,0,0,,,
aafco,,,abbr. Association of American Feed Control Officials 美国饲料控制委员会; Association of American Fertilizer Control Officials 美国肥料控制委员会,,,,,0,0,,,
aag,,,abbr. 美国地理学家协会（Association of American Geographers）；高射炮（Anti-Aircraft Gun）,,,,,0,0,,,
aagaard,,, [人名] 埃格德,,,,,0,0,,,
aage,,,n. (Aage)人名；(丹)奥格；(瑞典)奥耶,,,,,0,0,,,
aaginose,,,"[医] 咽峡炎的, 咽痛的, 绞痛的",,,,,0,0,,,
aah,ɑ:,v express admiration and pleasure by uttering `ooh' or `aah',"abbr.[军] Armored Artillery Howitzer, 装甲榴弹炮\nabbr.[军] Advanced Attack Helicopter, 先进攻击直升机",,,,,17447,27720,s:aahs/i:aahing/p:aahed,,
aahe,,, [医][=Association for the Advancement of Health Education]卫生教育发展协会,,,,,0,0,,,
aahed,,past tense of aah\nv express admiration and pleasure by uttering `ooh' or `aah',"(aah 的过去时) abbr.[军] Armored Artillery Howitzer, 装甲榴弹炮\nabbr.[军] Advanced Attack Helicopter, 先进攻击直升机",,,,,0,0,0:aah/1:p,,
aahhing,,-ing form of aah\nv express admiration and pleasure by uttering `ooh' or `aah',"(aah 的现在分词) abbr.[军] Armored Artillery Howitzer, 装甲榴弹炮\nabbr.[军] Advanced Attack Helicopter, 先进攻击直升机",,,,,0,0,0:aah/1:i,,
aahing,,-ing form of aah\nv express admiration and pleasure by uttering `ooh' or `aah',"(aah 的现在分词) abbr.[军] Armored Artillery Howitzer, 装甲榴弹炮\nabbr.[军] Advanced Attack Helicopter, 先进攻击直升机",,,,,0,0,0:aah/1:i,,
aahp,,, [医][=American Association for Hospital Planning]美国医院规划协会,,,,,0,0,,,
aahper,,," [医][=American Alliance for Health,Physical Education and recreation]美国卫生、体育和娱乐联合会",,,,,0,0,,,
aahperd,,,abbr. American Alliance for Health;  Physical Education;  Recreation;  and Dance 美国健康体育教育娱乐与舞蹈联合会,,,,,0,0,,,
aahs,,plural of aah\nv express admiration and pleasure by uttering `ooh' or `aah',"(aah 的复数) abbr.[军] Armored Artillery Howitzer, 装甲榴弹炮\nabbr.[军] Advanced Attack Helicopter, 先进攻击直升机",,,,,0,0,0:aah/1:s,,
aai,,,n. 空对空识别,,,,,0,0,,,
aaia,,,abbr. Associate of the Association of International Accountants 国际会计师协会准会员; Association of American Indian Affairs 美国印度事务协会,,,,,0,0,,,
aaii,,,abbr. American Association of Individual Investors 美国个人投资者协会; Association for the Advancement of Invention and Innovation 美国发明，革新促进协会,,,,,0,0,,,
aaj,,,"abbr. American Association for Justice 美国司法协会; Arab Airways, Jerusalem 阿拉伯航空公司; Axel Axelson Johnson (Johnson Line) 艾力克森·约翰逊一周半跳（约翰逊顺序）; American Alpine Journal <美国阿尔卑斯报>（期刊）",,,,,0,0,,,
AAJA,,,[Afro-Asian Journalists' Association的缩略]亚非新闻工作者协会,,,,,0,0,,,
aajc,,,abbr. 美国亚裔维权中心（The Asian American Justice Center）；Java教学软件（Authorized Academic Java Campus）,,,,,0,0,,,
aak,,, [医][=Alloactivated killers]同种（异体）活性的杀伤细胞,,,,,0,0,,,
aaker,,,n. (Aaker)人名；(英)阿克,,,,,0,0,,,
AAL,ɑ:l,,[计] 绝对汇编语言,,,,,0,0,,,
Aaland islands,'aulɑ:nd,,= Aland Islands,,,,,0,0,,,
aalboot,'ɔ:lbu:t,,(荷兰的)一种捕鳗帆船,,,,,0,0,,,
Aalborg,'ɔ:lbɔ:^,n a city and port in northern Jutland,奥尔堡[丹麦],,,,,0,0,,,
aalducens oculi,,,[医] 内直肌(眼),,,,,0,0,,,
Aalenian,ɑ:'lenjәn,,阿连阶(中侏罗世的最早期或下侏罗世的最晚期地层),,,,,0,0,,,
aalii,ɑ:'li:i,n a small Hawaiian tree with hard dark wood,"坡柳, 车桑子",,,,,0,0,,,
aaliyah,,,阿莉娅(人名),,,,,0,0,,,
aall,,,n. (Aall)人名；(挪、英)奥尔,,,,,0,0,,,
Aallibalis,,,阿拉巴蒂斯布,,,,,0,0,,,
AALPS,,,自动空运计划制定系统,,,,,0,0,,,
aals,a:l,,abbr. 绝对汇编语言（absolute assembly language）；对空探照灯（Anti-Aircraft Light）；北极航空医学实验室（Arctic Aeromedical Laboratory）\nn. (Aal)人名；(荷)阿尔,,,,,0,0,,,
Aalst,'ɑ:lst,n. a town in central Belgium,"n. 阿尔斯特（比利时中西部城市, 等于Alost）",,,,,0,0,,,
aalto,,,n. (Aalto)人名；(英、芬)阿尔托\n阿尔托,,,,,0,0,,,
AAM,,"n. A Dutch and German measure of liquids, varying in different\n   cities, being at Amsterdam about 41 wine gallons, at Antwerp 36 1/2, at\n   Hamburg 38 1/4.",空对空导弹,,,,,0,0,s:aams,,
aama,,,abbr. 美国汽车制造商协会（American Automobile Manufacturers Association）；市场准人的行政管理措施（Administrative Aspects of Market Access）,,,,,0,0,,,
aamasul,'ɔ:mәsu:l,,乙二[二硫代氨基甲酸]锰与硫的混合物,,,,,0,0,,,
AAMC,,,abbr. 美国医学院协会（American Association of Medical Colleges）,,,,,0,0,,,
aamd,,, [医][=American Association on Mental Deficiency]美国心理缺陷协会,,,,,0,0,,,
AAME,,,[计] 美国微处理机工程师协会,,,,,0,0,,,
aames,,,abbr. American Association for Middle East Studies 美国中东研究协会,,,,,0,0,,,
aamft,,,abbr. American Association for Marriage and Family Therapy 美国婚姻与家庭治疗协会,,,,,0,0,,,
aami,,, [医][=Association of Allergists for Mycological Investigations]真菌学研究变态反应学家协会,,,,,0,0,,,
aamodt,,, [人名] 阿莫特,,,,,0,0,,,
aamr,,, [医][=American Academy of Mental Retardation]美国精神发育迟缓学会,,,,,0,0,,,
Aams,,"plural of AAM\nn. A Dutch and German measure of liquids, varying in different\n   cities, being at Amsterdam about 41 wine gallons, at Antwerp 36 1/2, at\n   Hamburg 38 1/4.",(AAM 的复数) 空对空导弹,,,,,0,0,0:aam/1:s,,
aan,,,abbr. 氨基乙腈（amino acetonitrile）,,,,,0,0,,,
Aanderaa,,,[网络] 安德拉；挪威安德拉,,,,,0,0,,,
aang,,,n. (Aang)人名；(印尼)阿昂,,,,,0,0,,,
aann,,,abbr. American Association of Neuroscience Nurses 美国神经科学护士协会; autoassociative neural network 自动联想神经网络,,,,,0,0,,,
aans,,,abbr. American Academy of Neurology 美国神经病学协会,,,,,0,0,,,
Aanulata,,,[医] 环节动物类,,,,,0,0,,,
aao,,,abbr. 美国眼科协会（American Academy of Ophthalmology）；美国正牙学协会（American Association of Orthodontists）；英澳天文台（Anglo-Australian Observatory）；行政上诉办公室（Administrative Appeals Office）,,,,,0,0,,,
aaos,,,abbr. 美国矫形外科学会（American Academy of Orthopedic Surgeons）,,,,,0,0,,,
AAP,,,"[计] 分析员辅助程序, 相联阵列处理机, 附加应用处理机",,,,,0,0,,,
aapa,,,abbr. 亚太航空协会（Association Of Asia Pacific Airlines）；美国助理内科医师协会（American Academy of Physician's Assistants）；美洲港务局协会（American Association of Port Authorities）,,,,,0,0,,,
aapamoor,'ɑ:pәmjә(r),,"n. [生]丘泽,高低位镶嵌沼泽",,,,,0,0,,,
aapc,,, [医][=antibiotic-associated pseudomembranous colitis]抗菌素相关性假膜性结肠炎,,,,,0,0,,,
AAPL,,,[计] 阵列处理语言,,,,,0,0,,,
aapo,,,abbr. All-African Peoples Organization 全非洲人民组织,,,,,0,0,,,
aapor,,,abbr. American Association for Public Opinion Research 美国舆论研究协会,,,,,0,0,,,
aaprotect,'æprәtekt,,"双[二甲基二硫代氨基甲酸 -S, S']锌",,,,,0,0,,,
aapss,,,abbr. 美国政治和社会科学研究院（American Academy of Political and Social Science）,,,,,0,0,,,
aapt,,,abbr. American Association of Physics Teachers 美国物理教师协会; Association of Asphalt Paving Technologists <美国>沥青铺路技师协会; aminoalcohol phosphotransferase 氨基乙醇磷酸转移酶; aortic arch plaque thickness 主动脉弓斑块厚度,,,,,0,0,,,
Aar,ɑ:(r),n a river in north central Switzerland that runs northeast into the Rhine,"n. 阿勒河(位于瑞士中部,亦作Aare)",,,,,0,0,,,
Aarau,'ɑ:rau,,n. 阿劳（瑞士北部城市名）,,,,,0,0,,,
aarberg,,, [地名] [瑞士] 阿尔贝格,,,,,0,0,,,
aardvark,'ɑ:dvɑ:k,n. nocturnal burrowing mammal of the grasslands of Africa that feeds on termites; sole extant representative of the order Tubulidentata,n. 土豚,,,,,0,42238,s:aardvarks,,
aardvarks,,-s form of aardvark\nn. nocturnal burrowing mammal of the grasslands of Africa that feeds on termites; sole extant representative of the order Tubulidentata,(aardvark 的第三人称 -s形式) n. 土豚,,,,,0,0,0:aardvark/1:s,,
aardwolf,'ɑ:dwulf,n. striped hyena of southeast Africa that feeds chiefly on insects,n. 土狼,,,,,0,0,,,
aardwolves,'ɑːdwʊlf,,n. [脊椎] 土狼,,,,,0,0,,,
aare,'ɑ:rə,n. a river in north central Switzerland that runs northeast into the Rhine,"n. 阿勒河（瑞士中部河流, 等于Aar）",,,,,0,0,,,
Aare River,,,[网络] 阿勒河；亚拉河；沿著阿勒河,,,,,0,0,,,
Aargau,'ɑ:ɡau,,n. 阿尔高（瑞士北部的州）,,,,,0,0,,,
aargh,ɑ:,, 啊 ,,,,,18154,0,,,
Aarhus,'ɔ:hu:s,n port city of Denmark in eastern Jutland,奥尔胡斯(丹麦港市),,,,,0,0,,,
aari,,,abbr. arcuate artery resistance index 弓状动脉抵抗力指数,,,,,0,0,,,
aaric,,,蘑菇,,,,,0,0,,,
AARNet,,,[计] 澳州学术及科技网,,,,,0,0,,,
aaron,'eәrәn,n. United States professional baseball player who hit more home runs than Babe Ruth (born in 1934)\nn. (Old Testament) elder brother of Moses and first high priest of the Israelites; created the golden calf,"n. 亚伦（男子名）；[圣经]亚伦（摩西之兄, 犹太教的第一祭司长）",,,,,12804,0,,,
Aaron Burr,,,n. 阿龙·伯尔,,,,,0,0,,,
Aaron Copland,,,科普兰,,,,,0,0,,,
Aaron Montgomery Ward,,,[网络] 沃德；华德,,,,,0,0,,,
Aaron's beard,'eәrәnz,,"n. [植]金丝桃之类, 梅花草, 草莓虎耳草",,,,,0,0,,,
Aaron's rod,,,[建] 亚伦杖装饰；麒麟草；亚伦魔杖（圣经中希伯来人的第一个祭司长）,,,,,0,0,,,
Aaron's sign,,,[医] 阿隆氏征(阑尾炎时的一种体征),,,,,0,0,,,
Aaronic,eә'rɔnik,a. Alt. of Aaronical,a. 亚伦的,,,,,0,0,,,
aaronical,εə'rɔnikl,"a. Pertaining to Aaron, the first high priest of the Jews.",a. = Aaronic；教皇(般)的,,,,,0,0,,,
Aaronite,"'εərə,nait",,n. 亚伦的后裔；利未人,,,,,0,0,,,
aarons,,,n. (Aarons)人名；(英)阿伦斯,,,,,0,0,,,
aaronson,,,n. (Aaronson)人名；(荷)阿龙松；(英)阿伦森,,,,,0,0,,,
aarp,,n an association of people to promote the welfare of senior citizens,abbr. 美国退休者协会（American Association of Retired Persons）；[计]Apple Talk地址转换协议（AppleTalk Address Resolution Protocol）,,,,,0,0,,,
aarpophalangeal reflex,,,[医] 腕指反射,,,,,0,0,,,
AARS,,n a river in north central Switzerland that runs northeast into the Rhine,[计] 自动地址识别子系统,,,,,0,0,,,
aarschot,,, [地名] [比利时] 阿尔斯霍特,,,,,0,0,,,
aart,,,n. (Aart)人名；(俄、荷)阿尔特\nabbr. 美国康复疗法协会（american association of radiologic technology）,,,,,0,0,,,
aarti,,,n. (Aarti)人名；(芬)阿尔蒂,,,,,0,0,,,
AAS,,n an associate degree in applied science\nn a dry form of lava resembling clinkers\nn an international organization that provides a support group for persons trying to overcome alcoholism\nn an associate degree in arts,[计] 先进管理系统\n[化] 原子吸收分光光度法,,,,,0,0,,,
aasa,,,abbr. Astronomical and Astrophysical Society of America 美国天文学及天体学学会; American Association of School Administrators 美国学校管理者协会; amino acid sequence analysis 氨基酸序列分析; Associate of the Australian Society ofAccountants 澳大利亚会计师学会联盟,,,,,0,0,,,
aascu,,,abbr. American Association of State Colleges and Universities 美国国立大学，学院协会,,,,,0,0,,,
aase,,,n. (Aase)人名；(挪、瑞典)奥瑟,,,,,0,0,,,
aasen,,, [人名] 奥森; [地名] [德国] 阿森,,,,,0,0,,,
aashto,,,abbr. 美国国家公路与运输协会标准（American Association of State Highway and Transportation Officials）,,,,,0,0,,,
aasi,,,abbr. Advertising Agency Service Interchange 广告公司服务中介; American Academy for Scientific Interrogation 美国科学审问研究所; American Association for Scientific Interrogation 美国科学审问协会,,,,,0,0,,,
aasl,,,abbr. antiaircraft searchlight 防空探照灯,,,,,0,0,,,
aaslh,,,abbr. American Association for State and Local History 美国州与地方历史协会,,,,,0,0,,,
aasmus,,,[医] 气喘,,,,,0,0,,,
aasp,'ɑ:sp,, [医][=acute atrophic spinal paralysis]急性萎缩性脊柱麻痹,,,,,0,0,,,
aasvogel,'ɑ:sfәugәl,,n. 南非兀鹫,,,,,0,0,,,
Aasynchronous transmission,,,[计] 异步传输,,,,,0,0,,,
aat,,,abbr. alpha-l antitrypsin α-1抗胰蛋白酶,,,,,0,0,s:aats,,
aat regular intervals,,,[法] 定期,,,,,0,0,,,
aatc,,,abbr. Anti-Aircraft Training Center 防空培训中心,,,,,0,0,,,
aate,,,abbr. American Association of Teachers of Esperanto 美国世界语教员协会; Association of Australian Teachers of English 澳大利亚英语教员协会,,,,,0,0,,,
Aateck,'ætәk,,福代硫(杀菌剂),,,,,0,0,,,
aatigermin,,,"[医] 安替格明(成药,治流行性感冒,神经痛等症)",,,,,0,0,,,
aatitetanolysin,,,[医] 抗破伤风[溶血]素,,,,,0,0,,,
Aatram,'ætrәm,,津安混剂(混合型除草剂),,,,,0,0,,,
Aatrex,'ætrәks,,阿特拉津(选择性除草剂),,,,,0,0,,,
aats,,plural of aat,(aat 的复数) abbr. alpha-l antitrypsin α-1抗胰蛋白酶,,,,,0,0,0:aat/1:s,,
aatt,,,abbr. American Association for Textile Technology 美国纺织技术协会,,,,,0,0,,,
aau,,,abbr. （美国）业余体育联合会（Amateur Athletic Union）；美国大学联合会（Association of American Universities）；自动寻址单元（Automatic Addressing Unit）,,,,,0,0,,,
aaug,,,abbr. Argonne Accelerator Users Group <美国>阿贡加速器用户小组,,,,,0,0,,,
AAUP,,,abbr. 美国大学教授联合会（American Association of University Professors）；美国大学出版社协会（American Association of University Presses）,,,,,0,0,,,
AAUW,,,abbr. 美国大学妇女联合会（American Association of University Women）,,,,,0,0,,,
aav,,,abbr. 空降突击车（Airborne Assault Vehicle）；两栖突击车（Amphibious Assault Vehicle）,,,,,0,0,,,
AAVE,,,[网络] 美国黑人英语(African American Vernacular English)；非裔美国黑人英语；缓急,,,,,0,0,,,
aavso,,,abbr. American Association of Variable Star Observers 美国变星观测者协会,,,,,0,0,,,
aawb,,,abbr. 亚非作家常设局（Afro-Asian Writers' Bureau）,,,,,0,0,,,
aayretic typhoid,,,[医] 无热伤寒,,,,,0,0,,,
aazpa,,,abbr. American Association of Zoological Parks and Aquariums 美国动物园和水族馆协会,,,,,0,0,,,
ab,æb,n. the eleventh month of the civil year; the fifth month of the ecclesiastical year in the Jewish calendar (in July and August)\nn. the blood group whose red cells carry both the A and B antigens,"prep. 从, 自\n[计] 地址总线",,,,,30644,0,i:abbing,,
ab antiquo,,,[法] 自过去; 自昔日; 昔日的; 旧时的,,,,,0,0,,,
ab extra,æb'ekstrә,,从外面,,,,,0,0,,,
ab inconvenienti,,,[拉丁语]以不便为由,,,,,0,0,,,
ab incunabulis,,,"[拉丁语]从襁褓中, 自幼",,,,,0,0,,,
ab initio,.æbi'niʃiәu,,从头开始\n[法] 自始; 从头开始; 从开始起,,,,,0,0,,,
ab intestato,,,[经] 无遗嘱的继承,,,,,0,0,,,
ab intra,,,从内部,,,,,0,0,,,
ab origine,.æbәә'ridʒәni:,,从起初,,,,,0,0,,,
ab ovo,.æb'әuvәu,,自始,,,,,0,0,,,
ab uno disce omnes,æb'ju:nәj'disi:'ɔmni:z,,由一斑而窥全豹,,,,,0,0,,,
ab urbe condita,,,na. 由罗马建都(公元前753年)起算\n[网络] 罗马建城纪年；罗马史；建城以来史,,,,,0,0,,,
ab-,," A prefix in many words of Latin origin. It signifies from, away\n   , separating, or departure, as in abduct, abstract, abscond. See A-(6).","[医] 离, 从",,,,,0,0,,,
ab-ampere,,,[电] 绝对安培,,,,,0,0,,,
ab-oukine,,,[医] 阿布奥开病(雅司病的土名),,,,,0,0,,,
ab-so-lute-ly,'æbsəluːtlɪ,,adv. 绝对地；完全地,,,,,0,0,,,
ab.,,,[医] 抗体,,,,,0,0,,,
aba,'ɑ:bә,n. a loose sleeveless outer garment made from aba cloth; worn by Arabs\nn. a fabric woven from goat hair and camel hair,"n. 宽大无袖长袍, 驼毛织物",,,,,29882,0,s:abas,,
ABA transit number,,,[网络] 美国银行家协会交换号码,,,,,0,0,,,
Ababa,,,n. (Ababa)人名；(塞)阿巴巴,,,,,17876,0,,,
abac,'æbәk,,"<英>(=nomogram)[数]算图,诺模图",,,,,0,0,,,
abaca,.æbә'kɑ:,n. Philippine banana tree having leafstalks that yield Manila hemp used for rope and paper etc,"n. 马尼拉麻, 麻蕉\n[医] 马尼拉麻",,,,,0,0,,,
abaci,'æbәsai,n a tablet placed horizontally on top of the capital of a column as an aid in supporting the architrave\nn a calculator that performs arithmetic functions by manually sliding counters on rods or in grooves,pl. 算盘,,,,,0,0,,,
abacin,,,[化] 复方新诺明片,,,,,0,0,,,
abacinate,,,[网络] 抵制,,,,,0,0,,,
abaciscus,",æbә'siskәs",n. One of the tiles or squares of a tessellated pavement;\n   an abaculus.,"嵌饰, 嵌工用的石[瓦]",,,,,0,0,,,
abacist,'æbәsist,n. One who uses an abacus in casting accounts; a calculator.,n. 用算盘者,,,,,0,0,,,
aback,ә'bæk,r. having the wind against the forward side of the sails\nr. by surprise,"adv. 向后, 朝后, 突然, 船顶风地",,1,,,11826,12786,,,
abaco,,,abbr. Great and Little Abaco islands 大阿巴科群岛和小阿巴科群岛,,,,,0,0,s:abacos,,
abacos,,plural of abaco,(abaco 的复数) abbr. Great and Little Abaco islands 大阿巴科群岛和小阿巴科群岛,,,,,0,0,0:abaco/1:s,,
abacter,,,[法] 一次盗窃一一家畜者,,,,,0,0,,,
abacterial,.eibæk'tiәriәl,,a. 非细菌性的\n[医] 非细菌性的; 无细菌的,,,,,0,0,,,
abactinal,æb'æktinәl,a. (of radiate animals) located on the surface or end opposite to that on which the mouth is situated,"a. 离辐的, 无触角的",,,,,0,0,,,
abactio,ә'bækʃiәu,,[拉](=induced abortion)人工流产,,,,,0,0,,,
abaction,,n. Stealing cattle on a large scale.,[法] 盗窃家畜,,,,,0,0,,,
abactor,ə'bæktə,n. One who steals and drives away cattle or beasts by herds\n   or droves.,"n. 马贼, 牛贼",,,,,0,0,,,
abactos venter,,,[医] 人工流产,,,,,0,0,,,
abaculi,ə'bækjulai,pl.  of Abaculus,n. abaculus的变形,,,,,0,0,,,
abaculus,ә'bækjulәs,"n. A small tile of glass, marble, or other substance, of\n   various colors, used in making ornamental patterns in mosaic pavements.","镶嵌用的小石[玻璃]砖, 嵌块",,,,,0,0,,,
abacus,'æbәkәs,n. a tablet placed horizontally on top of the capital of a column as an aid in supporting the architrave\nn. a calculator that performs arithmetic functions by manually sliding counters on rods or in grooves,n. 算盘\n[计] 算盘,,,,,33592,30850,,,
abacuses,'æbəkəs,pl.  of Abacus,n. 算盘,,,,,0,0,0:abacuse/1:s,,
abad,,,n. (Abad)人名；(阿拉伯、意、土库)阿巴德；(西)阿瓦德,,,,,0,0,,,
abada,,n. The rhinoceros.,n. (Abada)人名；(西)阿瓦达；(法)阿巴达,,,,,0,0,,,
Abadan,æbә'dɑ:n,n a port city in southwestern Iran,阿巴丹岛[伊朗],,,,,0,0,,,
abaddon,ә'bædәn,"n. The destroyer, or angel of the bottomless pit; -- the same\n   as Apollyon and Asmodeus.\nn. Hell; the bottomless pit.","n. 亚巴顿, 地狱",,,,,0,0,,,
abadi,,,n. (Abadi)人名；(英)阿巴迪；(匈)奥鲍迪；(阿拉伯、印尼)阿巴迪,,,,,0,0,,,
abadia,,, [地名] [西班牙] 阿瓦迪亚,,,,,0,0,,,
abadie,,,n. (Abadie)人名；(法、阿拉伯)阿巴迪；(西)阿瓦迭,,,,,0,0,,,
Abadie's sign,,,[医] 阿巴迪氏征(突眼性甲状腺时上睑提肌痉挛;脊髓痨时跟腱反射消失),,,,,0,0,,,
Abadies sign,,,[医] 阿巴迪氏征(突眼性甲状腺肿时上睑提肌痉挛;脊髓痨时跟腱反射消失),,,,,0,0,,,
abaft,ә'bɑ:ft,r at or near or toward the stern of a ship or tail of an airplane,"adv. 在船尾, 向船尾\nprep. 在...后面",,,,,0,0,,,
abag,,,abbr. Association of Bay Area Governments 海湾地区政府联合会; Association of Bay Area Governments (San Francisco) 海湾地区管理协会（旧金山）,,,,,0,0,,,
abagail,,,n. (Abagail)人名；(英)阿比盖尔,,,,,0,0,,,
abagtha,ə'bæɡθə,,n. 亚拔他（波斯王亚哈随鲁宫中七宦官之一）,,,,,0,0,,,
abaiser,ә'beisә,n. Ivory black or animal charcoal.,象牙黑,,,,,0,0,,,
abaisse,ә'beis,,"千层饼, 大蛋糕",,,,,0,0,,,
abaissement,ә'beismәnt,,降下,,,,,0,0,,,
abajo,,, [地名] 下（西班牙语）,,,,,0,0,,,
Abakan,"'ɑ:,bɑ:'kɑ:n",,n. 亚巴坎（俄罗斯联邦中南部城市名）,,,,,0,0,,,
abalah,ә:'bælә,,(=bablabs)阿拉伯胶树豆,,,,,0,0,,,
abalak,,, [地名] [俄罗斯、尼日尔] 阿巴拉克,,,,,0,0,,,
abalienate,æ'beiljәneit,v. t. To transfer the title of from one to another; to\n   alienate.\nv. t. To estrange; to withdraw.\nv. t. To cause alienation of (mind).,"v. [律]移转, 让渡(产权或财产)",,,,,0,0,,,
abalienated,,,"[医] 精神紊乱, 精神错乱的",,,,,0,0,,,
abalienatio,,,"[医] 精神紊乱, 精神错乱",,,,,0,0,,,
abalienatio mentis,,,"[医] 精神紊乱, 精神错乱",,,,,0,0,,,
abalienation,"ә,beiliә'neiʃәn",n. The act of abalienating; alienation; estrangement.,精神错乱,,,,,0,0,,,
abalo,,,n. (Abalo)人名；(西)阿瓦洛；(多哥)阿巴洛,,,,,0,0,,,
abalone,æbә'lәuni,n. any of various large edible marine gastropods of the genus Haliotis having an ear-shaped shell with pearly interior,n. 鲍,,,,,0,27076,s:abalones,,
abalones,,plural of abalone\nn. any of various large edible marine gastropods of the genus Haliotis having an ear-shaped shell with pearly interior,(abalone 的复数) n. 鲍,,,,,0,0,0:abalone/1:s,,
abalyn,æbә'lain,,"[化]松香甲(基)酯, 阿巴林",,,,,0,0,,,
abambulacral,"æ'bæmbu,lәkrәl",,[动]非步带的,,,,,0,0,,,
abamectin,,,[化] 阿巴美丁,,,,,0,0,,,
abamp,"'æb,æmp",,abbr. absolute ampere (10 amperes) 绝对安培(10安),,,,,0,0,,,
abampere,æb'æmpeә,n. a unit of current equal to 10 amperes,[机] 麻田散体,,,,,0,0,,,
abamurus,",æbә'mjurәs",,"挡土墙, 扶壁, 支墩块",,,,,0,0,,,
aban,,,n. 波斯历八月,,,,,0,0,,,
abana,,, [地名] [土耳其] 阿巴纳,,,,,0,0,,,
aband,,v. t. To abandon.\nv. t. To banish; to expel.,n. 壹个组合（乐队）,,,,,0,0,,,
abandon,ә'bændәn,"n. the trait of lacking restraint or control; reckless freedom from inhibition or worry\nv. forsake, leave behind\nv. give up with the intent of never claiming again\nv. stop maintaining or insisting on; of ideas or claims","vt. 放弃, 抛弃, 遗弃, 使屈从, 沉溺, 放纵\nn. 放任, 无拘束, 狂热",,3,1,gk cet4 cet6 ky toefl gre,2057,2182,d:abandoned/p:abandoned/i:abandoning/3:abandons,,
abandon a patent,,,[法] 放弃专利权,,,,,0,0,,,
abandon oneself to,,,沉溺于,,,,,0,0,,,
abandon sb to his fate,,,"听任某人由命运摆布,任由某人自生自灭",,,,,0,0,,,
abandon sb to the mercy of,,,"使…受…的支配,听任…由…摆布",,,,,0,0,,,
abandoned,ә'bændәnd,s. forsaken by owner or inhabitants\ns. free from constraint,"a. 被抛弃的, 无约束的, 恣意放荡的",,3,1,toefl,9617,6184,0:abandon/1:dp/p:abandoned/d:abandoned,,
abandoned call,,,[计] 未接通呼叫,,,,,0,0,,,
abandoned infant,,,"[法] 弃婴, 被遗弃的婴儿",,,,,0,0,,,
abandoned land,,,[法] 荒地,,,,,0,0,,,
abandoned motion,,,"[法] 已取消的申请, 被取消的动议",,,,,0,0,,,
abandoned person,,,[网络] 被遗弃的人,,,,,0,0,,,
abandoned property,,,[法] 被抛弃的财产,,,,,0,0,,,
abandoned ship,,,"[法] 被委付船只, 被弃船只",,,,,0,0,,,
abandoned woman,,,"[法] 被遗弃的妇女, 妓女, 坏女人",,,,,0,0,,,
abandonedly,,adv. Unrestrainedly.,adv. abandoned的变形,,,,,0,0,,,
abandonee,ә.bændә'ni:,n. One to whom anything is legally abandoned.,"n. 弃物受领人, 被委付人\n[经] 受领(或有权受领)被遗弃财物者",,,,,0,0,,,
abandoner,ә'bændәnә,n. One who abandons.,"n. 遗弃者, 委付者\n[经] 委付者, 放弃者",,,,,0,0,,,
abandoning,,"v forsake, leave behind\nv give up with the intent of never claiming again\nv leave behind empty; move out of\nv stop maintaining or insisting on; of ideas or claims\nv leave someone who needs or counts on you; leave in the lurch",v. 放弃；屈服（abandon的现在分词）,,,,,43075,0,0:abandon/1:i,,
abandoning party,,,[经] 遗弃一方,,,,,0,0,,,
abandonment,ә'bændәmәnt,n. the act of giving something up\nn. the voluntary surrender of property (or a right to property) without attempting to reclaim it or give it away,"n. 放弃, 抛弃, 放纵\n[经] 委付, 废弃, 放弃(采矿权)",,,,toefl,8591,9919,s:abandonments,,
abandonment charge,,,[经] 废弃费用,,,,,0,0,,,
abandonment clause,,,[经] 放弃条款,,,,,0,0,,,
abandonment cost,,,"[经] 遗弃成本, 遗弃费用",,,,,0,0,,,
abandonment in extractive industries,,,[经] 采掘工业的废弃,,,,,0,0,,,
abandonment loss,,,[经] 遗弃损失,,,,,0,0,,,
abandonment of action,,,[经] 放弃诉讼,,,,,0,0,,,
abandonment of appeal,,,"[法] 放弃上诉, 撤销上诉",,,,,0,0,,,
abandonment of children,,,[法] 遗弃子女,,,,,0,0,,,
abandonment of claim,,,[法] 放弃索赔,,,,,0,0,,,
abandonment of conract,,,"[法] 撤销契约, 不承认或否认契约",,,,,0,0,,,
abandonment of domicile,,,"[法] 放弃户籍, 废止住所",,,,,0,0,,,
abandonment of facilities or service,,,[经] 设施与服务的遗弃,,,,,0,0,,,
abandonment of husband,,,[法] 遗弃丈夫,,,,,0,0,,,
abandonment of right,,,[法] 放弃权利; 弃权,,,,,0,0,,,
abandonment of ship,,,[经] 船舶的废弃,,,,,0,0,,,
abandonment of voyage,,,[法] 放弃航次,,,,,0,0,,,
abandonment of wife,,,[法] 遗弃妻子,,,,,0,0,,,
abandonments,,plural of abandonment\nn. the act of giving something up\nn. the voluntary surrender of property (or a right to property) without attempting to reclaim it or give it away,"(abandonment 的复数) n. 放弃, 抛弃, 放纵\n[经] 委付, 废弃, 放弃(采矿权)",,,,,0,0,0:abandonment/1:s,,
abandons,əˈbændənz,"n the trait of lacking restraint or control; reckless freedom from inhibition or worry\nn a feeling of extreme emotional intensity\nv forsake, leave behind\nv give up with the intent of never claiming again\nv leave behind empty; move out of\nv stop maintaining or insisting on; of ideas or claims\nv leave someone who needs or counts on you; leave in the lurch",v. 离弃( abandon的第三人称单数 ); 放弃; 遗弃; 陷入,,,,,0,0,0:abandon/1:3,,
abap,,,高级商业应用编程语言（Advanced Business Application Program）,,,,,0,0,,,
abapertural,ә'bæpәtjurәl,,[动]离螺口的,,,,,0,0,,,
abapical,ә'bæpikәl,,"[生]离尖的, 远离尖端的, 尖以外的",,,,,0,0,,,
abapical pole,,,[医] 反顶极,,,,,0,0,,,
abaptiston,",æbæp'tistәn",,n. 圆锯(用于脑部手术),,,,,0,0,,,
abaqus,,,n. 有限元分析（软件名）,,,,,0,0,,,
abar,,,高级炮兵捕获雷达（advanced battery acquisition radar）,,,,,0,0,,,
abarbanel,,, [人名] 阿巴伯内尔,,,,,0,0,,,
abarognosis,"ә,bærɔ^'nәusis",,"[医]无重量感,辨重不能, 压觉缺失",,,,,0,0,,,
abarthrosis,",æbɑ:'θrәusis",,动关节,,,,,0,0,,,
abarticular,",æbɑ:'tikulә",,"非关节的, 关节外的",,,,,0,0,,,
abarticular gout,,,[医] 关节外痛风,,,,,0,0,,,
abarticulation,",æbɑ:tikju:'leiʃәn",n dislocation of a joint,动关节,,,,,0,0,,,
abas,'ɑ:bәs,n a loose sleeveless outer garment made from aba cloth; worn by Arabs\nn a fabric woven from goat hair and camel hair,vt.打倒,,,,,0,0,0:aba/1:s,,
abasable,ә'beisәbl,,"a. 可贬黜的, 可降低的",,,,,0,0,,,
abase,ә'beis,v cause to feel shame; hurt the pride of,"vt. 降低...的地位, 降低...的品格, 贬抑, 使谦卑",,,,gre,41733,41704,i:abasing/p:abased/3:abases/d:abased,,
abase oneself,,,谦卑,,,,,0,0,,,
abased,'a:bəs,"imp. & p. p. of Abase\na. Lowered; humbled.\na. Borne lower than usual, as a fess; also, having the ends of\n   the wings turned downward towards the point of the shield.",vt. 打倒\nn. 诺谟图\nn. (Abas)人名；(阿拉伯、印尼、伊朗、哈萨、吉尔、塔吉、乌兹、阿塞、土库、科摩、俄)阿巴斯,,,,,0,0,1:pd/0:abase,,
abasement,ә'beismәnt,n. a low or downcast state,"n. 贬抑, 屈辱, 谦卑",,,,,46436,43658,,,
abaser,,"n. He who, or that which, abases.",n. abase的变形,,,,,0,0,,,
abases,əˈbeɪsiz,n a loose sleeveless outer garment made from aba cloth; worn by Arabs\nn a fabric woven from goat hair and camel hair\nv cause to feel shame; hurt the pride of,v. 使谦卑( abase的第三人称单数 ); 使感到羞耻; 使降低（地位、身份等）; <古>降下,,,,,0,0,0:abase/1:3,,
abash,ә'bæʃ,v cause to be embarrassed; cause to feel self-conscious,"vt. 使不安, 使羞愧, 使困窘",,,,gre,48446,41079,d:abashed/i:abashing/p:abashed/3:abashes,,
abashed,ә'bæʃd,s. feeling or caused to feel uneasy and self-conscious,"a. 不安的, 窘迫的",,,,toefl,34390,28626,d:abashed/0:abashed/1:d,,
abashedly,,adv. In an abashed manner.,羞愧地,,,,,0,0,,,
abashes,əˈbæʃiz,v cause to be embarrassed; cause to feel self-conscious,"v. 使羞愧, 使局促, 使窘迫( abash的第三人称单数 )",,,,,0,0,1:3/0:abash,,
abashidze,,,n. (Abashidze)人名；(俄)阿巴希泽,,,,,0,0,,,
abashing,ə'bæʃ,p. pr. & vb. n. of Abash,vt. 使困窘；使羞愧；使局促不安,,,,,0,0,1:i/0:abash,,
abashment,ә'bæʃmәnt,n. feeling embarrassed due to modesty,"n. 羞愧, 害臊",,,,,0,0,,,
abasi,,,n. (Abasi)人名；(刚(金)、巴基)阿巴西,,,,,0,0,,,
abasia,ә'beiziә,n inability to walk,n. [医] (神经系统疾病引发的)步行不能,,,,,0,0,,,
abasia astasia,,,[医] 立行不能,,,,,0,0,,,
abasia trepidans,,, [医]震颤性步行不能,,,,,0,0,,,
abasic,,a of or relating to abasia (inability to walk),[医] 步行不能的,,,,,0,0,,,
Abasidia lichtheimli,,,[医] 伞状毛霉菌,,,,,0,0,,,
abasin,ә'beisin,,"阿巴辛, 乙酰阿大林(乙酰二乙基溴化乙酰脲)",,,,,0,0,,,
abasing,'a:bəs,p. pr. & vb. n. of Abase,vt. 打倒\nn. 诺谟图\nn. (Abas)人名；(阿拉伯、印尼、伊朗、哈萨、吉尔、塔吉、乌兹、阿塞、土库、科摩、俄)阿巴斯,,,,,0,0,0:abase/1:i,,
abask,ә'bɑ:sk,,"adv. 在舒适的温暖中, 暖洋洋地",,,,,0,0,,,
abassi,,n. Alt. of Abassis,n. (Abassi)人名；(巴基)阿巴西,,,,,0,0,,,
Abat,,,[化] 双硫磷,,,,,0,0,,,
abat-vent,,,[化] 通风帽,,,,,0,0,,,
abatable,,"a. Capable of being abated; as, an abatable writ or\n   nuisance.",可以降价的\n可以撤消的\n可以废除的,,,,,0,0,,,
abatable nuisance,,,[网络] 可怕的滋扰,,,,,0,0,,,
abatacept,,,阿巴西普（药名）,,,,,0,0,,,
abatage,,,[医] 屠宰,,,,,0,0,,,
abatardissement,,,[医] 种族衰退,,,,,0,0,,,
abate,ә'beit,v. become less in amount or intensity,"vt. 减少, 减轻, 减弱, 废除, 打折扣\nvi. 减轻, 减弱, 减少, 失效, 被废除",,1,,toefl gre,13783,13243,d:abated/i:abating/p:abated/3:abates,,
abate a cause of cation,,,[法] 中止诉讼原因,,,,,0,0,,,
abate a debt,,,[法] 减免债务,,,,,0,0,,,
abate a nuisance,,,排除骚扰,,,,,0,0,,,
abate a price,,,[经] 还价,,,,,0,0,,,
abate a tax,,,减税,,,,,0,0,,,
abate sb of sth,,,剥夺某人的某物,,,,,0,0,,,
abated,ə'beɪt,imp. & p. p. of Abate,vt. 减轻；减少；废除\nvi. 减轻；失效\nn. (Abate)人名；(英、意、法、埃塞)阿巴特,,,,,0,0,0:abate/1:dp,,
abatement,ә'beitmәnt,n. the act of abating,"n. 减少, 减轻, 缓和, 折扣, 撤消, 中止\n[化] 废料; 失效",,,,,23566,16332,s:abatements,,
abatement claim,,,"[经] 请求裁减(税), 要求减(降)价",,,,,0,0,,,
abatement from penalty,,,[法] 减刑,,,,,0,0,,,
abatement of a nuisance,,,[网络] 减轻滋扰,,,,,0,0,,,
abatement of action,,,"[法] 撤销诉讼, 中止诉讼",,,,,0,0,,,
abatement of debts,,,"[法] 废除债务, 减轻债务",,,,,0,0,,,
abatement of fire hazard,,,"[法] 消除火患, 减轻火灾危害",,,,,0,0,,,
abatement of freehold,,,[法] 地产减少,,,,,0,0,,,
abatement of legacies,,,[法] 遗产或遗赠物的放弃,,,,,0,0,,,
abatement of nuisance,,,"[法] 减轻损害, 排除妨害, 减少干扰",,,,,0,0,,,
abatement of purchase money,,,[法] 压低买价,,,,,0,0,,,
abatement of taxes,,,[经] 减税,,,,,0,0,,,
abatement order,,,"[法] 废除令, 撤销令",,,,,0,0,,,
abatements,,plural of abatement\nn. the act of abating,"(abatement 的复数) n. 减少, 减轻, 缓和, 折扣, 撤消, 中止\n[化] 废料; 失效",,,,,0,0,0:abatement/1:s,,
abatementum,,,[法] 强夺财产,,,,,0,0,,,
abater,,"n. One who, or that which, abates.","[法] 撤销者, 诉讼中止原因, 除害者",,,,,0,0,,,
abates,əˈbeɪts,v make less active or intense\nv become less in amount or intensity,v. 减少( abate的第三人称单数 ); 减去; 降价; 撤消（诉讼）,,,,,0,0,0:abate/1:3,,
Abati drying oven,,,[化] 阿巴提干燥箱; 阿巴提干燥烘箱,,,,,0,0,,,
abatic,,a of or relating to abasia (inability to walk),[医] 步行不能的,,,,,0,0,,,
abating,,v make less active or intense\nv become less in amount or intensity,n. [机械]硬度降低,,,,,0,0,0:abate/1:i,,
abating rents,,,[法] 减少租金,,,,,0,0,,,
abatis,'æbәtis,n a line of defense consisting of a barrier of felled or live trees with branches (sharpened or with barbed wire entwined) pointed toward the enemy,"n. 鹿砦, 有刺铁丝网",,,,,0,0,,,
abatised,'æbətɪs,a. Provided with an abatis.,n. 【军事】；鹿砦,,,,,0,0,,,
abatment,,,"[电] 消除, 减除",,,,,0,0,,,
abator,,"n. One who abates a nuisance.\nn. A person who, without right, enters into a freehold on the\n   death of the last possessor, before the heir or devisee.",撤消者\n废除者,,,,,0,0,,,
abattage,ɑ:bә'tɑ:ʒ,,n. 为防止传染而被屠杀的有病之牲畜,,,,,0,0,,,
abattis,'æbәtis,n a line of defense consisting of a barrier of felled or live trees with branches (sharpened or with barbed wire entwined) pointed toward the enemy,"n. 鹿砦, 铁丝网",,,,,0,0,,,
abattle,,,[网络] 战役；战斗；一场战斗,,,,,0,0,,,
abattoir,'æbәtwɑ:,n. a building where animals are butchered,"n. 屠场, 角斗场\n[医] 屠宰场",,,,,21485,34021,s:abattoirs,,
abattoirs,'æbətwɑː,pl.  of Abattoir,n. 屠宰场；角斗场,,,,,0,0,0:abattoir/1:s,,
abatvoix,,,吸音板,,,,,0,0,,,
abaxial,æb'æksiәl,a. facing away from the axis of an organ or organism,a. 离开轴心的\n[化] 离轴的,,,,,0,0,,,
abaxially,,,背轴地,,,,,0,0,,,
abaxile,,a. Away from the axis or central line; eccentric.,"[医] 远轴的, 离轴的, 轴外的",,,,,0,0,,,
abay,,n. Barking; baying of dogs upon their prey. See Bay.,n. 阿拜（哈萨克斯坦男子名）,,,,,0,0,,,
abaya,ә'beijә,n. (Arabic) a loose black robe from head to toe; traditionally worn by Muslim women,"n. 毛织物, (阿拉伯式)长袍",,,,,0,37347,s:abayas,,
abayas,,plural of abaya\nn. (Arabic) a loose black robe from head to toe; traditionally worn by Muslim women,"(abaya 的复数) n.毛织物, (阿拉伯式)长袍",,,,,0,0,0:abaya/1:s,,
abaza,,,n. (Abaza)人名；(俄)阿巴扎；(阿拉伯、塞、土、土库、哈萨、塔吉、吉尔、法)阿巴扎,,,,,0,0,,,
abb,æb,n an urban hit squad and guerrilla group of the Communist Party in the Philippines; formed in the 1980s,"n. 等外羊毛, 纬纱\n[计] 积木块阵列",,,,,36972,0,,,
Abba,'æbә,"n. Father; religious superior; -- in the Syriac, Coptic, and\n   Ethiopic churches, a title given to the bishops, and by the bishops to\n   the patriarch.",n. 阿爸父(耶稣对上帝的尊称),,,,,25039,0,,,
abbacies,'æbəsɪ,pl.  of Abbacy,n. 任期；男修道院院长之职位；管区,,,,,0,0,0:abbacy/1:s,,
abbacy,'æbәsi,n. the jurisdiction or office of an abbot,n. 修道院院长的职位(或管区、任期),,,,,0,0,s:abbacies,,
abbado,,,n. (Abbado)人名；(意、英)阿巴多,,,,,0,0,,,
Abbai,,,n. (Abbai)人名；(埃塞)阿拜,,,,,0,0,,,
Abbas,,,"n. 阿巴斯（地名, 伊朗最大港口）；阿巴斯王朝",,,,,25818,0,,,
abbasi,,,n. (Abbasi)人名；(阿拉伯)阿巴西；(巴基)阿巴西,,,,,0,0,,,
Abbasid,ә'bæsid; 'æbәsid,,(阿拉伯帝国)阿巴斯王朝(750-1258) 的统治者,,,,,0,0,,,
abbasids,ə'bæsids,,n. 阿巴斯王朝（750-1258，阿拉伯帝国的第二个王朝，因崇尚黑色，中国史书称为“黑衣大食”）,,,,,0,0,,,
abbass,,,n. (Abbass)人名；(伊朗)阿巴斯,,,,,0,0,,,
abbassid,ə'bæsid; 'æbə-; ə'bæsaid,,n. 【历史】(阿拉伯帝国)阿拔斯王朝(750～1258)的哈里发\nadj. (阿拉伯帝国)阿拔斯王朝的,,,,,0,0,,,
abbate,ɑːb'bɑːteɪ,,n. (意大利的)修道院院长；教士,,,,,0,0,,,
abbatial,ә'beiʃәl,"a. of or having to do with or belonging to an abbey or abbot, or abbess","a. 修道院的, 修道院院长的",,,,,0,0,,,
abbau,,,"[医] 分解, 分解代谢",,,,,0,0,,,
abbaye,,,n. (Abbaye)人名；(法)阿贝,,,,,0,0,,,
abbe,'æbei,n. a French abbot,"n. 男修道院院长, 神父",,,,,0,42662,3:abbes,,
Abbe condenser,,,[化] 阿贝聚光器,,,,,0,0,,,
Abbe criterion,,,[计] 阿贝判据,,,,,0,0,,,
Abbe invariant,,,[化] 阿贝不变量,,,,,0,0,,,
Abbe principle of image formation,,,[化] 阿贝成像原理,,,,,0,0,,,
Abbe refractometer,,,[化] 阿贝折射计\n[医] 阿贝氏折射计,,,,,0,0,,,
Abbe sine condition,,,[化] 阿贝正弦条件,,,,,0,0,,,
Abbe's condenser,,,[医] 阿贝氏聚光器,,,,,0,0,,,
Abbe's operation,,,[医] 阿贝氏手术(肠侧面吻合术),,,,,0,0,,,
Abbe's rings,,,[医] 阿贝氏肠线环(用于肠吻合术),,,,,0,0,,,
Abbe's string method,,,[医] 阿贝氏线割法(治食管狭窄),,,,,0,0,,,
Abbe-Zeiss counting cell,,,[医] 阿-蔡二氏计数池(血细胞计数器),,,,,0,0,,,
abbell,,, [人名] 阿贝尔,,,,,0,0,,,
abbertite,'æbә:tait,,黑沥青,,,,,0,0,,,
abbes,,-s form of abbe\nn. a French abbot,"(abbe 的第三人称 -s形式) n. 男修道院院长, 神父",,,,,0,0,0:abbe/1:3,,
abbess,'æbes,n. the superior of a group of nuns,n. 女修道院院长,,,,,27922,29063,s:abbesses,,
abbesses,ˈæbɪsiz,n. the superior of a group of nuns,n. 女修道院院长( abbess的复数形式 ),,,,,0,0,0:abbess/1:s,,
abbett,,, [人名] 阿贝特,,,,,0,0,,,
Abbeville,'æbivil,,n. 阿布维尔（法国一城市）,,,,,47123,0,,,
Abbevillian,",æbi'viliәn",,a. & n.阿布维利文化(的)( 指欧洲旧石器时代初期较早阶段的文化),,,,,0,0,,,
abbey,'æbi,n. a church associated with a monastery or convent\nn. a convent ruled by an abbess\nn. a monastery ruled by an abbot,n. 大修道院,,2,,,3572,17783,s:abbeys,,
abbeys,'æbɪ,pl.  of Abbey,"n. 大修道院, 大寺院；修道院中全体修士或修女\nn. (Abbey)人名；(法)阿贝；(英)阿比(教名Abigail的昵称)",,,,,0,0,0:abbey/1:s,,
abbeystead,'æbisted,,n. 修道院所在地,,,,,0,0,,,
abbi,,,高级乳腺活检（Advanced Breast Biopsy Instrumentation）,,,,,0,0,,,
abbie,'æbi:,,n. 阿比（女子名）,,,,,0,0,,,
abbing,,-ing form of ab\nn. the eleventh month of the civil year; the fifth month of the ecclesiastical year in the Jewish calendar (in July and August)\nn. the blood group whose red cells carry both the A and B antigens,"(ab 的现在分词) prep. 从, 自\n[计] 地址总线",,,,,0,0,0:ab/1:i,,
abbink,,,n. (Abbink)人名；(英)阿宾克,,,,,0,0,,,
abbitt,,, [人名] 阿比特,,,,,0,0,,,
abbot,'æbәt,n. the superior of an abbey of monks,"n. 男修道院院长, 大寺院男住持",,,,,9276,21439,s:abbots,,
Abbot's paste,,,[医] 艾波特氏糊(杀牙神经用),,,,,0,0,,,
abbot-general,,,[网络] 总院牧,,,,,0,0,,,
abbotcy,ˊæbәtsi,,n. 大修道院院长之职;管区等,,,,,0,0,,,
abbots,ˈæbəts,n. the superior of an abbey of monks,n. 男修道院院长( abbot的复数形式 ); 隐修院院长; 大寺院男住持; 男修道院院长的职务,,,,,0,0,0:abbot/1:s,,
Abbotsford,'æbətsfəd,,n. 阿博茨福德（苏格兰一城市）,,,,,0,0,,,
abbotship,ˊæbәtʃip,,n. 大修道院院长之职,,,,,0,0,,,
Abbott,'æbət,,n. 阿尔伯特（人名）；雅培（公司名）,,,,,13084,0,,,
Abbott Lawrence Lowell,,,[网络] 洛厄尔；继任者劳威尔,,,,,0,0,,,
Abbott's method,,,[医] 艾波特氏法(治疗脊柱侧凸),,,,,0,0,,,
Abbott-Miller tube,,,"[医] 艾-米二氏管, 米-艾二氏管, 双腔肠管(注入及抽出两用的肠管)",,,,,0,0,,,
Abbott-Rawson tube,,,"[医] 艾-罗二氏管(双筒管,胃肠吻合用)",,,,,0,0,,,
abbotts,'æbət,,n. 雅培（公司名）；阿尔伯特（人名）,,,,,0,0,,,
abboud,,,n. (Abboud)人名；(英、阿拉伯)阿布德,,,,,0,0,,,
abbr,'æbr,, abbreviation 缩写,,,,,0,0,,,
abbr.,,,abbr. 同“abbreviation”；同“abbreviated”\n[网络] 缩写；略语；的缩写,,,,,0,0,,,
abbrev,,,[计] 缩写,,,,,0,0,,,
abbreviate,ә'bri:vieit,v. shorten,"vt. 缩写, 使...简略, 缩短\nvi. 使用缩写词",,,,toefl gre,20690,22759,d:abbreviated/i:abbreviating/p:abbreviated/3:abbreviates,,
abbreviated,,s. (of clothing) very short\ns. cut short in duration,"[计] 缩写的, 短缩的, 简写的, 简略的, 缩略的\n[医] 减短的, 缩减的, 省略的",,,,,21124,18452,d:abbreviated/0:abbreviated/1:d,,
abbreviated address,,,"[计] 短缩的地址, 缩址",,,,,0,0,,,
abbreviated address calling,,,[计] 缩址呼叫,,,,,0,0,,,
abbreviated addressing,,,[计] 短缩编址,,,,,0,0,,,
abbreviated analysis,,,[化] 简略分析,,,,,0,0,,,
abbreviated argument,,,[计] 短缩变元,,,,,0,0,,,
abbreviated call,,,"[计] 短缩呼叫, 简呼",,,,,0,0,,,
abbreviated character,,,"[计] 简化字符, 缩写字符",,,,,0,0,,,
abbreviated dialing,,,[计] 简略拨号,,,,,0,0,,,
abbreviated form,,,"[计] 缩写形式, 简写形式",,,,,0,0,,,
abbreviated formula,,,[化] 缩写式,,,,,0,0,,,
abbreviated header,,,[计] 缩写标题,,,,,0,0,,,
abbreviated keyword,,,[计] 简缩关键字,,,,,0,0,,,
abbreviated name,,,[计] 略语名称,,,,,0,0,,,
abbreviated table,,,[计] 简缩表,,,,,0,0,,,
abbreviated volute,,,[化] 简化蜗壳,,,,,0,0,,,
abbreviates,əˈbri:vi:ˌeɪts,v reduce in scope while retaining essential elements\nv shorten,v. 使简短( abbreviate的第三人称单数 ); 缩简; 缩略; 使用缩写词,,,,,0,0,1:3/0:abbreviate,,
abbreviating,ə'briːvɪeɪt,p. pr. & vb. n. of Abbreviate,"vt. 缩写, 使省略；使简短\nvi. 使用缩写词",,,,,0,0,0:abbreviate/1:i,,
abbreviation,ә.bri:vi'eiʃәn,n. a shortened form of a word or phrase\nn. shortening something by omitting parts of it,"n. 缩写词, 缩写, 缩短, 节略",,,,cet6 toefl ielts,15465,20008,s:abbreviations,,
abbreviations,əbri:v'ɪeɪʃnz,n. a shortened form of a word or phrase\nn. shortening something by omitting parts of it,n. 缩写( abbreviation的复数形式 ); 缩写词; 略语,,,,,0,0,0:abbreviation/1:s,,
abbreviative,,,[计] 缩写,,,,,0,0,,,
abbreviative notation,,,"[计] 缩写记号, 缩写标记, 短缩表示",,,,,0,0,,,
abbreviator,ә'bri:vieitә,n one who shortens or abridges or condenses a written work,n. 缩写者,,,,,0,0,,,
abbreviators,,,使用缩写词的人( abbreviator的名词复数 ),,,,,0,0,,,
abbreviatory,"ә'bri:vi,eitәri",a. Serving or tending to abbreviate; shortening;\n   abridging.,"[计] 缩写的, 省略的, 短缩的, 简略的",,,,,0,0,,,
abbreviature of adjudication,,,[法] 裁判要旨,,,,,0,0,,,
abbroachment,ә'brәutʃmәnt,,对市场的垄断,,,,,0,0,,,
abbs,,n an urban hit squad and guerrilla group of the Communist Party in the Philippines; formed in the 1980s,abbr. 建筑论坛,,,,,0,0,,,
abby,'æbi,,n. 艾比（女子名）,,,,,39657,0,,,
abbys,'æbi,,艾比(女子名)[Abigail的昵称],,,,,0,0,,,
ABC,'eibi:'si:,n the elementary stages of any subject (usually plural),"预定章程, 美国广播公司, 澳大利亚广播公司, 字母表, 基础知识\n[计] 记帐预算计价系统, 通用插件板计算机, 美国广播公司, 自动编码系统",,2,,,12798,0,s:abcs,,
abc analysis,,,"[经] ABC分析, ABC分类控制法",,,,,0,0,,,
abc classification,,,[经] ABC分类法,,,,,0,0,,,
abc control system,,,[经] ABC存货控制制度,,,,,0,0,,,
abc sex,,"Sex only on Anniversaries, Birthdays and Christmas\n> They've been married so long they only have abc sex\n",,,,,,0,0,,,
abc universal commercial telegraphic code,,,[经] ABC世界商业电码,,,,,0,0,,,
ABC's,,,n. 基础知识；字母表 (ABC的变形),,,,,0,0,,,
abc-clio,ˌeɪbi:ˈsi: ˈklaiəu,,"abbr. American Bibliographical Center-Clio Press (Santa Barbara, California) 美国文献中心/克利俄出版社（圣巴巴拉，加利福尼亚）",,,,,0,0,,,
abc-tv,,,abbr. Australian Broadcasting Commission-television 澳大利亚广播电视委员会,,,,,0,0,,,
abcc,,,abbr. 自动亮度反差调整（automatic brightness contrast control）,,,,,0,0,,,
abcd,,,abbr. 加快收寄投递系统（Accelerated Business Collection and Delivery）,,,,,0,0,,,
abcde,,,abbr. 一个更好的CD编码器（A Better CD Encoder）,,,,,0,0,,,
abcfm,,,abbr. American Board of Commissioners for Foreign Missions 美国国外布道团委员会,,,,,0,0,,,
abchalazal,",æbkә'leizәl",,"[植]离合点的, 合点外的",,,,,0,0,,,
abciximab,,,阿昔单抗,,,,,0,0,,,
abcoulomb,æb'ku:lɔm,n. a unit of electrical charge equal to 10 coulombs,[电] 绝对库伦,,,,,0,0,,,
Abcs,,plural of ABC\nn the elementary stages of any subject (usually plural),"(ABC 的复数) 预定章程, 美国广播公司, 澳大利亚广播公司, 字母表, 基础知识\n[计] 记帐预算计价系统, 通用插件板计算机, 美国广播公司, 自动编码系统",,,,,0,0,0:abc/1:s,,
abd,,,abbr. [俚]准博士（All But Dissertation）,,,,,30001,0,,,
abd-el,,,n. (Abdel)人名；(阿拉伯、哈萨、塔吉、吉尔、乌兹、阿塞、土库、乍、塞)阿卜杜勒,,,,,0,0,,,
abdali,,,n. (Abdali)人名；(阿拉伯)阿卜杜利,,,,,0,0,,,
abdalla,,,n. (Abdalla)人名；(葡、塞)阿布达拉；(西)阿夫达利亚；(阿拉伯、坦桑)阿卜杜拉,,,,,0,0,,,
Abdallah,,,n. (Abdallah)人名；(坦桑、阿拉伯)阿卜杜拉,,,,,30126,0,,,
abde,,,abbr. airport bird-detection equipment 机场飞鸟探测设备,,,,,0,0,,,
abdeen,,,n. (Abdeen)人名；(阿拉伯)阿卜丁,,,,,0,0,,,
Abdel,,,n. (Abdel)人名；(阿拉伯、哈萨、塔吉、吉尔、乌兹、阿塞、土库、乍、塞)阿卜杜勒,,,,,29282,0,,,
abdel-aziz,,,n. (Abdelaziz)人名；(阿拉伯)阿卜杜勒-阿齐兹,,,,,0,0,,,
abdelaziz,,,n. (Abdelaziz)人名；(阿拉伯)阿卜杜勒-阿齐兹,,,,,0,0,,,
abdelhamid,,,n. (Abdelhamid)人名；(阿拉伯)阿卜杜勒-哈米德,,,,,0,0,,,
Abdelkader,,,n. (Abdelkader)人名；(阿拉伯)阿朴杜勒-卡德尔；(1808-83)阿卜杜卡迪尔〈阿尔及〉军事家。,,,,,0,0,,,
abdelkrim,,,n. (Abdelkrim)人名；(阿拉伯)阿卜杜勒-卡里姆,,,,,0,0,,,
abdella,,,n. (Abdella)人名；(索)阿卜杜拉,,,,,0,0,,,
abdellah,,,n. (Abdellah)人名；(阿拉伯)阿卜杜拉,,,,,0,0,,,
abdellatif,,,n. (Abdellatif)人名；(阿拉伯)阿卜杜勒-拉蒂夫,,,,,0,0,,,
abdelmalek,,,n. (Abdelmalek)人名；(阿拉伯)阿卜杜勒-马利克,,,,,0,0,,,
abdera,'æbdərə,,n. 阿夫季拉（古希腊色雷斯沿海一城镇）,,,,,0,0,,,
Abderhalden dryer,,,[化] 阿布德哈登干燥器; 干燥枪,,,,,0,0,,,
abderhalden's cancer serum,,,[医] 阿布德豪登氏抗癌血清,,,,,0,0,,,
Abderhalden's dialysis,,,"[医] 阿布德豪登氏透析(法), 阿布德豪登氏反应(血清酶反应)",,,,,0,0,,,
Abderhalden's reaction,,,[医] 阿布德豪登氏反应(血清酶反应),,,,,0,0,,,
Abderhalden's test,,,[医] 阿布德豪登氏试验(检孕),,,,,0,0,,,
Abderhalden-Fauser reaction,,,"[医] 阿-福二氏反应, 阿布德豪登氏反应",,,,,0,0,,,
abderite,"'æbdə,rait","n. An inhabitant of Abdera, in Thrace.",n. 愚笨者,,,,,0,0,,,
abdest,,n. Purification by washing the hands before prayer; -- a\n   Mohammedan rite.,"abbr. all but dissertation [美国英语](已修毕课程通过考试, 但尚欠论文的)准博士, 已通过博士学位的各项考核却未写博士论文者；除论文外一切资格齐备, [亦作 A.B.D.]",,,,,0,0,,,
abdi,,,n. (Abdi)人名；(阿拉伯、土、塞、阿尔巴)阿卜迪,,,,,0,0,,,
Abdias,æb'daiәs,n a Hebrew minor prophet\nn an Old Testament book telling Obadiah's prophecies; the shortest book in the Christian Bible,"n. [圣经] 希伯来的先知, 俄巴底亚书",,,,,0,0,,,
abdic,,," [医][=Adriamycin(doxorubicin)，bleomycin,dacarbazine(DIC)，CCNU(lomustine)]阿霉素、博莱霉素、氮烯唑胺、环己亚硝脲",,,,,0,0,,,
abdicable,'æbdikŋbl,s. capable of being discarded or renounced or relinquished,"a. 可放弃的, 可辞职的",,,,,0,0,,,
abdicant,'æbdikәnt,a. Abdicating; renouncing; -- followed by of.\nn. One who abdicates.,n. 退位者\na. 逊位的,,,,,0,0,,,
abdicate,'æbdikeit,"v. give up, such as power, as of monarchs and emperors, or duties and obligations","vt. 正式放弃\nvi. 退位, 退出, 辞职",,,,toefl gre,18884,19114,p:abdicated/d:abdicated/i:abdicating/3:abdicates/s:abdicates,,
abdicate the throne in favor of sb,,,把王位让给某人,,,,,0,0,,,
abdicated,'æbdɪkeɪt,imp. & p. p. of Abdicate,v. 退位；放弃,,,,,0,0,0:abdicate/1:pd/p:abdicated,,
abdicates,ˈæbdɪˌkeɪts,"v give up, such as power, as of monarchs and emperors, or duties and obligations","v. 放弃（职责、权力等）( abdicate的第三人称单数 ); 退位, 逊位",,,,,0,0,0:abdicate/1:3s,,
abdicating,'æbdɪkeɪt,p. pr. & vb. n. of Abdicate,v. 退位；放弃,,,,,0,0,0:abdicate/1:i,,
abdication,.æbdi'keiʃәn,n. a formal resignation and renunciation of powers\nn. the act of abdicating,"n. 逊位, 弃权, 辞职",,,,,19733,23972,,,
abdications,",æbdi'keiʃən",,n. 辞职；退位,,,,,0,0,,,
abdicative,,"a. Causing, or implying, abdication.",a. abdicate的变形,,,,,0,0,,,
abdicator,'æbdikeitә,n. one who formally relinquishes an office or responsibility,"n. 放弃者, 让位者\n[法] 放弃者, 弃权者",,,,,0,0,,,
abdil,,,n. (Abdil)人名；(吉尔)阿卜杜勒,,,,,0,0,,,
abdin,,,n. (Abdin)人名；(阿拉伯)阿卜丁,,,,,0,0,,,
abdirahman,,,n. (Abdirahman)人名；(阿拉伯)阿卜迪拉赫曼,,,,,0,0,,,
abditive,,,abditive (not comparable)\n(rare) Having the quality of hiding\n,,,,,0,0,,,
ABDL,,,[计] 自动二进制数据链路,,,,,0,0,,,
abdo,,,n. (Abdo)人名；(阿拉伯)阿卜杜；(葡)阿布多,,,,,0,0,,,
abdom,'æbdəm,, [医][=abdomen]腹部,,,,,0,0,,,
abdom.,,,[医] 腹[部],,,,,0,0,,,
abdomen,'æbdәmen,n. the region of the body of a vertebrate between the thorax and the pelvis,n. 腹部\n[医] 腹[部],,1,,ky,12361,9711,s:abdomens,,
abdomen obstipum,,,[医] 曲腹(腹直肌先天性短缩),,,,,0,0,,,
abdomens,ˈæbdəmənz,n. the region of the body of a vertebrate between the thorax and the pelvis\nn. the cavity containing the major viscera; in mammals it is separated from the thorax by the diaphragm,n. 腹（部）( abdomen的复数形式 ),,,,,0,0,0:abdomen/1:s,,
abdominal,æb'dɒminәl,n. the muscles of the abdomen\na. of or relating to or near the abdomen,"a. 腹部的, 有腹鳍的\n[医] 腹[部]的",,,,,9330,10520,s:abdominals,,
abdominal actinomycosis,æbˈdɔmənəl ˌæktinəumaiˈkəusis,, 腹放线菌病,,,,,0,0,,,
abdominal aneurysm,,,[医] 腹主动脉瘤,,,,,0,0,,,
abdominal aorta,æbˈdɔmənəl eɪˈɔ:tə,, 腹主动脉，主动脉腹部,,,,,0,0,,,
abdominal aortic aneurysm,,, 腹主动脉瘤,,,,,0,0,,,
abdominal aponeurosis,,,[医] 腹肌腱膜,,,,,0,0,,,
abdominal apoplexy,,,"[医] 腹部卒中, 腹腔内猝出血",,,,,0,0,,,
abdominal asthma,,,[医] 腹性气喘,,,,,0,0,,,
abdominal ballottement,,,"[医] 腹部冲击触诊[法], 间接冲击触诊[法]",,,,,0,0,,,
abdominal bandage,,,[医] 腹带,,,,,0,0,,,
abdominal belt,,,[医] 腹带,,,,,0,0,,,
abdominal breathing,,,[医] 腹式呼吸,,,,,0,0,,,
abdominal canal,,,[医] 腹股沟管,,,,,0,0,,,
abdominal cavity,æbˈdɔmənəl ˈkæviti,, 腹腔,,,,,0,0,,,
abdominal center,,,"[医] 腹[上区皮]反射中枢(脊髓), 腹腔丛",,,,,0,0,,,
abdominal colotomy,,,[医] 剖腹结肠造口术,,,,,0,0,,,
abdominal cystotomy,,,[医] 剖腹膀胱切开术,,,,,0,0,,,
abdominal delivery,,,[医] 剖腹产,,,,,0,0,,,
abdominal distention,,,[医] 腹部膨胀,,,,,0,0,,,
abdominal dropsy,,,[医] 腹水,,,,,0,0,,,
abdominal enterotomy,,,[医] 肠原性中毒,,,,,0,0,,,
abdominal epilepsy,,,[医] 腹性癫痫,,,,,0,0,,,
abdominal external oblique muscle,,,[网络] 外斜肌,,,,,0,0,,,
abdominal fissure,,,[医] 腹壁裂,,,,,0,0,,,
abdominal fistula,,,[医] 腹壁瘘,,,,,0,0,,,
abdominal ganglion,,,[医] 腹[腔]神经节,,,,,0,0,,,
abdominal gastrotomy,,,[医] 剖腹胃切开术,,,,,0,0,,,
abdominal gestation,,,[医] 腹腔妊娠,,,,,0,0,,,
abdominal heart,,,[医] 腹位心,,,,,0,0,,,
abdominal hepatotomy,,,[医] 剖腹肝切开术,,,,,0,0,,,
abdominal hernia,,,[医] 腹疝,,,,,0,0,,,
abdominal ileotomy,,,[医] 剖腹回肠切开术,,,,,0,0,,,
abdominal incision,,,"[医] 腹壁切口, 腹切开",,,,,0,0,,,
abdominal influenza,,,[医] 腹型流感,,,,,0,0,,,
abdominal injury,,,[医] 腹部损伤,,,,,0,0,,,
abdominal line,,,[医] 腹线,,,,,0,0,,,
abdominal markings,,,[医] 腹部花纹,,,,,0,0,,,
abdominal migraine,,,[医] 腹型偏头痛,,,,,0,0,,,
abdominal muscle,æbˈdɔmənəl ˈmʌsl,, 腹肌,,,,,0,0,,,
abdominal myomectomy,,,[医] 剖腹肌瘤切除术,,,,,0,0,,,
abdominal nephrectomy,,,[医] 经腹肾切除术,,,,,0,0,,,
abdominal nephrotomy,,,[医] 经腹肾切开术,,,,,0,0,,,
abdominal nerve plexus,,,[网络] 腹部神经丛,,,,,0,0,,,
abdominal neurasthenia,,,[医] 胃肠神经衰弱,,,,,0,0,,,
abdominal operation,,,[医] 腹部手术,,,,,0,0,,,
abdominal ovariectomy,,,[医] 剖腹卵巢切除术,,,,,0,0,,,
abdominal ovariotomy,,,[医] 剖腹卵巢切除术,,,,,0,0,,,
abdominal pad,,,[医] 腹部垫,,,,,0,0,,,
abdominal paracentesis,,,[医] 腹腔穿刺术,,,,,0,0,,,
abdominal phthisis,,,[医] 腹痨(肠及肠系膜淋巴结结核),,,,,0,0,,,
abdominal pool,,,[医] 腹腔郁血,,,,,0,0,,,
abdominal pregnancy,,,[医] 腹腔妊娠,,,,,0,0,,,
abdominal pressure,,,[医] 腹压,,,,,0,0,,,
abdominal ptosis,,,[医] [腹]内脏下垂,,,,,0,0,,,
abdominal pulse,,,[医] 腹部[主动脉]脉搏,,,,,0,0,,,
abdominal reflexes,,,[医] 腹[壁]反射,,,,,0,0,,,
abdominal respiration,,,[医] 腹式呼吸,,,,,0,0,,,
abdominal retractor,,,[医] 腹部牵开器,,,,,0,0,,,
abdominal ribs,,,"[医] 腹肋, 假肋",,,,,0,0,,,
abdominal sac,,,[医] 腹囊(胎儿),,,,,0,0,,,
abdominal salpingectomy,,,[医] 剖腹输卵管切除术,,,,,0,0,,,
abdominal salpingo-oophorectomy,,,[医] 剖腹输卵管卵巢切除术,,,,,0,0,,,
abdominal section,,,[医] 剖腹术,,,,,0,0,,,
abdominal segment,,,[医] 腹节(昆虫),,,,,0,0,,,
abdominal splenectomy,,,[医] 剖腹脾切除术,,,,,0,0,,,
abdominal stalk,,,[医] 腹蒂,,,,,0,0,,,
abdominal sursery,,,[医] 骨科,,,,,0,0,,,
abdominal syndrome,,,[医] 腹部综合征(小儿风湿病),,,,,0,0,,,
abdominal testis,,,[医] 腹腔睾丸,,,,,0,0,,,
abdominal tonsil,,,[医] 阑尾,,,,,0,0,,,
abdominal touch,,,[医] 腹部触诊,,,,,0,0,,,
abdominal typhus,,,[医] 伤寒,,,,,0,0,,,
abdominal version,,,[医] 外倒转术,,,,,0,0,,,
abdominal wall,,,[医] 腹壁,,,,,0,0,,,
abdominal watersheds,,,[医] 腹腔分水岭,,,,,0,0,,,
abdominal zones,,,[医] 腹区,,,,,0,0,,,
abdominalgia,,,[医] 腹痛,,,,,0,0,,,
abdominally,,,adv. 以腹部地,,,,,0,0,,,
abdominals,æb'dɔminəlz,pl.  of Abdominal,n. 腹肌（abdominal的复数）,,,,,0,0,0:abdominal/1:s,,
abdominis,,,腹肌痛,,,,,0,0,,,
abdomino,æb'dɔminәj,,"comb. form表示""腹(部)""",,,,,0,0,,,
abdomino-,,,[医] 腹,,,,,0,0,,,
abdomino-anterior,,,[医] 腹前位(子宫内胎儿的一种体位),,,,,0,0,,,
abdominocardiac reflex,,,[医] 腹心反射,,,,,0,0,,,
abdominocardiac sign,,,[医] 腹心征(起立性心脏反射),,,,,0,0,,,
abdominocentesis,"æb,dɔminәsen'ti:sis",n centesis of the belly to remove fluid for diagnosis,腹腔穿刺术,,,,,0,0,,,
abdominocystic,,,[医] 腹胆囊的,,,,,0,0,,,
abdominogenital,,,[医] 腹生殖器的,,,,,0,0,,,
abdominohysterectomy,,,"[医] 剖腹子宫切除术, 腹式子宫切除术",,,,,0,0,,,
abdominohysterotomy,,,"[医] 剖腹子宫切开术, 腹式子宫切开术",,,,,0,0,,,
abdominoperineal,,,[医] 腹会阴的,,,,,0,0,,,
abdominoperineal operation,,,[医] 腹部会阴部手术,,,,,0,0,,,
abdominoplasty,"æb'dɔminə,plæsti",,n. 腹壁整形术；腹部去脂术；腹壁成形术,,,,,0,0,,,
abdominoposterior,,,[医] 腹后位(子宫内胎儿的一种体位),,,,,0,0,,,
abdominoscopy,,n. Examination of the abdomen to detect abdominal\n   disease.,[医] 腹腔镜检法,,,,,0,0,,,
abdominoscrotal,,,[医] 腹阴囊的,,,,,0,0,,,
abdominothoracic,,"a. Relating to the abdomen and the thorax, or chest.","[医] 腹胸的, 腹部胸廓的",,,,,0,0,,,
abdominothoracic arch,,,[医] 胸腹弓,,,,,0,0,,,
abdominous,æb'dɒminәs,s. having a large belly,"a. 大肚子的, 肥胖的\n[医] 腹大的",,,,,0,0,,,
abdominousness,,,[网络] 腹部,,,,,0,0,,,
abdominouterectomy,,,"[医] 剖腹子宫切除术, 腹式子宫切除术",,,,,0,0,,,
abdominouterotomy,"æb,dɔminɔ,ju:tә'rɔtәmi",,剖腹[腹式]子宫切除术,,,,,0,0,,,
abdominovaginal,,,[医] 腹阴道的,,,,,0,0,,,
abdominovaginal hysterectomy,,,[医] 腹部阴道子宫切除术,,,,,0,0,,,
abdominovesical,,a of or relating to the abdomen and the urinary bladder,[医] 腹膀胱的,,,,,0,0,,,
abdominovesical pouch,,,[医] 腹壁膀胱陷凹,,,,,0,0,,,
abdon,'æbdən,,n. 押顿（以色列小士师之一，属以法莲支派）,,,,,0,0,,,
abdoul,,,n. (Abdoul)人名；(阿拉伯)阿卜杜勒,,,,,0,0,,,
abdoulaye,,,n. (Abdoulaye)人名；(几、塞内、马里、喀、乍、阿拉伯)阿卜杜拉耶；(尼日尔)阿卜杜拉耶,,,,,0,0,,,
abdu,,,n. (Abdu)人名；(阿拉伯)阿卜杜,,,,,0,0,,,
abduce,æb'dju:s,v advance evidence for,"v. [生理]使外转, 外展,把.引开",,,,,0,0,,,
abduced,æb'djuːs,imp. & p. p. of Abduce,vt. 使外展；把…引开,,,,,0,0,,,
abducens,æb'dju:sәnz,n a small motor nerve supplying the lateral rectus muscle of the eye,"n. [解](=abducens nerve)外展神经, 外展肌肉",,,,,0,0,,,
abducens labiorum,,,[医] 犬齿肌,,,,,0,0,,,
abducens muscle,,,[网络] 外展肌肉,,,,,0,0,,,
abducens nerve,æbˈdju:sənz nə:v,, 外展神经,,,,,0,0,,,
abducens nucleus,,,[医] [外]展神经核,,,,,0,0,,,
abducens oculi,,,[医] 眼外直肌,,,,,0,0,,,
abducens oris,,,[医] 犬齿肌(口角提肌),,,,,0,0,,,
abducens paralysis,,,[医] 展神经麻痹(眼外直肌麻痹),,,,,0,0,,,
abducent,æb'dju:sәnt,n. a small motor nerve supplying the lateral rectus muscle of the eye\na. especially of muscles; drawing away from the midline of the body or from an adjacent part,"a. 外展的\n[医] 外展的, 展",,,,,0,0,,,
abducent nerve,æbˈdju:sənt nə:v,, 展神经,,,,,0,0,,,
abducing,æb'djuːs,p. pr. & vb. n. of Abduce,vt. 使外展；把…引开,,,,,0,0,,,
abduct,æb'dʌkt,v. pull away from the body,"vt. 诱拐, 绑架, 使外展\n[医] 外展, 展",,1,,toefl gre,15203,11439,d:abducted/p:abducted/i:abducting/3:abducts,,
abducted,,v take away to an undisclosed location against their will and usually in order to extract a ransom\nv pull away from the body,[法] 诱拐,,,,,43074,31134,0:abduct/1:dp/d:abducted,,
abductee,",æbdʌk'ti:",,n. 被绑架者,,,,,0,26008,s:abductees,,
abductees,,plural of abductee,(abductee 的复数) n. 被绑架者,,,,,0,0,0:abductee/1:s,,
abducting,əb'dʌkt,p. pr. & vb. n. of Abduct,vt. 绑架；诱拐；使外展,,,,,0,0,0:abduct/1:i,,
abduction,æb'dʌkʃәn,n. the criminal act of capturing and carrying away by force a family member; if a man's wife is abducted it is a crime against the family relationship and against the wife\nn. (physiology) moving of a body part away from the central axis of the body,"n. 诱拐, 绑架, 外展\n[医] 外展, 展",,,,,12832,11033,s:abductions,,
abduction cap,,,[医] 外展帽,,,,,0,0,,,
abduction frame,,,[医] 外展支架,,,,,0,0,,,
abduction of the foot,,,[医] 足外展,,,,,0,0,,,
abduction of woman,,,[法] 勾引妇女,,,,,0,0,,,
abduction splint,,,[医] 外展夹,,,,,0,0,,,
abductions,əb'dʌkʃn,n. the criminal act of capturing and carrying away by force a family member; if a man's wife is abducted it is a crime against the family relationship and against the wife\nn. (physiology) moving of a body part away from the central axis of the body,"n. 诱拐, 绑架；诱导",,,,,0,0,0:abduction/1:s,,
abductive,,,[计] 诱导的,,,,,0,0,,,
abductive inferencing,,,[计] 诱导推理,,,,,0,0,,,
abductive reasoning,,,[计] 诱导推理,,,,,0,0,,,
abductor,æb'dʌktә,n. a muscle that draws a body part away from the median line,"n. 诱拐者, 绑架者, 外展肌\n[医] 展肌, 外展肌",,,,,38016,23683,s:abductors,,
abductor digiti quinti,,,[医] 小指(趾)展肌,,,,,0,0,,,
abductor hallucis,,,[医] ы展肌,,,,,0,0,,,
abductor muscle,,,[医] 展肌,,,,,0,0,,,
abductor paralysis,,,[医] 展肌麻痹,,,,,0,0,,,
abductor pollicis,,,[医] 拇展肌,,,,,0,0,,,
abductors,,plural of abductor\nn. a muscle that draws a body part away from the median line,"(abductor 的复数) n. 诱拐者, 绑架者, 外展肌\n[医] 展肌, 外展肌",,,,,0,0,0:abductor/1:s,,
abducts,æbˈdʌkts,v take away to an undisclosed location against their will and usually in order to extract a ransom\nv pull away from the body,"v. 劫持, 诱拐( abduct的第三人称单数 ); <生理>使（肢体等）外展",,,,,0,0,0:abduct/1:3,,
abdul,,,n. 阿卜杜勒（人名）,,,,,13220,0,,,
abdul-aziz,,,n. (Abdulaziz)人名；(哈萨、塔吉、吉尔、乌兹、土库、阿塞)阿卜杜勒阿齐兹,,,,,0,0,,,
abdul-hamid,,,n. (Abdulhamid)人名；(阿拉伯)阿卜杜勒-哈米德,,,,,0,0,,,
abdul-jabbar,æbˌdu:ldʒəˈbɑ:,, 阿布杜勒-贾霸，卡里姆（（生于 1947） 美国篮球运动员。作为洛杉矶湖人队的中锋(1975-1989年），他在1984年成为美国篮球协会(NBA)历史上得分最多的运动员),,,,,0,0,,,
abdul-rahman,,,n. (Abdulrahman)人名；(阿拉伯、坦桑)阿卜杜勒拉赫曼,,,,,0,0,,,
abdulaziz,,,n. (Abdulaziz)人名；(哈萨、塔吉、吉尔、乌兹、土库、阿塞)阿卜杜勒阿齐兹,,,,,0,0,,,
abdulla,,,n. (Abdulla)人名；(阿拉伯)阿卜杜拉；(伊朗、阿塞、哈萨、塔吉、吉尔、乌兹、土库)阿卜杜拉,,,,,0,0,,,
Abdullah,",æb'dʌlə",,n. 阿布杜拉（人名）,,,,,17851,0,,,
abdullahi,,,n. (Abdullahi)人名；(阿拉伯)阿卜杜拉希,,,,,0,0,s:abdullahi/0:abdullahi/1:s,,
abdulrahman,,,n. (Abdulrahman)人名；(阿拉伯、坦桑)阿卜杜勒拉赫曼,,,,,0,0,,,
abduls,,,n. 阿卜杜勒（人名）,,,,,0,0,,,
abdur,,,n. (Abdur)人名；(阿拉伯)阿卜杜勒,,,,,0,0,,,
abdurahman,,,n. (Abdurahman)人名；(阿拉伯)阿卜杜勒-拉赫曼,,,,,0,0,,,
abdurrahman,,,n. (Abdurrahman)人名；(土)阿卜杜勒-拉赫曼,,,,,0,0,,,
abdus,,,n. (Abdus)人名；(阿拉伯)阿卜杜勒(后续部分以S开头),,,,,0,0,,,
abe,eib,,"n. 亚伯（男子名, 等于Abraham）",,,,,28165,0,,,
Abe Lincoln,,"When an unconscious person gets jizzed on their face, gets their pubes cut and applied to their face to form a beard, then adorned with a top hat.\n> The last time a gang of transexuals Abe Lincolned Stump, he was picking various shades of pubes from his teeth for a week!\n",,,,,,0,0,,,
Abe's culture-medium,,,[医] 阿贝氏培养基(培养淋球菌),,,,,0,0,,,
abeam,ә'bi:m,r. at right angles to the length of a ship or airplane,adv. 正横(与船的龙骨成直角),,,,,0,0,,,
abear,ә'beә,v. t. To bear; to behave.\nv. t. To put up with; to endure.,"[常与can连用, 多用于否定句]忍受, 容忍",,,,,0,0,,,
abearance,ә'bi:rәns,n. Behavior.,"行动, 行为",,,,,0,0,,,
abearing,,n. Behavior.,容忍,,,,,0,0,,,
abeat,,,[网络] 一拍；难忘的圣诞假期,,,,,0,0,,,
abebe,,,n. (Abebe)人名；(埃塞)阿贝贝,,,,,0,0,,,
abecedarian,.eibi:si:'dєәriәn,n. a novice learning the rudiments of some subject\nn. a 16th century sect of Anabaptists centered in Germany who had an absolute disdain for human knowledge\ns. alphabetically arranged (as for beginning readers),"a. 字母的, 初步的\nn. 初学者, 学字母者, 启蒙老师",,,,,0,0,,,
abecedarium,.eibi:si:'dєәriәm,,"n. 入门书, 初级读物",,,,,0,0,,,
abecedarius,,,[网络] 字母离合体诗；系字母者；多篇用上离合诗,,,,,0,0,,,
abecedary,",eibi:'si:dəri","a. Pertaining to, or formed by, the letters of the\n   alphabet; alphabetic; hence, rudimentary.\nn. A primer; the first principle or rudiment of anything.",a. =abecedarian\nn. =abecedarian；=abecedarium,,,,,0,0,,,
abed,ә'bed,r. in bed,adv. 在床上,,,,,43797,27280,,,
Abednego,",æbed'ni: gәj",,"n. [宗]亚伯尼歌( 基督教《圣经》中被Nebuchadnezzar 俘获的三人之一, 从烈火的炉中走出而未受伤)",,,,,0,0,,,
abee,ə'bi:,, 阿比平纹棉毛呢,,,,,0,0,,,
Abee's support,,,"[医] 阿贝氏支持器(胸部支持器,用于心动过速)",,,,,0,0,,,
abeel,,, [人名] 阿比尔,,,,,0,0,,,
abeer,eib,,艾贝(男子名)[Abraham 的昵称],,,,,0,0,,,
Abegg rule,,,[化] 8-N规则; 阿贝格规则,,,,,0,0,,,
Abegg's rule,,,[医] 阿贝格氏规律(一切原子具有同数的价),,,,,0,0,,,
Abegg's rule of eight,,,[建] 阿贝格八值定则,,,,,0,0,,,
Abegg's rule of eightn,,,[机] 阿贝格八值定则,,,,,0,0,,,
abegging,ә'begiŋ,,a. [一般作表语] & adv.无人问津的(地),,,,,0,0,,,
abegglen,,, [人名] 阿贝格伦,,,,,0,0,,,
abel,'eibәl,n. Norwegian mathematician (1802-1829)\nn. (Old Testament) Cain and Abel were the first children of Adam and Eve born after the Fall of Man; Abel was killed by Cain,n. 亚伯（亚当和夏娃的次子）；艾贝尔（男子名）,,,,,15957,0,,,
Abel closed tester,,,[化] 阿贝耳闭式试验器,,,,,0,0,,,
Abel flash point,,,[机] 阿贝尔闪点,,,,,0,0,,,
Abel flash-point apparatusn,,,[机] 艾贝尔闪点试验器,,,,,0,0,,,
Abel fuse,,,[化] 阿贝耳引信,,,,,0,0,,,
Abel heat test,,,[化] 阿贝耳耐热试验,,,,,0,0,,,
Abel Janszoon Tasman,,,亚伯·塔斯曼（人名）,,,,,0,0,,,
Abel reagent,,,[化] 阿贝耳试剂,,,,,0,0,,,
Abel Tasman,,,[网络] 亚伯塔斯曼；航海家塔斯曼；艾贝尔塔斯曼,,,,,0,0,,,
Abel test,,,[化] 阿贝耳试验,,,,,0,0,,,
Abel tester,,,[化] 阿贝尔闪点试验器,,,,,0,0,,,
Abel's bacillus,,,"[医] 阿伯耳氏杆菌, 臭鼻克雷白氏杆菌",,,,,0,0,,,
Abel-Pensky flash point test,,,[化] 阿贝耳-彭斯基闪点试验,,,,,0,0,,,
abela,,,n. (Abela)人名；(法、意、马耳他)阿贝拉；(西)阿韦拉,,,,,0,0,,,
Abelard,"'æbə,la:d",n. French philosopher and theologian; lover of Heloise (1079-1142),n. 阿伯拉德（法国哲学家、神学家）,,,,,37661,0,,,
abele,ә'bi:l,n a poplar that is widely cultivated in the United States; has white bark and leaves with whitish undersurfaces,n. 银白杨,,,,,0,0,,,
abeles,ə'biːl; 'eɪb(ə)l,,n. [林] 银白杨\nn. (Abele)人名；(德、瑞典)阿贝勒；(意)阿贝莱；(英)埃伯利,,,,,0,0,,,
abelia,,n. any of various deciduous or evergreen ornamental shrubs of the genus Abelia having opposite simple leaves and cymes of small white or pink or purplish flowers; Asia and Mexico,六道木属,,,,,0,0,,,
Abelian,ә'bi:ljәn,n. Alt. of Abelonian,"a. 阿贝尔定理的, 交换的\n[计] 阿贝尔",,,,,0,0,,,
Abelian group,,,交换群,,,,,0,0,,,
Abelin's reaction,,,[医] 阿贝林氏反应(检尿中胂凡纳明),,,,,0,0,,,
Abelin's test,,,[医] 阿贝林氏试验(检尿中胂凡纳明),,,,,0,0,,,
abelite,,n. Alt. of Abelonian,[化] 阿贝立特炸药,,,,,0,0,,,
abell,,,艾贝尔（英格兰人姓氏）,,,,,0,0,,,
abella,,,n. (Abella)人名；(匈)奥拜洛；(西)阿韦利亚；(葡)阿贝拉,,,,,0,0,,,
Abelmoschus,,n genus of tropical coarse herbs having large lobed leaves and often yellow flowers,[医] 秋葵属,,,,,0,0,,,
Abelmoschus esculentus,,,un. 秋葵\n[网络] 咖啡黄葵；黄秋葵；大花秋蔡,,,,,0,0,,,
Abelmoschus esculentus Moench.,,,[医] 秋葵,,,,,0,0,,,
Abelmoschus manihot Medic.,,,[医] 秋葵,,,,,0,0,,,
Abelmoschus moschatus,,,[网络] 黄葵；香葵；黄葵籽,,,,,0,0,,,
abelmosk,'eibәlmɒsk,n. bushy herb of tropical Asia grown for its yellow or pink to scarlet blooms that resemble the hibiscus,n. 黄葵,,,,,0,0,,,
abeloff,,, [人名] 阿贝洛夫,,,,,0,0,,,
abels,'eibəl,,n. 亚伯（亚当和夏娃的次子）；艾贝尔（男子名）,,,,,0,0,,,
abelson,'eibəlsən,,n. 阿贝尔森（姓氏）,,,,,0,0,,,
abelsonite,,,紫四环镍; 紫四环镍矿,,,,,0,0,,,
abembryonic,",æb,embri'ɔnik",,"胚胎外的, 远胚胎的",,,,,0,0,,,
aben,,,n. (Aben)人名；(俄)阿边；(西)阿文,,,,,0,0,,,
Abenaki,",æbə'næki",n. a member of the Algonquian people of Maine and southern Quebec,n. 阿布纳基人（北美印第安人）；阿布纳基语（属印第安语群阿尔冈昆语组）,,,,,0,0,,,
abenakis,,,n. 阿布纳基人（北美印第安人）；阿布纳基语（属印第安语群阿尔冈昆语组） (Abenaki的变形),,,,,0,0,,,
ABEND,ә'bend,,"[计] 异常结束, 任务异常结束",,,,,0,0,,,
abend dump,,,[电] 异常倾印,,,,,0,0,,,
abend unrecoverable,,,[电] 不可恢复的异常终结,,,,,0,0,,,
abeng,,,[网络] 阿口崩,,,,,0,0,,,
abengoa,,,n. (Abengoa)人名；(西)阿文戈亚,,,,,0,0,,,
abenheim,,, [地名] [德国] 阿本海姆,,,,,0,0,,,
Abenquefit,,,[医] 阿本奎菲特,,,,,0,0,,,
abenteric,,,[医] 肠外的,,,,,0,0,,,
abenteric typhoid,,,[医] 肠外型伤寒,,,,,0,0,,,
abenteric typhoid fever,,,[医] 肠外型伤寒,,,,,0,0,,,
ABEOJ,,,[计] 作业异常结束,,,,,0,0,,,
Abeokuta,",æbi:'әjkәtә",,阿贝奥库塔[尼日利亚西南部城市],,,,,0,0,,,
abeooxaiceane,ebiәu'ɔkseisi:n,,十氢环氧亚甲基萘,,,,,0,0,,,
abeoyohimbane,'eibiɔiɔhimbein,,甲基降育亨烷,,,,,0,0,,,
abepithymia,,,[医] 情感淡漠; 太阳神经丛麻痹,,,,,0,0,,,
abequose,æ'bikwɔ:s,,"阿比可糖, 3-脱氧 -D-岩藻糖",,,,,0,0,,,
aber,'æbә,,"n. 河口, 汇流点",,,,,0,0,,,
abercorn,,, [人名] 阿伯康; [地名] [赞比亚] 阿伯康（姆巴拉的旧称）; [地名] [英国] 阿伯康,,,,,0,0,,,
Abercrombie,'æbəkrʌmbi,,n. 阿伯克龙比（人名）,,,,,29023,0,,,
ABERCROMBIE AND FITCH,,,阿博菲奇服装,,,,,0,0,,,
Abercrombie's degeneration,,,"[医] 阿伯克龙比氏变性, 淀粉样变性",,,,,0,0,,,
Abercrombie's syndrome,,,"[医] 艾伯克龙比氏综合征, 淀粉样变性",,,,,0,0,,,
abercrombies,,plural of abercromby,(abercromby 的复数)  [人名] [苏格兰人姓氏] 阿伯克龙比 Abercrombie的变体,,,,,0,0,0:abercromby/1:s,,
abercromby,,, [人名] [苏格兰人姓氏] 阿伯克龙比 Abercrombie的变体,,,,,0,0,s:abercrombies,,
Aberdare,",æbə'dεə",n. a mining town in southern Wales,n. 亚伯达；阿伯德尔（英国威尔士南部城镇）,,,,,42448,0,,,
aberdares,",æbə'dεə",,n. 亚伯达；阿伯德尔（英国威尔士南部城镇）,,,,,0,0,,,
aberdeen,",æbә'di:n",n. a town in western Washington\nn. a town in northeastern South Dakota\nn. a town in northeastern Maryland,n. 亚伯丁（英国苏格兰一郡 ）；苏格兰粗毛猎狐狗（等于Aberdeenterrier）,,,,,4626,0,,,
Aberdeen Angus,,,亚伯丁安格斯牛,,,,,0,0,,,
Aberdeenshire,",æbә'di:nʃә(r)",,阿伯丁郡[英国苏格兰原郡名],,,,,25999,0,,,
aberdevine,æbәdәˊvain,,n. 金翅雀,,,,,0,0,,,
Aberdonian,æbә'dәjniәn,a of or relating to Aberdeen,n. (苏格兰港市)阿伯丁人\na. 阿伯丁人的,,,,,0,0,s:aberdonians,,
Aberdonians,,plural of Aberdonian\na of or relating to Aberdeen,(Aberdonian 的复数) n.(苏格兰港市)阿伯丁人\na. 阿伯丁人的,,,,,0,0,0:aberdonian/1:s,,
Abergavenny,,,阿伯加文尼（地名）,,,,,25939,0,,,
Aberglaube,'ɑ:bәglajbә,,n. <德>迷信,,,,,0,0,,,
aberle,,,n. (Aberle)人名；(英)阿伯利；(德)阿贝勒,,,,,0,0,,,
AberMUD,,,[计] 冒险游戏的总称,,,,,0,0,,,
abernathy,,,阿伯内西（苏格兰人姓氏）,,,,,0,0,,,
abernathyite,"'æbә,næθiait",,水砷钾铀矿,,,,,0,0,,,
Abernethy,'æbәneθi,,n. 硬饼干,,,,,43539,0,,,
Abernethy's fascia,,,[医] 艾伯内西氏筋膜(覆髂外动脉上),,,,,0,0,,,
Abernethy's operation,,,[医] 艾伯内西氏手术(髂外动脉结扎术),,,,,0,0,,,
Abernethy's sarcoma,,,[医] 艾伯内西氏肉瘤(一种变性脂肪瘤),,,,,0,0,,,
aberraation of light,,,[机] 光像差,,,,,0,0,,,
aberrance,æ'berәns,n. a state or condition markedly different from the norm,"n. 偏离正路, 偏离常轨, 反常",,,,,0,0,s:aberrances,,
aberrances,,plural of aberrance\nn. a state or condition markedly different from the norm,"(aberrance 的复数) n. 偏离正路, 偏离常轨, 反常",,,,,0,0,0:aberrance/1:s,,
aberrancy,,n a state or condition markedly different from the norm,"n. 离开正路, 脱离常规",,,,,0,0,,,
aberrans,,,"[医] 迷行的, 迷乱的; 迷管",,,,,0,0,,,
aberrant,æ'berәnt,n. one whose behavior departs substantially from the norm of a group\ns. markedly different from an accepted norm,"a. 偏离正路的, 偏离常轨的, 畸变的\n[化] 异常的",,,,gre,22869,21296,,,
aberrant artery,,,[医] 迷走动脉,,,,,0,0,,,
aberrant behivior,,,[法] 不正常的行为,,,,,0,0,,,
aberrant bile ducts,,,[医] 胆迷管,,,,,0,0,,,
aberrant bundle,,,[医] 迷行束(指穹窿回峡部之神经束),,,,,0,0,,,
aberrant clone,,,[医] 失常细胞系,,,,,0,0,,,
aberrant complex,,,[医] 异常复合波(心电图),,,,,0,0,,,
aberrant cycle,,,[医] 迷行循环,,,,,0,0,,,
aberrant ganglion,,,[医] 迷行神经节(偶见于脊神经后根),,,,,0,0,,,
aberrant goiter,,,[医] 迷行性甲状腺肿,,,,,0,0,,,
aberrant personality,,,[法] 变态性格,,,,,0,0,,,
aberrant thyroid,,,[医] 异位甲状腺,,,,,0,0,,,
aberrant ureter,,,[医] 迷行输尿管,,,,,0,0,,,
aberrantly,,,"adv. 反常地, 异常地",,,,,0,0,,,
aberrate,,,[网络] 变异；异变术,,,,,0,0,,,
aberrated,'æbәreitid,v diverge from the expected\nv diverge or deviate from the straight path; produce aberration,a. 异常的,,,,,0,0,,,
aberratio,,,"[医] 象差; 迷行, 迷乱; 精神迷乱; 畸变(生物)",,,,,0,0,,,
aberratio lactis,,,"[医] 乳液迷乱, 异位乳汁分泌",,,,,0,0,,,
aberratio mensium,,,"[医] 月经迷乱, 倒经",,,,,0,0,,,
aberratio testis,,,[医] 睾丸异位,,,,,0,0,,,
aberration,æbә'reiʃәn,n. a disorder in one's mental state\nn. an optical phenomenon resulting from the failure of a lens or mirror to produce a good image,"n. 离开正路, 偏离, 畸变, 光行差, 心理失常, 色差\n[化] 光行差; 像差",,1,,gre,14308,12462,s:aberrations,,
aberration constant,,,[化] 像差常数,,,,,0,0,,,
aberrational,,a. Characterized by aberration.,"离开轨道的, 越轨的, 脱离常规的",,,,,0,44374,,,
aberrations,æbə'reɪʃnz,n. a state or condition markedly different from the norm\nn. a disorder in one's mental state\nn. an optical phenomenon resulting from the failure of a lens or mirror to produce a good image,n. 偏差( aberration的复数形式 ); 差错; 脱离常规; <心理学>心理失常,,,,,0,0,0:aberration/1:s,,
aberrometer,",ɑ:bә'rɔmitә",,象差计,,,,,0,0,,,
abert,,,n. (Abert)人名；(法)阿贝尔；(英)艾伯特；(德、捷)阿贝特,,,,,0,0,,,
abertura,,, [地名] [西班牙] 阿韦图拉,,,,,0,0,,,
Aberystwyth,",æbə'ristwiθ",,n. 阿伯里斯特威斯（英国威尔士西部自治市）,,,,,13375,0,,,
abes,eib,,n. 亚伯（男子名，等于Abraham）,,,,,0,0,,,
abeson,,,n. (Abeson)人名；(西)阿韦松,,,,,0,0,,,
abesse,,,"[法] 不出庭, 缺席, 不在",,,,,0,0,,,
abesterase,ә'bestәreis,,脂族脂酶,,,,,0,0,,,
abestrine,,,a. 石棉的,,,,,0,0,,,
abet,ә'bet,"v. assist or encourage, usually in some wrongdoing","vt. 教唆, 煽动, 怂恿, 帮助, 支持",,,,gre,14447,15345,p:abetted/i:abetting/d:abetted/3:abets,,
abet sb.in a crime,,,[法] 教唆犯罪,,,,,0,0,,,
abetalipoproteinaemia,,, [医]无β脂蛋白血症,,,,,0,0,,,
abetalipoproteinemia,əbɪtælɪpəʊprəʊti:'ni:mɪə,, 无β脂蛋白血症,,,,,0,0,,,
abete,,,n. (Abete)人名；(西)阿韦特；(意)阿贝特,,,,,0,0,p:abeted,,
abeted,,past tense of abete,(abete 的过去时) n. (Abete)人名；(西)阿韦特；(意)阿贝特,,,,,0,0,0:abete/1:p,,
abetment,ә'betmәnt,n. the verbal act of urging on,"n. 唆使, 帮助, 煽动, 怂恿, 支持\n[法] 教唆, 唆使, 教唆犯罪",,,,,0,0,,,
abets,,"v assist or encourage, usually in some wrongdoing",n. 飞机信标电子试验装置,,,,,0,0,0:abet/1:3,,
abett,әˊbet,,v. 唆使;鼓动;怂恿,,,,,0,0,,,
abettal,ә'betәl,n the verbal act of urging on,"n. 教唆, 煽动, 帮助, 支持",,,,,0,0,,,
abetted,ə'bet,imp. & p. p. of Abet,"vt. 煽动, 教唆；支持\nn. (Abet)人名；(意)阿贝特；(匈)奥拜特",,,,,0,0,0:abet/1:pd,,
abetter,ә'betә,n one who helps or encourages or incites another,"n. 唆使者, 怂恿者\n[法] 教唆者, 唆使者, 煽动者",,,,,0,0,,,
abetting,ə'bet,p. pr. & vb. n. of Abet,"vt. 煽动, 教唆；支持\nn. (Abet)人名；(意)阿贝特；(匈)奥拜特",,,,,0,0,0:abet/1:i,,
abettor,ә'betә,n. one who helps or encourages or incites another,"n. 唆使者, 怂恿者",,,,,0,0,s:abettors,,
abettors,,plural of abettor\nn. one who helps or encourages or incites another,"(abettor 的复数) n. 唆使者, 怂恿者",,,,,0,0,0:abettor/1:s,,
abevacuation,,n. A partial evacuation.,[医] 排泄失常; 转移,,,,,0,0,,,
abeyance,ә'beiәns,n. temporary cessation or suspension,"n. 中止, 暂搁, 停止, 归属待定\n[化] 潜态",,,,gre,19462,29581,,,
abeyancy,,,abeyancy (plural abeyancies)\n(rare) Abeyance.\n,,,,,0,0,,,
abeyant,ә'beiәnt,s. inactive but capable of becoming active,"a. 中止的, 暂时搁置的\n[法] 中止的, 未定的, 所有人未定的",,,,,0,0,,,
abfarad,æb'færәd,n. a capacitance unit equal to one billion farads,[电] 绝对法拉,,,,,0,0,,,
abfrontal,,,[网络] 正面,,,,,0,0,,,
abfurin,,,[医] 阿夫林,,,,,0,0,,,
abg,,,abbr. 气骨导间距（air bone gap）,,,,,0,0,,,
Abgrenzung,'ʌpgrentsjŋ,,<德> n.(主张将民主德国与联邦德国永久分离的) 分立政策,,,,,0,0,,,
abgs,,,动脉血气（arterial blood gases）,,,,,0,0,,,
ABH,,,abbr. abh血型系统（abh blood group system abh）,,,,,0,0,,,
abha,,,abbr. azelaic bis hydroxamic acid 壬二酸-二异羟氧酸,,,,,0,0,,,
abhay,,,n. (Abhay)人名；(老)阿沛,,,,,0,0,,,
abhenry,æb'henri,n. a unit of inductance equal to one billionth of a henry,[电] 绝对亨利,,,,,0,0,,,
abherent,әd'hiәrәnt,,"n. 信徒, 追随者, 拥护者",,,,,0,0,,,
abhesion,,,[化] 脱粘,,,,,0,0,,,
abhesive,,,阻粘剂,,,,,0,0,,,
abhi,,,精氨酸-b 31人胰岛素（arg-b 31 human insulin）,,,,,0,0,,,
abhidhamma,,,阿毗达摩,,,,,0,0,,,
abhinaya,,,[网络] 阿比纳亚；卡塔克舞中的表演；阿卑那亚,,,,,0,0,,,
abhisheka,,,[网络] 灌顶；灌顶仪式,,,,,0,0,,,
abhominable,æb'hɔminəbəl,a. Abominable.,a. [废语]＝abominable,,,,,0,0,,,
abhor,әb'hɒ:,v. find repugnant,"vt. 憎恶, 痛恨, 回避, 拒绝",,,,toefl gre,18438,16665,p:abhorred/3:abhors/d:abhorred/i:abhorring,,
abhorful,,,[网络] 可憎的,,,,,0,0,,,
abhorred,əb'hɔː,imp. & p. p. of Abhor,"vt. 痛恨, 憎恶",,,,,0,0,0:abhor/1:pd/p:abhorred,,
abhorrence,әb'hɒrәns,n. hate coupled with disgust,"n. 厌恶, 痛恨",,,,,32781,29710,s:abhorrences,,
abhorrences,,plural of abhorrence\nn. hate coupled with disgust,"(abhorrence 的复数) n. 厌恶, 痛恨",,,,,0,0,0:abhorrence/1:s,,
abhorrent,әb'hɒrәnt,s. offensive to the mind,"a. 令人憎恨的, 可恶的, 厌恶的, 相抵触的, 不一致的",,,,toefl gre,20689,22815,,,
abhorrently,,,adv. 令人厌恶地,,,,,0,0,,,
abhorrer,,n. a signer of a 1679 address to Charles II in which those who petitioned for the reconvening of parliament were condemned and abhorred,"n. 憎恶者, 厌恶者",,,,,0,0,,,
abhorring,,v find repugnant,v. 憎恨（厌恶）,,,,,0,0,0:abhor/1:i,,
abhorrings,,,v. 憎恨（厌恶）,,,,,0,0,,,
abhors,æbˈhɔ:z,v find repugnant,v. 憎恶( abhor的第三人称单数 ); （厌恶地）回避; 拒绝; 淘汰,,,,,0,0,0:abhor/1:3,,
abhuman,,,[网络] 亚人类,,,,,0,0,s:abhumans,,
abhyanga,,,[网络] 精油按摩；阿输吠陀治疗按摩；治疗按摩,,,,,0,0,,,
abi,,,abbr. 联合商业情报（Allied Business Intelligence）；英国保险业协会（The Association of British Insurers）；踝肱指数（Ankle Brachial Index）；应用系统二进制接口（application binary interfaces）,,,,,28480,0,,,
abia,,,n. (Abia)人名；(西)阿维亚,,,,,0,0,,,
abiathar,ə'baiəθə,,n. 亚比亚他（大卫王统治时期的犹太教大祭司）,,,,,0,0,,,
abiatrophy,,,[医] 生活力缺失,,,,,0,0,,,
abib,'eibib,"n. The first month of the Jewish ecclesiastical year,\n   corresponding nearly to our April. After the Babylonish captivity this\n   month was called Nisan.","n. 亚笔月（犹太教历的1月, 犹太民历的7月）",,,,,0,0,,,
abic,,, [医][=Adaptive Behavior Inventory for Children]儿童适应行为调查表,,,,,0,0,,,
abichite,,,[化] 光线矿,,,,,0,0,,,
abid,, of Abide,n. 阿比德（姓氏）,,,,,0,0,,,
abidance,ә'baidәns,n. the act of abiding (enduring without yielding),"n. 遵守, 持续, 居住\n[法] 遵守, 履行, 持续",,,,,0,0,,,
abidance by law,,,"[法] 遵守法律, 守法",,,,,0,0,,,
abidance by the rules,,,"[法] 遵守规则, 照章办事",,,,,0,0,,,
abide,ә'baid,v dwell\nv put up with something or somebody unpleasant,"vi. 停留, 遵守, 居留, 继续下去\nvt. 忍受, 经受, 屈从于",,1,,cet6 ky toefl gre,9496,8457,i:abiding/3:abides/p:abided/d:abided,,
abide at,,,住在…,,,,,0,0,,,
abide by,əˈbaid bai,, 遵守; 信守; 忠于（某人）; 接受,,,,,0,0,,,
abide by contact,,,[经] 遵守合同,,,,,0,0,,,
abide film,,,[机] 阳极膜,,,,,0,0,,,
abide with,,,和…同住,,,,,0,0,,,
abided,,v dwell\nv put up with something or somebody unpleasant,abide的过去式和过去分词,,,,,0,0,0:abide/1:pd,,
abider,ə'baɪd,"n. One who abides, or continues.\nn. One who dwells; a resident.","vi. 停留；逗留；等候：；保持, 继续存在；持续：\nvt. [常用于疑问句或否定句, 后接名词、代词或动词不定式]忍受, 容忍, 忍耐：；[古语]顶住；经受住：",,,,,0,0,,,
abides,əˈbaidz,v dwell\nv put up with something or somebody unpleasant,v. 容忍( abide的第三人称单数 ); 等候; 逗留; 停留,,,,,0,0,0:abide/1:3,,
abideth,,,常存（古英语）,,,,,0,0,3:abideth/0:abideth/1:3,,
abidin,,,n. (Abidin)人名；(阿拉伯、土、印尼、马来)阿比丁,,,,,0,0,,,
abiding,ә'baidiŋ,s. unceasing,"a. 永久的, 持久的, 不变的",,1,,toefl,14446,15604,0:abide/1:i/i:abiding,,
abiding place,,,"[法] 住所, 寓所, 居住地",,,,,0,0,,,
abidingly,ə'baidiŋli,adv. Permanently.,adv. 不变地；永久地,,,,,0,0,,,
abidingness,,," 持久, 永久",,,,,0,0,,,
abidjan,",æbi'dʒɑ:n",n. city recognized by the United States as the capital of the Ivory Coast; largest city of the Ivory Coast,n. 阿比让（科特迪瓦首都）,,,,,47490,0,,,
Abie,,,n. (Abie)人名；(以)阿比,,,,,30928,0,,,
abiel,,,n. (Abiel)人名；(英)埃比尔,,,,,0,0,,,
abience,,,[网络] 耐心,,,,,0,0,,,
abienic acid,,,[化] 冷杉酸,,,,,0,0,,,
abieninic acid,,,[化] 冷杉酸,,,,,0,0,,,
abienol,,,[化] 冷杉醇,,,,,0,0,,,
abient,,a characterized by avoidance or withdrawal,[医] 避开的,,,,,0,0,,,
Abies,"'æbi,i:z",n. true firs,[机] 冷杉属,,,,,0,0,0:aby/1:s,,
Abies alba,,,"[医] 欧洲冷杉, 银枞",,,,,0,0,,,
Abies amabilis,,,[网络] 太平洋银冷杉；温哥华冷杉；太平洋冷杉,,,,,0,0,,,
Abies balsamea,,,[网络] 香脂冷杉；胶冷杉；加拿大冷杉,,,,,0,0,,,
Abies balsamea Miller,,,"[医] 加拿大胶杉, 香脂冷杉",,,,,0,0,,,
Abies canadensis,,,[医] 加拿大铁杉,,,,,0,0,,,
Abies concolor,,,[网络] 科罗拉多冷杉；白冷杉；白杉,,,,,0,0,,,
Abies excelsa Poiret,,,"[医] 挪威冷杉, 针枞",,,,,0,0,,,
Abies firma,,,[医] 日本枞,,,,,0,0,,,
Abies fraseri,,,[网络] 南部香脂冷杉；弗雷泽冷杉；松科,,,,,0,0,,,
Abies grandis,,,[网络] 大冷杉；北美冷杉；巨冷杉,,,,,0,0,,,
Abies lasiocarpa,,,[网络] 高山冷杉；毛果冷杉；落杉矶冷杉,,,,,0,0,,,
Abies lowiana,,,[网络] ies,,,,,0,0,,,
Abies Mill.,,,[医] 冷杉属,,,,,0,0,,,
abies oil,,,[化] 冷杉油,,,,,0,0,,,
Abies sibirica,,,[医] 西伯利亚冷杉,,,,,0,0,,,
abietate,,,[医] 松香酸盐,,,,,0,0,,,
abietene,'æbiәti:n; æ'baiәti:n,n. A volatile oil distilled from the resin or balsam of the\n   nut pine (Pinus sabiniana) of California.,松香烯[烃],,,,,0,0,,,
abietic,,"a. Of or pertaining to the fir tree or its products; as,\n   abietic acid, called also sylvic acid.",[医] 松香的,,,,,0,0,,,
abietic acid,,,松香酸\n[化] 松香酸,,,,,0,0,,,
abietic acid anhydride,,,[医] 松香酸酐,,,,,0,0,,,
abietin,'æbiәtin,n. Alt. of Abietine,"枞树脂, 松香脂[烯]",,,,,0,0,,,
abietinal,,,枞醛,,,,,0,0,,,
abietine,'æbiәtain,"n. A resinous obtained from Strasburg turpentine or Canada\n   balsam. It is without taste or smell, is insoluble in water, but\n   soluble in alcohol (especially at the boiling point), in strong acetic\n   acid, and in ether.","(=abietinic)冷杉的, 松香素",,,,,0,0,,,
abietinic,,"a. Of or pertaining to abietin; as, abietinic acid.","[医] 枞树脂的, 松香脂的",,,,,0,0,,,
abietinic acid,,,[化] 松香亭酸,,,,,0,0,,,
abietinol,,,枞醇,,,,,0,0,,,
abietinolie acid,,,[机] 松香亭脑酸,,,,,0,0,,,
abietite,,"n. A substance resembling mannite, found in the needles of\n   the common silver fir of Europe (Abies pectinata).",[医] 银枞糖,,,,,0,0,,,
abietolic acid,,,[医] 松脂次酸,,,,,0,0,,,
abietyl,"'æbiә,til",,"松香, 松香基",,,,,0,0,,,
abietylamine,,,[化] 枞胺; 松香胺,,,,,0,0,,,
abigail,'æbigeil,n. A lady's waiting-maid.,n. 贴身使女,,,,,27968,0,s:abigails,,
abigails,,plural of abigail\nn. A lady's waiting-maid.,(abigail 的复数) n. 贴身使女,,,,,0,0,0:abigail/1:s,,
abigayle,,, [人名] 阿比盖尔,,,,,0,0,,,
abiguanil,,,[医] 磺胺胍,,,,,0,0,,,
abijah,,,阿拜贾,,,,,0,0,,,
abiko,,, [地名] [日本] 我孙子,,,,,0,0,,,
abikoviromycin,,,[化] 阿孙病毒素,,,,,0,0,,,
abil,,,n. (Abil)人名；(西)阿维尔,,,,,0,0,,,
Abila,,,[网络] 亚比拉；国际法协会美国分会,,,,,0,0,,,
abildgaard,,,n. (Abildgaard)人名；(丹)阿比尔高,,,,,0,0,,,
abilene,"'æbi,li:n",n. a city in central Texas\nn. a town in central Kansas to the west of Topeka; home of Dwight D. Eisenhower,n. 阿比林（美国城市）,,,,,0,0,,,
abili,,, [法]不在犯罪现场,,,,,0,0,,,
abilities,,n the quality of being able to perform; a quality that permits or facilitates achievement or accomplishment\nn possession of the qualities (especially mental qualities) required to do something or get something done,"n. 能力, 才能（ability的复数形式）",,,,,0,0,0:ability/1:s,,
ability,ә'biliti,n. the quality of being able to perform; a quality that permits or facilitates achievement or accomplishment\nn. possession of the qualities (especially mental qualities) required to do something or get something done,"n. 能力, 才干\n[经] 能力, 才能",,4,1,zk gk cet4 ky toefl ielts,946,783,s:abilities,,
ability to control,,,[经] 控制能力,,,,,0,0,,,
ability to pay,,,"[经] 纳税能力, 偿付能力, 购买力",,,,,0,0,,,
abilityrhone,,,[电] 万能电话,,,,,0,0,,,
abilitys,,n. the quality of being able to perform; a quality that permits or facilitates achievement or accomplishment\nn. possession of the qualities (especially mental qualities) required to do something or get something done,n. 本领,,,,,0,0,,,
abim,,, [医][=American Board of Internal Medicine]美国内科学委员会,,,,,0,0,,,
abimbola,,,n. (Abimbola)人名；(尼日利)阿宾博拉,,,,,0,0,,,
abime,,n. Alt. of Abyme,深渊\n无底洞,,,,,0,0,,,
abimelech,"ə'bimə,lek",,n. 亚比米勒（圣经中士师基甸之子）,,,,,0,0,,,
abinet vapor bath,,,[医] 蒸气室浴,,,,,0,0,,,
abing,,,AB血型[参较 ABO system],,,,,0,0,r:abinger,,
Abingdon,'æbiŋdən,,n. 阿宾顿（位于泰晤士河畔的一个古老集镇）,,,,,10910,0,,,
abinger,,comparative of abing,(abing 的比较级) AB血型[参较 ABO system],,,,,0,0,0:abing/1:r,,
abington,'æbiŋtən,,n. 阿宾顿（美国地名）,,,,,0,0,,,
abinitio,",æbi'niʃiәu",,[拉](=from the beginning)从开始起,,,,,0,0,,,
abintestate,,,[网络] ab,,,,,0,0,,,
abiochemistry,",eibaiәu'kemistri",,"n. 无机化学, 无生化学",,,,,0,0,,,
abiocoen,"'eibaiәu,si:n",,"无机生境, 生境非生物成分",,,,,0,0,,,
abiogenesis,.eibaiәu'dʒenisis,n. a hypothetical organic phenomenon by which living organisms are created from nonliving matter,"n. 自然发生论, 无生源说\n[化] 无生源说",,,,,0,0,,,
abiogenetic,.eibaiәudʒi'netik,a. originating by abiogenesis,"a. 自然发生的, 自然发生论的\n[医] 自然发生的",,,,,0,0,,,
abiogenic,eɪbaɪəʊd'ʒenɪk,,"a. 自然发生的, 无生源说的, 并非由生物体产生的",,,,,0,0,,,
abiogenically,,,adv. abiogenic的变形,,,,,0,0,,,
abiogenist,.eibai'ɒdʒinist,n. a believer in abiogenesis,n. 自然发生论者,,,,,0,0,,,
abiogenous,,a. Produced by spontaneous generation.,a. 自然发生的\n[医] 自然发生的,,,,,0,0,,,
abiogeny,",eibai'ɔdʒini",n. Same as Abiogenesis.,"n. (=abiogenesis)自然发生, 自然发生论",,,,,0,0,,,
abiola,,,n. (Abiola)人名；(尼日利)阿比奥拉,,,,,0,0,,,
abiologic,,,[医] 无生物学的,,,,,0,0,,,
abiological,.eibaiә'lɒdʒikәl,a. Pertaining to the study of inanimate things.,a. 非生物的\n[医] 无生物学的,,,,,0,0,,,
abiologically,,,adv. abiological的变形,,,,,0,0,,,
abiology,",eibai'ɔlәdʒi",,(=anorganology)非生物学,,,,,0,0,,,
abionarce,,,[医] 虚弱性迟钝,,,,,0,0,,,
abionergy,,,[医] 生活力缺失,,,,,0,0,,,
abiophysiology,"æbiә,fizi'ɔlәdʒi",,无机生理学,,,,,0,0,,,
abioseston,'eibaiәu'sestәn,,"非生物浮聚物, 非生物悬浮物",,,,,0,0,,,
abiosis,.eibai'әusis,,n. 无生命\n[医] 无生命; 生活力缺失,,,,,0,0,,,
abiotic,.eibai'ɒtik,,"a. 无生命的, 非生物的\n[医] 无生命的; 生活力缺失的",,,,,0,32028,,,
abiotically,,,非生物地,,,,,0,0,,,
abiotrophia,,,[医] 生活力缺失,,,,,0,0,,,
abiotrophic,,,[医] 生活力缺失的,,,,,0,0,,,
abiotrophic degeneration,,,"[医] 生活力缺乏性变性, 原发性变性",,,,,0,0,,,
abiotrophy,",eibai'ɔtrәfi",n a loss of vitality and a degeneration of cells and tissues not due to any apparent injury,"n. [医]营养性衰竭,生活力缺失",,,,,0,0,,,
abiquiu,,, [地名] [美国] 阿比丘,,,,,0,0,,,
abirritant,æb'iritәnt,n. A medicine that diminishes irritation.,"a. 减轻刺激的, 缓和的\n[医] 减轻刺激的, 缓和的; 缓和药",,,,,0,0,,,
abirritate,æb'iriteit,v. t. To diminish the sensibility of; to debilitate.,"vt. 减轻刺激, 缓和\n[医] 减轻刺激, 缓和",,,,,0,0,,,
abirritation,,n. A pathological condition opposite to that of\n   irritation; debility; want of strength; asthenia.,[医] 应激性减弱,,,,,0,0,,,
abirritative,,a. Characterized by abirritation or debility.,"[医] 减弱应激性的, 和缓的",,,,,0,0,,,
abish,,, [人名] 阿比什,,,,,0,0,,,
abisko,,,阿比斯库（地名）,,,,,0,0,,,
abist,,,abbr. automatic built-in self test 自动内部自测试,,,,,0,0,,,
abit,, 3d sing. pres. of Abide.,abbr. 巴西纺织工业同业公会（Brazilian Textile and Apparel Industry Association）；升技电脑公司（世界知名主板市场厂商）,,,,,0,0,,,
abitibi,,, [地名] [加拿大] 阿伯蒂比,,,,,0,0,,,
abitur,,,n. 高中会考文凭；文理中学毕业证书,,,,,0,0,,,
abiu,'æbiju:,,n. 黄金果,,,,,0,0,,,
abiuret,,,"[医] 双缩脲反应阴性的, 无双缩脲反应的",,,,,0,0,,,
abiuretic,,,"[医] 双缩脲反应阴性的, 无双缩脲反应的",,,,,0,0,,,
abizaid,,,n. (Abizaid)人名；(英)阿比扎伊德,,,,,0,0,,,
abjad,,,[网络] 辅音音素文字；辅音型的拼音文字；辅音字母,,,,,0,0,,,
abject,'æbdʒekt,s. of the most contemptible kind\ns. most unfortunate or miserable\ns. showing utter resignation or hopelessness\ns. showing humiliation or submissiveness,"a. 绝望无助的, 可怜的, 糟透的, 卑鄙的, 自卑的\n[法] 卑鄙的, 卑下的, 可怜的",,1,,toefl gre,18555,16479,,,
abject poverty,,,[法] 赤贫,,,,,0,0,,,
abjection,æb'dʒekʃәn,n a low or downcast state,"n. 卑鄙, 落魄, 抛弃, 驱逐",,,,,0,40109,,,
abjective,æb'dʒektiv,,"a. 不幸的,令人沮丧的",,,,,0,0,,,
abjectly,,r. in a hopeless resigned manner,"adv. (境况)低贱, 凄惨, 很可怜, 可鄙, 不自爱, 卑鄙, 卑下",,,,,41732,40232,,,
abjectness,,n. The state of being abject; abasement; meanness;\n   servility.,n. 悲惨（卑鄙；无耻）,,,,,0,0,,,
abjoint,æb'dʒɔint,,"分离的, 分节的",,,,,0,0,,,
abjudge,æb'dʒʌdʒ,v. t. To take away by judicial decision.,"vt. 放弃(对案件的)裁定, 不予判决, 消(案), 取消",,,,,0,0,,,
abjudicate,,"v. t. To reject by judicial sentence; also, to abjudge.",[法] 判为不法,,,,,0,0,,,
abjugate,,,"abjugate (third-person singular simple present abjugates, present participle abjugating, simple past and past participle abjugated)\n(obsolete, transitive) To unyoke; set free; uncouple.\n",,,,,0,0,,,
abjunction,æb'dʒʌŋkʃәn,,孢子切落,,,,,0,0,,,
abjuration,.æbdʒuә'reiʃәn,n a disavowal or taking back of a previous assertion,"n. 发誓断绝, 公开放弃\n[法] 宣誓放弃",,,,,0,0,,,
abjuration of the realm,,,"[法] 弃国宣誓, 出逃宣誓",,,,,0,0,,,
abjuratory,"əb'dʒurə,təri",a. Containing abjuration.,a. abjure的变形,,,,,0,0,,,
abjure,әb'dʒuә,"v. formally reject or disavow a formerly held belief, usually under pressure","vt. 发誓断绝, 公开放弃\n[法] 誓绝, 弃绝, 公开放弃",,,,gre,35014,30718,d:abjured/i:abjuring/p:abjured/s:abjures/3:abjures,,
abjured,əb'dʒʊə; əb'dʒɔː,imp. & p. p. of Abjure,vt. 发誓放弃；公开放弃；避免,,,,,0,0,0:abjure/1:dp,,
abjurer,,n. a person who abjures,"n. 发誓弃绝者, 正式放弃者",,,,,0,0,,,
abjures,æbˈdʒʊəz,"v formally reject or disavow a formerly held belief, usually under pressure",v. 发誓放弃( abjure的第三人称单数 ); 郑重放弃（意见）; 宣布撤回（声明等）; 避免,,,,,0,0,0:abjure/1:s3,,
abjuring,əb'dʒʊə; əb'dʒɔː,p. pr. & vb. n. of Abjure,vt. 发誓放弃；公开放弃；避免,,,,,0,0,0:abjure/1:i,,
abjustment,,,调节,,,,,0,0,,,
abkery,,,[机] 面包房,,,,,0,0,,,
Abkhas,,,[网络] 阿布哈斯,,,,,0,0,,,
Abkhasian,,,[网络] 阿布哈西亚,,,,,0,0,,,
abkhaz,"æbˈkæz, ɑ:bˈkɑ:z",,n. 阿伯卡茨人族，阿伯卡茨人，阿伯卡茨语,,,,,0,0,,,
Abkhazia,"æb'keiʒə, -zi:ə, -'ka:-, a:b-",n an autonomous province of Georgia on the Black Sea; a strong independence movement has resulted in much instability,n. 阿布哈兹（格鲁吉亚的一个自治地区）,,,,,31455,0,,,
abkhazian,"æbˈkeɪʒən, -zi:ən, -ˈkɑ:-, ɑ:b-",n. a member of the Circassian people who live to the east of the Black Sea\nn. a Circassian language spoken by the Abkhaz\na. of or relating to Abkazia or its people or their language,n. & adj. 阿布哈西亚人[语]（的）,,,,,0,0,s:abkhazians,,
abkhazians,"æb'kei,zi:ən",n. a member of the Circassian people who live to the east of the Black Sea\nn. a Circassian language spoken by the Abkhaz,a. 阿布哈西亚的\nn. 阿布哈西亚语；阿布哈西亚人,,,,,0,0,0:abkhazian/1:s,,
abkhazite,æb'kɑ:zait,,透闪石棉,,,,,0,0,,,
ABL,,,[计] 结构框图语言,,,,,33242,0,t:ablest/r:abler,,
abla,,,abbr. Amateur Bicycle League of America 美国自行车运动业余爱好者联合会; American Blind Lawyers Association 美国盲人律师协会; American Business Law Association 美国企业法协会,,,,,0,0,,,
ablactate,æb'lækteit,v. t. To wean.,vt. 使断奶,,,,,0,0,,,
ablactation,.æblæk'teiʃәn,n. the cessation of lactation,n. 断奶\n[医] 断乳,,,,,0,0,,,
ablard,,, [人名] 阿布拉德,,,,,0,0,,,
ablare,,,喧闹的,,,,,0,0,,,
ablastemic,"ei,blæs'temik",a. Non-germinal.,"非芽生的, 不发芽的",,,,,0,0,,,
ablastin,әb'læstin,,n. [生]抑殖素,,,,,0,0,,,
ablastmycin,",æblæst'maisin",,除瘟霉素,,,,,0,0,,,
ablastous,әb'læstәs,,无芽的,,,,,0,0,,,
ablatant,æb'leitәnt,,"烧蚀材料, 烧蚀层",,,,,0,0,,,
ablate,æb'leit,v. wear away through erosion or vaporization\nv. remove an organ or bodily structure,"v. 切除, 腐蚀, 溶化掉, 烧蚀",,,,,0,44849,d:ablated/p:ablated/s:ablates/i:ablating/3:ablates,,
ablated,æbˈleitid,v wear away through erosion or vaporization\nv remove an organ or bodily structure\ns made smaller or less by melting or erosion or vaporization,v. 融化( ablate的过去式和过去分词 ),,,,,0,0,0:ablate/1:dp,,
ablaters,,,防腐蚀料,,,,,0,0,,,
ablates,æbˈleits,v wear away through erosion or vaporization\nv remove an organ or bodily structure,v. 融化( ablate的第三人称单数 ),,,,,0,0,1:s3/0:ablate,,
ablating,,v wear away through erosion or vaporization\nv remove an organ or bodily structure,a. 烧蚀的,,,,,0,0,1:i/0:ablate,,
ablatio,,,[医] 脱离; 部分切除[术],,,,,0,0,,,
ablatio placentae,,,[医] 胎盘[早期]脱离,,,,,0,0,,,
ablatio retinae,,,[医] 视网膜脱离,,,,,0,0,,,
ablation,æb'leiʃәn,n. surgical removal of a body part or tissue\nn. the erosive process that reduces the size of glaciers,"n. 腐蚀, 切除, 烧蚀\n[化] 烧蚀",,,,,30007,29091,s:ablations,,
ablations,,plural of ablation\nn. surgical removal of a body part or tissue\nn. the erosive process that reduces the size of glaciers,"(ablation 的复数) n. 腐蚀, 切除, 烧蚀\n[化] 烧蚀",,,,,0,0,0:ablation/1:s,,
ablatitious,æblə'tiʃəs,"a. Diminishing; as, an ablatitious force.",a. 消融的；磨蚀的；切除(术)的；【天体物理学】可烧蚀的(＝ ablative),,,,,0,0,,,
ablatival,",æblә'taivәl",,a. 离格的,,,,,0,0,,,
ablative,'æblәtiv,n. the case indicating the agent in passive sentences or the instrument or manner or place of the action described by the verb\na. relating to the ablative case\ns. tending to ablate; i.e. to be removed or vaporized at very high temperature,a. 夺格的\nn. 夺格,,,,,0,39014,,,
ablative absolute,ˈæblətiv ˈæbsəlju:t,,"n. 绝对离格（在拉丁文语法中, 在句法上独立于句子其他部分的副词词组及包含一个名词加上一个分词、形容词或名词, 都为离格）",,,,,0,0,,,
ablative case,,,[网络] 离格；夺格；分格,,,,,0,0,,,
ablative coatings,,,[化] 烧蚀隔热涂料,,,,,0,0,,,
ablative material,,,[化] 烧蚀材料,,,,,0,0,,,
ablative polymer,,,[化] 烧蚀聚合物(如硅橡胶),,,,,0,0,,,
ablatively,,,adv. ablative的变形,,,,,0,0,,,
ablatograph,æ'blætә^rɑ:f,,融化测量仪,,,,,0,0,,,
ablator,æb'leitә,,"n. [空]烧蚀挡板(太空船外部的防热物质),烧灼体,烧灼材料",,,,,0,0,,,
ablaut,'æblaut,n. a vowel whose quality or length is changed to indicate linguistic distinctions (such as sing sang sung song),n. 元音交替,,,,,0,0,,,
ablaze,ә'bleiz,s. keenly excited (especially sexually) or indicating excitement\ns. lighted up by or as by fire or flame\ns. resembling flame in brilliance or color\ns. lighted with red light as if with flames,"a. 着火的, 闪亮的, 激昂的\nadv. 着火, 闪耀",,1,,toefl,15022,16903,,,
able,'eibl,a. (usually followed by `to') having the necessary means or skill or know-how or authority to do something\ns. have the skills and qualifications to do things well\ns. having inherent physical or mental ability or capacity\ns. having a strong healthy body,"a. 能干的, 能够的",,5,1,zk gk,295,385,,,
able seaman,ˈeibl ˈsi:mən,, 一等水兵,,,,,0,0,,,
able-bodied,,s having a strong healthy body,"a. 强壮的, 强健的, 熟练的\n[法] 身心健康的",,,,,0,0,,,
able-bodied seaman,,,"[法] 合格水手, 二等水兵, 一等水兵",,,,,0,0,,,
able-bodiedism,,,[网络] 主义；歧视残疾人；膂力主义,,,,,0,0,,,
able-bodism,,,[网络] 歧视残疾人,,,,,0,0,,,
able-minded,,a. Having much intellectual power.,a. 能干的,,,,,0,0,,,
ablebodied,ˊeiblˊbɒdid,,"a. 强壮的,强健的",,,,,0,0,,,
abled,'eibld,,"a. [前面往往带副词] (体格)强壮的, 身体(或体格)健全的；无残疾的",,,,,0,0,p:abled/0:abled/1:p,,
ablegate,'æblәgeit,"v. t. To send abroad.\nn. A representative of the pope charged with important\n   commissions in foreign countries, one of his duties being to bring to a\n   newly named cardinal his insignia of office.","n. 天主教教宗为某特殊任务而派遣外地之特使,罗马教皇特使",,,,,0,0,,,
ableism,ˈeɪblɪzəm,n. discrimination in favor of the able-bodied,"n. 健全至上（对能力缺失者的歧视或偏见, 尤指针对身体残障人士）",,,,,0,0,,,
ablepharia,,n a congenital absence of eyelids (partial or complete),[医] 无睑[畸形],,,,,0,0,,,
ablepharon,,,[医] 无睑[畸形],,,,,0,0,,,
ablepharous,,,[医] 无睑的,,,,,0,0,,,
ablepharus,,,[医] 无睑畸胎,,,,,0,0,,,
ablephary,,,[医] 无睑[畸形],,,,,0,0,,,
ablepsia,,,盲; 目盲; 视觉缺失,,,,,0,0,,,
ablepsy,,n. Blindness.,"[医] 视觉缺失, 盲",,,,,0,0,,,
abler,,a. comp. of Able.\na. superl. of Able.,n. 阿伯勒（男子名）,,,,,0,0,0:abl/1:r,,
ables,,, 埃布尔斯,,,,,0,0,,,
ablest,ˈeɪblɪst,a. (usually followed by `to') having the necessary means or skill or know-how or authority to do something\ns. have the skills and qualifications to do things well\ns. having inherent physical or mental ability or capacity,a. 能够…的( able的最高级 ); 得以…的; 有才干的; 有本事的,,,,,0,0,0:abl/1:t,,
ablieninic acid,,,[机] 冷杉酸,,,,,0,0,,,
ablin,,, [人名] 埃布林,,,,,0,0,,,
ablins,'eiblinz,adv. Perhaps.\nadv. Perhaps; possibly.,"adv. <苏>也许, 大概",,,,,0,0,,,
ablism,'eiblizm; 'eibəlizəm,,n. =ableism,,,,,0,0,,,
ablon,,,abbr. abalone 鲍鱼（软体动物）,,,,,0,0,,,
abloom,ә'blu:m,s. bursting into flower,adv. 开着花\na. 开花的,,,,,0,0,,,
ablow,ə'bləu,,"adv., adj. [通常作表语]刮着风",,,,,0,0,,,
ABLP,,,[计] 自适应二进制装入程序,,,,,0,0,,,
abls,,,abbr. 阿特拉斯计算机基本语言（Atlas Basic Language）；离格的（等于ablative）,,,,,0,0,,,
ablsolute calibration,,,[电] 绝对校准,,,,,0,0,,,
abluent,'æbluәnt,a. Washing away; carrying off impurities; detergent.\nn. A detergent.,a. 洗涤的\nn. 洗洁剂,,,,,0,0,,,
ablush,ә'blʌʃ,adv. & a. Blushing; ruddy.,a. 脸红的\nadv. 脸红,,,,,0,0,,,
abluted,ә'blu:tid,,"a. 被洗净的, 被冲洗掉的",,,,,0,0,,,
ablution,ә'blu:ʃәn,n. the ritual washing of a priest's hands or of sacred vessels,"n. 洗澡, 洗礼, 斋戒沐浴\n[化] 洗净; 洗净液",,,,toefl gre,34589,31213,s:ablutions,,
ablutionary,əb'lu:ʃnəri,a. Pertaining to ablution.,a. 沐浴的；斋戒沐浴的；洗礼的,,,,,0,0,,,
ablutions,,n the ritual washing of a priest's hands or of sacred vessels,n. 沐浴,,,,,0,0,0:ablution/1:s,,
ablutolmania,,,[医] 清洗癖,,,,,0,0,,,
ably,'eibli,r with competence; in a competent capable manner,"adv. 能干地, 精明强干地",,,,,19504,21469,,,
ablykite,'æblikait,,阿布石,,,,,0,0,,,
ABM,ei bi:'em,n a defensive missile designed to shoot down incoming intercontinental ballistic missiles,反弹道导弹\n[计] 异步平衡方式,,,,,43900,0,,,
abma,,,abbr. 美国锅炉制造商协会（American Boiler Manufacturers Association）；陆军弹道导弹局（Army Ballistic Missile Agency）；美国轴承制造商协会（American Bearing Manufacturers Association）,,,,,0,0,,,
abman,'æbmәn,,"体臭质, 体臭媒",,,,,0,0,,,
abmho,'æbmәu,,CGS电磁制姆欧(等于10+[9]姆欧),,,,,0,0,,,
abmicropylar,"æb,maikrә'pailә",,[植]远珠孔的,,,,,0,0,,,
abmigrate,,,[网络] 放弃,,,,,0,0,,,
abmigration,",æbmai'^reiʃәn",,n. 反常迁徙(指去秋不曾南飞候鸟今夏的北飞),,,,,0,0,,,
abmortal,æb'mɔ:tәl,,来自损伤部的(电流),,,,,0,0,,,
Abms,,n a defensive missile designed to shoot down incoming intercontinental ballistic missiles,[经] 美国金属统计局,,,,,0,0,,,
abmt,,, [医][=allogeneic bone marrow transplantation]同种骨髓移植,,,,,0,0,,,
abn,'æbn,,abbr. abducent nerve 外展神经; airborne 空降的; 空中的; 机上的,,,,,0,0,,,
Abnaki,әb'nɑ:ki,n a member of the Algonquian people of Maine and southern Quebec\nn the Algonquian language spoken by the Abnaki and Penobscot\na of or relating to the Abnakis or their language,"n. (北美印第安)阿布纳基族, 阿布纳基人(语)",,,,,0,0,,,
abnegate,'æbnigeit,v. surrender (power or a position)\nv. deny or renounce,"vt. 放弃, 舍弃, 克制(欲望)",,,,gre,0,0,d:abnegated/i:abnegating/p:abnegated/3:abnegates,,
abnegated,'æbnɪgeɪt,imp. & p. p. of Abnegate,vt. 放弃；舍弃；禁忌,,,,,0,0,1:dp/0:abnegate,,
abnegates,ˈæbniɡeits,"v deny oneself (something); restrain, especially from indulging in some pleasure\nv surrender (power or a position)\nv deny or renounce",v. 放弃( abnegate的第三人称单数 ),,,,,0,0,1:3/0:abnegate,,
abnegating,'æbnɪgeɪt,p. pr. & vb. n. of Abnegate,vt. 放弃；舍弃；禁忌,,,,,0,0,1:i/0:abnegate,,
abnegation,.æbni'geiʃәn,n. the denial and rejection of a doctrine or belief\nn. renunciation of your own interests in favor of the interests of others,"n. 放弃, 舍弃, 克制",,,,gre,46637,42346,,,
abnegator,,n. one who gives up or relinquishes or renounces something,"n. 克制者, 放弃者",,,,,0,0,,,
abner,'æbnə,,n. 艾伯纳（男子名）,,,,,0,0,,,
Abner Doubleday,,,n. 阿布纳·道布尔迪,,,,,0,0,,,
abnerval,әb'nә:vәl,,来自神经的(电流),,,,,0,0,,,
abnerval current,,,[医] 离神经电流,,,,,0,0,,,
abneural,әb'njuәrәl,,神经外的,,,,,0,0,,,
Abney,,,阿布尼,,,,,0,0,,,
Abney clinometer,,,[化] 阿布尼测斜器,,,,,0,0,,,
Abney level,,,手水准仪；阿布尼水准器；阿伯尼水准仪；阿布尼水平器,,,,,0,0,,,
abnormal,æb'nɒ:mәl,a. not normal; not typical or usual or regular or conforming to a norm\na. departing from the normal in e.g. intelligence and development\ns. much greater than the normal,"a. 反常的, 不规则的, 变态的, 畸形的\nn. 畸形的人",,1,,gk cet4 cet6 ky toefl ielts,6548,8241,s:abnormals,,
abnormal address,,,[计] 异常地址,,,,,0,0,,,
abnormal arch,,,[医] 异常弓,,,,,0,0,,,
abnormal attribute,,,[计] 异常属性,,,,,0,0,,,
abnormal bale,,,[机] 不正常包捆,,,,,0,0,,,
abnormal condition,,,[计] 异常情况,,,,,0,0,,,
abnormal costs,,,[经] 非正常成本,,,,,0,0,,,
abnormal density,,,[机] 反常密度,,,,,0,0,,,
abnormal depreciation,,,"[经] 特别折旧, 非常折旧",,,,,0,0,,,
abnormal distribution,,,[化] 非正态分布,,,,,0,0,,,
abnormal dump,,,[计] 异常转储,,,,,0,0,,,
abnormal end,,,[计] 异常结束,,,,,0,0,,,
abnormal exchange,,,[经] 非常行市,,,,,0,0,,,
abnormal exit,,,[计] 异常出口,,,,,0,0,,,
abnormal fertilization,,,[医] 反常受精,,,,,0,0,,,
abnormal function,,,[计] 异常函数,,,,,0,0,,,
abnormal gains,,,[经] 非常收益,,,,,0,0,,,
abnormal glow,,,[电] 不正常辉光,,,,,0,0,,,
abnormal glow discharge,,,[电] 异常辉光放电,,,,,0,0,,,
abnormal information,,,[计] 异常信息,,,,,0,0,,,
abnormal item,,,"[经] 非常项目, 特殊项目",,,,,0,0,,,
abnormal load,,,[化] 不规则载荷,,,,,0,0,,,
abnormal losses,,,"[经] 非常损失, 非正常损失",,,,,0,0,,,
abnormal occlusion,,,[医] 异常Ж,,,,,0,0,,,
abnormal operation,,,[化] 不正常操作; 异常运行,,,,,0,0,,,
abnormal perception,,,[医] 知觉异常,,,,,0,0,,,
abnormal person,,,[法] 变态的人,,,,,0,0,,,
abnormal phenomenon,,,[法] 反常现象,,,,,0,0,,,
abnormal polychromate,,,"[医] 异常色觉者, 色觉弱者",,,,,0,0,,,
abnormal propagation,,,[电] 不正常传播,,,,,0,0,,,
abnormal psychology,,,[医] 变态心理学,,,,,0,0,,,
abnormal reaction,,,[化] 非正常反应,,,,,0,0,,,
abnormal release,,,[计] 异常释放,,,,,0,0,,,
abnormal retinal correspondence,,,[医] 视网膜异常对应,,,,,0,0,,,
abnormal return,,,[计] 异常返回,,,,,0,0,,,
abnormal return address,,,[计] 异常返回地址,,,,,0,0,,,
abnormal risk,,,[经] 不平常的风险,,,,,0,0,,,
abnormal secretion,,,[医] 异常分泌,,,,,0,0,,,
abnormal sensation,,,"[医] 感觉异常, 感觉倒错",,,,,0,0,,,
abnormal sexuality,,,[法] 变态性欲,,,,,0,0,,,
abnormal spoilage,,,"[经] 非常损坏, 非正常损害, 非正常废品损失",,,,,0,0,,,
abnormal statement,,,[计] 异常语句,,,,,0,0,,,
abnormal steel,,,[机] 异常钢,,,,,0,0,,,
abnormal structure,,,[机] 异常组织,,,,,0,0,,,
abnormal task termination,,,"[计] 异常任务终结, 异常任务终止",,,,,0,0,,,
abnormal termination,,,[计] 异常终结,,,,,0,0,,,
abnormal voltage,,,[机] 异常电压,,,,,0,0,,,
abnormalcy,əb'nɔ:məlsɪ,,n. 反常，畸形,,,,,0,0,,,
abnormalism,,,"[计] 异常性, 反常状态",,,,,0,0,,,
abnormalities,",æbnɔ:'mælitiz",pl.  of Abnormality,n. 畸形；异常情况（abnormality的复数形式）,,,,,0,0,0:abnormality/1:s,,
abnormality,.æbnɒ:'mæliti,n. an abnormal physical condition resulting from defective genes or developmental deficiencies\nn. retardation sufficient to fall outside the normal range of intelligence\nn. marked strangeness as a consequence of being abnormal\nn. behavior that breaches the rule or etiquette or custom or morality,"n. 反常, 畸形, 变态\n[化] 反常; 非正态性",,1,,,7380,11416,s:abnormalities,,
abnormality of mind,,,[法] 精神失常,,,,,0,0,,,
abnormalize,æbˊnɒːmәlaiz,,使反常,,,,,0,0,,,
abnormally,,r. in an abnormal manner,"adv. 不正常, 异常, (贬)不同寻常, 不规则, 变态, 反常",,,,,15669,18892,,,
abnormally flat,,,[化] 反差过小(照相化学),,,,,0,0,,,
abnormals,,plural of abnormal\na. not normal; not typical or usual or regular or conforming to a norm\na. departing from the normal in e.g. intelligence and development\ns. much greater than the normal,"(abnormal 的复数) a. 反常的, 不规则的, 变态的, 畸形的\nn. 畸形的人",,,,,0,0,0:abnormal/1:s,,
abnormities,æb'nɔːmɪtɪ,pl.  of Abnormity,n. 异常；异形；不规则；畸形,,,,,0,0,,,
abnormity,æb'nɔ:mәti,n. Departure from the ordinary type; irregularity;\n   monstrosity.,"n. 异常,不规则,异形",,,,,0,0,,,
abnormous,,a. Abnormal; irregular.,a. 异常的；变态的,,,,,0,0,,,
ABO,'æbәu,n a dark-skinned member of a race of people living in Australia when Europeans arrived,[医] ABO分型法(血型),,,,,45562,0,s:abos,,
ABO antibodies,,,[网络] ABO抗体,,,,,0,0,,,
ABO blood group system,,,ABO血型系统,,,,,0,0,,,
ABO group,,,[网络] 血型,,,,,0,0,,,
ABO system,,,ABO血型系统,,,,,0,0,,,
aboaclusion,",æbɔ'klu:ʒәn",,"无咬合, 咬合不密",,,,,0,0,,,
aboard,ә'bɒ:d,"r. on a ship, train, plane or other vehicle\nr. on first or second or third base\nr. side by side\nr. part of a group","adv. 在船上, 在火车上, 在飞机上\nprep. 在...之上",,2,,gk cet4 ky toefl,7625,4984,,,
aboardage,ә'bɔ:didʒ,,n. 两船接近于平行时的相撞,,,,,0,0,,,
ABOB,,,[化] 吗啉胍; 吗啉双胍,,,,,0,0,,,
abobbed,,,[网络] 。。。,,,,,0,0,,,
abocclusion,,n the condition in which the upper teeth do not touch the lower teeth when biting,"[医] Ж不密, 咬合不密",,,,,0,0,,,
abode,ә'bәud,n any address at which you dwell more than temporarily\nn housing that someone is living in\nv dwell\nv put up with something or somebody unpleasant,"n. 住所, 住处\nabide的过去式和过去分词",,,,,14966,19221,1:pd/0:abide/s:abodes,,
abode at,,,"住在…,居于…",,,,,0,0,,,
abodement,,n. A foreboding; an omen.,n. 住处；营业所 (abode的变形),,,,,0,0,,,
abodes,əˈbəʊdz,n. any address at which you dwell more than temporarily\nn. housing that someone is living in,n. 住所( abode的复数形式 ); 公寓; <古>（在某地的）暂住; 逗留,,,,,0,0,0:abode/1:s,,
aboding,ə'bəʊd,n. A foreboding.,n. 住处；营业所\nv. 遵守；停留；忍受（abide的过去分词）,,,,,0,0,,,
abogado,ə'bɒɡədəʊ,, [西]律师，法律顾问,,,,,0,0,,,
abohm,æ'bәum,n. a unit of resistance equal to a billionth of an ohm,[电] 绝对单位欧姆,,,,,0,0,,,
aboideau,",ɑ:bwɑ:'dәu",,"n. 低地防潮之堤坝, 水闸",,,,,0,0,,,
aboiement,,,[医] 吠声,,,,,0,0,,,
aboil,ә'bɒil,,"a. 沸腾的, 激烈的\nadv. 沸腾地, 激烈地",,,,,0,0,,,
aboiteau,'æbәtәj,,"n. 低地防潮之堤坝, 水闸",,,,,0,0,,,
abolish,ә'bɒliʃ,v. do away with,"vt. 废止, 革除, 消灭\n[经] 废除, 取消, 裁撤",,2,,gk cet6 ky toefl ielts gre,3736,7490,d:abolished/i:abolishing/p:abolished/3:abolishes,,
abolishable,ә'bɒliʃәbl,s. capable of being abolished,"a. 可废止的, 可废除的\n[法] 可废止的, 可废除的, 可撤销的",,,,,0,0,,,
abolished,,imp. & p. p. of Abolish,v. 彻底废除；摧毁（abolish的过去分词）\na. 废除的,,,,,0,0,0:abolish/1:dp/d:abolished,,
abolisher,ә'bɒliʃә,n. One who abolishes.,"n. 废除者\n[法] 废除者, 撤销者",,,,,0,0,,,
abolishes,əˈbɔliʃiz,v do away with,"v. 废除, 废止( abolish的第三人称单数 )",,,,,0,0,0:abolish/1:3,,
abolishing,ə'bɒlɪʃ,p. pr. & vb. n. of Abolish,"vt. 废除, 废止；取消, 革除",,,,,0,0,0:abolish/1:i/i:abolishing,,
abolishment,ә'bɒliʃmәnt,n the act of abolishing a system or practice or institution (especially abolishing slavery),"n. 废止, 革除, 消灭\n[法] 废止, 废除, 取消",,,,,0,34828,,,
abolishment of law,,,[法] 法律的废止,,,,,0,0,,,
abolition,.æbәu'liʃәn,n. the act of abolishing a system or practice or institution (especially abolishing slavery),"n. 废除, 废奴运动\n[医] 禁止, 消失",,,,toefl gre,5158,13737,,,
abolition of reflex,,,[医] 反射消失,,,,,0,0,,,
abolitionary,,,[网络] 废除,,,,,0,0,,,
abolitionism,.æbәu'liʃәnizәm,n. the doctrine that calls for the abolition of slavery,"n. 废除主义, 废奴主义\n[医] 活体解剖禁止论",,,,,0,38308,,,
abolitionist,.æbәu'liʃәnist,n. a reformer who favors abolishing slavery,"n. 废除主义者, 废奴主义者",,,,toefl,17978,17150,s:abolitionists,,
abolitionists,ˌæbəˈlɪʃɵnɪsts,n. a reformer who favors abolishing slavery,"n. 废除主义者, 废奴主义者( abolitionist的复数形式 )",,,,,0,0,0:abolitionist/1:s,,
abolitionize,",æbə'liʃə,naiz",v. t. To imbue with the principles of abolitionism.,vt. [主美国英语] (尤指美国南北战争)使推行废奴主义政策；使信奉废奴主义 (＝ abolitionise),,,,,0,0,,,
abolium,ә'bɔliәm,,碳氢化物油类,,,,,0,0,,,
abomasa,,,abomasum的复数,,,,,0,0,,,
abomasal,",æbəʊ'meɪsəl",a relating to the abomasum (the fourth compartment of the stomach of ruminants), 皱胃,,,,,0,0,,,
abomasitis,,,[医] 皱胃炎,,,,,0,0,,,
abomasum,",æbә'meisәm",n the fourth compartment of the stomach of a ruminant; the one where digestion takes place,n. 皱胃(反刍动物胃的第四部分),,,,,0,0,,,
abomasus,,"n. The fourth or digestive stomach of a ruminant, which\n   leads from the third stomach omasum. See Ruminantia.",[医] 皱胃,,,,,0,0,,,
Abomey,",æbə'mei; ə'bɔmi",,n. 阿波美（贝宁南部城市）,,,,,0,0,,,
abominable,ә'bɒminәbl,s. unequivocally detestable,"a. 讨厌的, 令人憎恶的",,,,,20502,22568,,,
abominable crime,,,[法] 可鄙的罪行,,,,,0,0,,,
abominable offence,,,"[法] 可憎的罪行, 可鄙的罪行",,,,,0,0,,,
abominable snowman,,,"n. 雪人, 喜马拉雅雪人",,,,,0,0,,,
abominableness,,n. The quality or state of being abominable;\n   odiousness.,n. abominable的变形,,,,,0,0,,,
abominably,ә'bɒminәbli,r in an offensive and hateful manner\nr in a terrible manner,"adv. 可恶地, 讨厌地, 极端地",,,,,39631,37795,,,
abominate,ә'bɒmineit,v find repugnant,"vt. 厌恶, 憎恶",,,,gre,0,0,p:abominated/3:abominates/i:abominating/d:abominated,,
abominated,ə'bɒmɪneɪt,imp. & p. p. of Abominate,vt. 痛恨；憎恶,,,,,0,0,1:pd/0:abominate/p:abominated,,
abominates,əˈbɔməˌneɪts,v find repugnant,"v. 憎恶, 厌恶, 不喜欢( abominate的第三人称单数 )",,,,,0,0,0:abominate/1:3,,
abominating,ə'bɒmɪneɪt,p. pr. & vb. n. of Abominate,vt. 痛恨；憎恶,,,,,0,0,1:i/0:abominate,,
abomination,ә.bɒmi'neiʃәn,n. a person who is loathsome or disgusting\nn. an action that is vicious or vile; an action that arouses disgust or abhorrence,"n. 厌恶, 痛恶, 令人厌恶的事物",,,,,22769,19107,s:abominations,,
abominations,əˌbɔməˈneɪʃənz,n. a person who is loathsome or disgusting\nn. hate coupled with disgust\nn. an action that is vicious or vile; an action that arouses disgust or abhorrence,n. 嫌恶( abomination的复数形式 ); 深恶痛绝; 令人憎恶的人或事物; 可憎恶的或卑劣的习惯或行为,,,,,0,0,0:abomination/1:s,,
abominator,,n. one who hates or loathes,n. 厌恶者,,,,,0,0,,,
abondoned goods,,,[经] 无主货物(商品),,,,,0,0,,,
abondoned oil,,,[经] 遗弃油,,,,,0,0,,,
abondoned property,,,[经] 废弃财产,,,,,0,0,,,
abondoned ship,,,[经] 弃船,,,,,0,0,,,
abondoned well,,,[经] 遗弃井,,,,,0,0,,,
abonement,'æbәunmәnt,,(电话)用户,,,,,0,0,,,
abood,,,n. (Abood)人名；(英)阿布德；(阿拉伯)阿布德,,,,,0,0,,,
aboon,ə'bu:n,prep. and adv. Above.,"adv. , prep. [苏格兰和英格兰方言] ＝ above",,,,,0,0,,,
abopon,,,硼磷酸钠液体混合物,,,,,0,0,,,
abor,,,abbr. aboriginal 土著的，土著居民; aborigine(s) 土著居民,,,,,0,0,,,
aborad,æ'bɔ:ræd,r away from the mouth or oral region,"adv. 离口侧, 对口侧",,,,,0,0,,,
aboral,æ'bɔ:rәl,a opposite to or away from the mouth,"a. 离口的, 对口的",,,,,0,0,,,
aborally,ə'bɔ:rəlɪ,,"adv. 离口地, 对口地",,,,,0,0,,,
abord,,n. Manner of approaching or accosting; address.\nv. t. To approach; to accost.,n. (Abord)人名；(法)阿博尔,,,,,0,0,,,
aboriginal,.æbә'ridʒәnәl,a. of or pertaining to members of the indigenous people of Australia\ns. having existed from the beginning; in an earliest or original stage or state,"a. 原始的, 土著的\nn. 土著居民, 土生生物",,1,,ielts gre,16658,10042,s:aboriginals,,
Aboriginal Australian,,,[网络] 土著澳大利亚人；土着澳大利亚人,,,,,0,0,,,
aboriginality,",æbәridʒә'næliti",n. The quality of being aboriginal.,"n. 原始状态, 本土性",,,,,0,0,,,
aboriginally,",æbə'ridʒənli",adv. Primarily.,adv. 从最初；原来,,,,,0,0,,,
Aboriginals,,n a dark-skinned member of a race of people living in Australia when Europeans arrived\nn an indigenous person who was born in a particular place,n. 土著居民（aboriginal复数）,,,,,47953,0,0:aboriginal/1:s,,
aborigine,,n. a dark-skinned member of a race of people living in Australia when Europeans arrived,"n. 土著, 土著居民, 土人",,,,,22606,24154,s:aborigines,,
aborigines,.æbә'ridʒini:z,n an indigenous person who was born in a particular place\nn a dark-skinned member of a race of people living in Australia when Europeans arrived,"n. 土著居民, 土生动(植)物群",,,,,0,0,0:aborigine/1:s,,
aborinigality,,,本土性,,,,,0,0,,,
aborning,ә'bɒ:niŋ,,adv. 在诞生的时候\na. 正在产生中的,,,,,0,0,,,
abort,ә'bɒ:t,"n. the act of terminating a project or procedure before it is completed\nv. terminate before completion\nv. cease development, die, and be aborted\nv. terminate a pregnancy by undergoing an abortion","vi. 流产, 中途失败\nvt. 使流产, 使失败, 使中止",,1,,toefl ielts,13979,12402,d:aborted/p:aborted/i:aborting/3:aborts,,
abort a fever,,,"止热,退烧",,,,,0,0,,,
abort code,,,"[计] 异常终止代码, 异常终止程序",,,,,0,0,,,
abort command,,,[计] 异常终止命令,,,,,0,0,,,
abort packet,,,"[计] 提前结束包, 异常结束包",,,,,0,0,,,
ABORT REMIRROR,,,[计] 中止重建镜象,,,,,0,0,,,
abort sequence,,,[计] 异常终止序列,,,,,0,0,,,
abort signal,,,[计] 故障信号,,,,,0,0,,,
abort situation,,,[化] 故障位置,,,,,0,0,,,
abort statement,,,[计] 中止语句,,,,,0,0,,,
abort timer,,,[计] 异常终止计时器,,,,,0,0,,,
aborted,ә'bɒ:tid,"v terminate before completion\nv cease development, die, and be aborted\nv terminate a pregnancy by undergoing an abortion","a. 流产的, 中途失败的",,,,,32887,19690,0:abort/1:dp/p:aborted,,
aborted document,,,[计] 异常终止文件,,,,,0,0,,,
aborted program,,,[计] 异常终止程序,,,,,0,0,,,
aborted systole,,,[医] 顿挫性收缩,,,,,0,0,,,
aborter,ə'bɔ:tər,," [医]流产, 败育",,,,,0,0,,,
aborticide,ә'bɒ:tisaid,n. the act of destroying a fetus,"n. 堕胎, 堕胎药\n[医] 堕胎; 堕胎药",,,,,0,0,,,
abortient,,,[医] 堕胎的; 堕胎药,,,,,0,0,,,
abortifacient,ә.bɒ:ti'feiʃәnt,n. a drug (or other chemical agent) that causes abortion\ns. causing abortion,n. 堕胎药\na. 堕胎的,,,,,0,44830,s:abortifacients,,
abortifacients,,plural of abortifacient\nn. a drug (or other chemical agent) that causes abortion\ns. causing abortion,(abortifacient 的复数) n. 堕胎药\na. 堕胎的,,,,,0,0,0:abortifacient/1:s,,
abortin,,,"[医] 流产[菌]素(流产杆菌的甘油浸出物,诊断用)",,,,,0,0,,,
abortin reaction,,,[医] 流产菌素反应,,,,,0,0,,,
aborting,,"v terminate before completion\nv cease development, die, and be aborted\nv terminate a pregnancy by undergoing an abortion",[计] 异常终止,,,,,0,0,0:abort/1:i,,
aborting job,,,[计] 异常终止作业,,,,,0,0,,,
aborting task,,,[计] 异常终止任务,,,,,0,0,,,
abortion,ә'bɒ:ʃәn,n. termination of pregnancy,"n. 流产, 堕胎, 失败, 夭折, 中止\n[医] 流产, 小产; 顿挫",,3,,gk ielts,4341,1969,s:abortions,,
abortion in progress,,,"[医] 进行性流产, 不可免流产",,,,,0,0,,,
abortion law,,,[法] 堕胎法,,,,,0,0,,,
abortion pill,,," [药物]堕胎丸, 人工流产丸, 止孕药片（尤指法国产的RU－486）",,,,,0,0,,,
abortion-inducing drug,,,[网络] 堕胎药物,,,,,0,0,,,
abortion-on-demand,ə'bɔ:ʃənɔndi'mɑ:nd,,n. (妇女在怀孕期任何阶段)随时要求人工流产权，自由堕胎权,,,,,0,0,,,
abortional,,a. Pertaining to abortion; miscarrying; abortive.,流产的\n中止的,,,,,0,0,,,
abortionism,ә'bɔ:ʃәnizәm,,"n. 有权流产主义,对流产权的支持",,,,,0,0,,,
abortionist,ә'bɒ:ʃәnist,n. a person (who should be a doctor) who terminates pregnancies,n. 为人堕胎者\n[医] 堕胎者,,,,,0,26350,s:abortionists,,
abortionists,,n. a person (who should be a doctor) who terminates pregnancies,"n. 有权流产主义者, （尤指非法）体认堕胎者( abortionist的复数形式 )",,,,,0,0,0:abortionist/1:s,,
abortions,ə'bɔ:ʃnz,n. termination of pregnancy\nn. failure of a plan,n. 小产( abortion的复数形式 ); 小产胎儿; （计划）等中止或夭折; <生>败育,,,,,0,0,0:abortion/1:s,,
abortiva variola,,,[医] 顿挫型天花,,,,,0,0,,,
abortive,ә'bɒ:tiv,s. failing to accomplish an intended result,"a. 流产的, 堕胎的, 失败的\n[医] 流产的; 顿挫的",,1,,toefl gre,11818,22876,,,
abortive egg,,,[医] 败育卵,,,,,0,0,,,
abortive expenditure,,,[经] 无成果支出,,,,,0,0,,,
abortive exploration expenditure,,,[经] 无成果勘探支出,,,,,0,0,,,
abortive pneumonia,,,[医] 顿挫性肺炎,,,,,0,0,,,
abortive pnranoia,,,[医] 顿挫性妄想狂,,,,,0,0,,,
abortive tabes,,,[医] 顿挫性脊髓痨,,,,,0,0,,,
abortive treatment,,,[医] 顿挫疗法,,,,,0,0,,,
abortive trial,,,[法] 毫无结果的审判,,,,,0,0,,,
abortive tuberculosis,,,[医] 活动性结核,,,,,0,0,,,
abortive typhoid,,,[医] 顿挫型伤寒,,,,,0,0,,,
abortive typhoid fever,,,[医] 顿挫型伤寒,,,,,0,0,,,
abortively,ə'bɔ:tivli,adv. In an abortive or untimely manner; immaturely;\n   fruitlessly.,adv. 失败地；流产地,,,,,0,0,,,
abortiveness,,n. The quality of being abortive.,n. abortive的变形,,,,,0,0,,,
abortoscope,,,"[医] 流产杆菌检查器, 波状热凝集试验器",,,,,0,0,,,
aborts,əˈbɔ:ts,"n the act of terminating a project or procedure before it is completed\nv terminate before completion\nv cease development, die, and be aborted\nv terminate a pregnancy by undergoing an abortion",v. （使）流产( abort的第三人称单数 ); （使）（某事物）中止; （因故障等而）（使）（飞机、宇宙飞船、导弹等）中断飞行; （使）（飞行任务等）中途失败,,,,,0,0,0:abort/1:3,,
abortus,ә'bɒ:tәs,n. a human fetus whose weight is less than 0.5 kilogram when removed or expelled from the mother's body,n. 流产胎\n[医] 流产胎(体重小于500克),,,,,0,0,,,
abortus fever,,,"[医] 流产热, 波状热, 布鲁氏[杆]菌病",,,,,0,0,,,
abortus forceps,,,[医] 流产钳,,,,,0,0,,,
Abos,,plural of ABO\nn a dark-skinned member of a race of people living in Australia when Europeans arrived,(ABO 的复数) [医] ABO分型法(血型),,,,,0,0,0:abo/1:s,,
abou,,,n. (Abou)人名；(阿拉伯)阿布；(西)阿沃,,,,,0,0,,,
abouchement,,,"[医] 注入, 汇入(血管)",,,,,0,0,,,
abought,ә'bɔ:t,v make amends for,vbl.abye的过去式及过去分词,,,,,0,0,1:pd/0:abye,,
aboukir,",ɑ:bu:'kiə",,n. 阿布基尔（埃及一座城市）,,,,,0,0,,,
aboulia,ә'bu:liә,n a loss of will power,n. 意志力丧失,,,,,0,0,,,
aboulic,ə'bu:lik,s suffering from abulia; showing abnormal inability to act or make decisions,a. aboulia的变形,,,,,0,0,,,
aboulomania,"ә,bu:lә'meiniә",,意志缺失狂,,,,,0,0,,,
abound,ә'baund,v. be abundant or plentiful; exist in large quantities\nv. be in a state of movement or action,"vi. 大量存在, 富于, 充满",,1,,ky toefl ielts gre,8645,7676,3:abounds/p:abounded/i:abounding/d:abounded,,
abound by fours and fives,,,"三五成群,比比皆是",,,,,0,0,,,
abound in,əˈbaund in,,v. 富于; 盛产,,,,,0,0,,,
abound with,,,"充满,有大量的…,盛产…",,,,,0,0,,,
abounded,ə'baʊnd,imp. & p. p. of Abound,vi. 富于；充满,,,,,0,0,0:abound/1:pd,,
abounding,,s. existing in abundance,a. 大量的；丰富的,,,,,0,0,0:abound/1:i/i:abounding,,
aboundingly,,,adv. abound的变形,,,,,0,0,,,
abounds,əˈbaundz,v be abundant or plentiful; exist in large quantities\nv be in a state of movement or action,"v. 大量存在, 充满, 富于( abound的第三人称单数 )",,,,,0,0,0:abound/1:3,,
abour,,,n. 凉亭,,,,,0,0,,,
abourezk,,, [人名] 阿布雷兹克,,,,,0,0,,,
about,ә'baut,s. on the move\nr. all around or on all sides\nr. in the area or vicinity\nr. used of movement to or among many different places or in no particular direction,"prep. 在...周围, 大约, 有关, 关于\nadv. 大约, 四处, 在附近, 周围",,5,1,zk gk,63,46,,,
About Clipboard Viewer,,,关于剪贴板查看程序,,,,,0,0,,,
About Clock,,,关于时钟,,,,,0,0,,,
About Equation Editor,,,关于公式编辑器,,,,,0,0,,,
About Help,,,关于帮助,,,,,0,0,,,
about or circa,,,[经] 大约,,,,,0,0,,,
About PIF Editor,,,关于PIF编辑器,,,,,0,0,,,
About program Manager,,,关于程序管理器,,,,,0,0,,,
About the Internet,,,关于互联网络,,,,,0,0,,,
about time,əˈbaut taim,," <口>早该发生的事, 早该如此",,,,,0,0,,,
about to,əˈbaut tu:,, 即将，正要，刚要; 欲,,,,,0,0,,,
about turn,əˌbaʊtˈtɜːn,,n. 常用于英式英语；向后转(的动作)\nv. 向后转\n[网络] 反排向后转；行进中向后转；转身,,,,,0,0,,,
about-face,әbajt'feis,"n. act of pivoting 180 degrees, especially in a military formation\nn. a major change in attitude or principle or point of view\nv. turn, usually 180 degrees","n. 向后转, 大改变\nvi. 向后转, 作重大改变",,,,,0,0,s:about-faces,,
about-faced,"ə'baut,feis;ə,baut'feis",,"v.n., vi. -faced,-facing [主美国英语] = about-turn",,,,,0,0,,,
about-faces,"ə'baut,feis,ə,baut'feis",,n. 向后转；转回原来方向；（立场、观点等）彻底改变\nvi. 向后转；改变主张,,,,,0,0,,,
about-ship,"ә,bajt'ʃip",,vi. 改变航向,,,,,0,0,,,
about-sledge,,n. The largest hammer used by smiths.,n. 大铁锤,,,,,0,0,,,
about-turn,әbajt't\\\\:n,,"n. 向后转, 大改变\nvi. 向后转, 作大改变",,,,,0,0,s:about-turns,,
about-turns,,,"n. 向后转, 大改变向后转, 作大改变( about-turn的复数形式 )",,,,,0,0,0:about-turn/1:s,,
aboutness,,,相关性,,,,,0,0,,,
abouts,ə'baʊt,,prep. 关于；大约\nadj. 在附近的；四处走动的；在起作用的\nadv. 大约；周围；到处\nn. 大致；粗枝大叶；不拘小节的人\nn. (About)人名；(法)阿布,,,,,0,0,,,
aboutsledge,,,大铁鎚; 铁鎚,,,,,0,0,,,
above,ә'bʌv,n. an earlier section of a written text\ns. appearing earlier in the same text\nr. at an earlier place\nr. in or to a place that is higher,"prep. 在上方, 超出\nadv. 在上面\na. 上述的, 上面的",,4,1,zk gk,733,893,,,
above all,,,"尤其是, 首先",,,,,0,0,,,
above all praise,,,赞扬不尽,,,,,0,0,,,
above board,,,"公开地, 光明正大地",,,,,0,0,,,
above center,,,[机] 上顶尖,,,,,0,0,,,
above ground,,,在世,,,,,0,0,,,
above ground level,,,[化] 高出地面,,,,,0,0,,,
above limit,,,"超出限度,过分",,,,,0,0,,,
above one's breath,,,高声地,,,,,0,0,,,
above oneself,,,"自高自大, 兴高采烈",,,,,0,0,,,
above par,,,"在票面价值以上, 在标准以上\n[经] 超过票面, 超过面值",,,,,0,0,,,
above price,,,"极其珍贵的, 无价之宝的",,,,,0,0,,,
above reproach,,,无可指责\n[法] 无可指责,,,,,0,0,,,
above right,,,"恰当地,合适地;厉害地,严厉地",,,,,0,0,,,
above sb,,,(某人)不懂/不能解决,,,,,0,0,,,
above sb's bend,,,为(某人)力所不及,,,,,0,0,,,
above sb.'s bend,,,为某人力所不及,,,,,0,0,,,
above sea level,,,[化] 海拔高度,,,,,0,0,,,
above someone's head,,,"不能理解, 太深奥",,,,,0,0,,,
above suspicion,,,"无可怀疑\n[法] 无可置疑, 不容怀疑",,,,,0,0,,,
above the head of,,,超过…的理解力,,,,,0,0,,,
above the heads of,,,深奥得不能理解,,,,,0,0,,,
above the line,,,[经] 线上项目,,,,,0,0,,,
above the ordinary,,,"超过一般的,不寻常的,出类拔萃的",,,,,0,0,,,
above the rest,,,"尤其,特别",,,,,0,0,,,
above the salt,,,在上席,,,,,0,0,,,
above value,,,"高于票面价格,高出平价",,,,,0,0,,,
above water,,,"脱离困境, 摆脱麻烦",,,,,0,0,,,
above-average,,,平均以上；在一般水准以上,,,,,0,0,,,
above-board,,,adv. 光明正大地；诚实地,,,,,0,0,,,
above-cited,"ә,bʌv'saitid","a. Cited before, in the preceding part of a book or\n   writing.",a. 上面所引的\n[法] 前面已述的,,,,,0,0,,,
above-freezing,,,零上,,,,,0,0,,,
above-ground,"ə'bʌv,ɡraund",,adj. 在地表以上的；在地面上的；合乎现存体制的,,,,,0,0,,,
above-ground storage tank,,,[化] 地面贮罐,,,,,0,0,,,
above-knee,,,膝上,,,,,0,0,,,
above-market,,,高于市价,,,,,0,0,,,
above-mentioned,"ә,bʌv'menʃәnd",s. mentioned or named earlier in the same text,a. 上述的\n[法] 前述的,,,,,0,0,,,
above-named,,s mentioned or named earlier in the same text,上述的,,,,,0,0,,,
above-normal,,,高于正常的；超额的,,,,,0,0,,,
above-noted,,,[网络] 上述,,,,,0,0,,,
above-the-line,"ə'bʌvðə,lain",,n. 经常项目；线上项目，线上预算,,,,,0,0,,,
above-the-line expenditure,,,"[经] 经常预算支出, 线上项目支出",,,,,0,0,,,
above-the-line promotion,,,[经] 线上推销,,,,,0,0,,,
above-water,,,水面上的；摆脱麻烦；脱离困境,,,,,0,0,,,
aboveboard,ә.bʌv'bɒ:d,s. without concealment or deception; honest,"adv. 光明正大地, 率直地\na. 光明正大的, 率直的",,,,gre,0,0,,,
abovedeck,"ə'bʌv,dek","a. On deck; and hence, like aboveboard, without artifice.",adv. 在甲板上；坦诚地,,,,,0,0,,,
aboveground,ә'bʌvgraund,s. on or above the surface of the ground,"adv. 在地面上, 活着\na. 在地面上的, 活着的",,,,,0,0,,,
abovementioned,"ə'bʌv,menʃənd",,adj. 上述的,,,,,0,0,,,
abovestairs,ә'bʌvsteәz,,"n. 主卧房, 楼上房间\na. 在楼上的\nadv. 在楼上",,,,,0,0,,,
aboyne,,,阿博因（人名）,,,,,0,0,,,
ABP,,,[计] 实际块处理程序,,,,,0,0,,,
abpc,'əbpk,, [医][=antibody-biotin-peroxidase-complex]抗体-生物素-过氧化酶复合物,,,,,0,0,,,
abplanalp,,,n. (Abplanalp)人名；(英)阿普拉纳尔普,,,,,0,0,,,
abpp,,, [医][=American Board of Professional Psychology]美国职业心理学委员会,,,,,0,0,,,
ABPS,,,[计] 自动付款系统,,,,,0,0,,,
ABR,,,[计] 可用比特速率,,,,,0,0,,,
abr connection,,,[机] ABR接法,,,,,0,0,,,
abra,ә'brɑ:,,n. 磨料；岩洞,,,,,0,0,,,
Abrabams' sign,,,[医] 亚伯拉罕氏征(肺结核体征),,,,,0,0,,,
abracadabra,.æbrәkә'dæbrә,n. gibberish and nonsense,"n. 咒语, 胡言乱语",,,,,0,38256,,,
abrachia,ә'breikiә,n the condition of having no arms,(=abrachy)无臂(畸形),,,,,0,0,,,
abrachiatism,,,[医] 无臂[畸形],,,,,0,0,,,
abrachiocephalia,,,[医] 无头无臂[畸形],,,,,0,0,,,
abrachius,,,[医] 无臂畸胎,,,,,0,0,,,
abradability,"ә,breidә'biliti",,"耐磨性, 耐磨度, 耐磨能力",,,,,0,0,,,
abradable,,,a. 耐磨的 (abrade的形容词形式),,,,,0,0,,,
abradant,ә'breidәnt,n a substance that abrades or wears down\nn a tool or machine used for wearing down or smoothing or polishing,a. 摩擦的\nn. 磨料,,,,,0,0,,,
abrade,ә'breid,v. wear away,"vt. 擦伤, 磨损, 磨\n[医] 擦除, 擦破; 磨损, 磨除",,,,gre,34653,28660,d:abraded/p:abraded/i:abrading/3:abrades,,
abraded,,v wear away\nv rub hard or scrub,a. 刮擦的\nv. 磨损；擦掉；擦伤（abrade的过去分词）,,,,,0,44011,0:abrade/1:dp/d:abraded,,
abrader,,n a tool or machine used for wearing down or smoothing or polishing,[化] 磨耗试验机,,,,,0,0,,,
abrades,əˈbreɪdz,v wear away\nv rub hard or scrub,v. 刮擦( abrade的第三人称单数 ); <喻>（在精神方面）折磨（人）; 消磨（意志、精神等）; 使精疲力尽,,,,,0,0,1:3/0:abrade,,
abradibility,"ә,breidi'biliti",,可研磨性,,,,,0,0,,,
abrading,,v wear away\nv rub hard or scrub,[化] 研磨,,,,,0,0,0:abrade/1:i,,
abrading agent,,,[化] 磨料; 研磨剂,,,,,0,0,,,
abrading stone,,,[网络] 研磨石,,,,,0,0,,,
abradum,ә'breidәm,,一种抛光用的氧化铝粉,,,,,0,0,,,
abraha,,,n. (Abraha)人名；(埃塞)阿布拉哈,,,,,0,0,,,
abraham,"'eibrәhæm, -hәm","n. the first of the Old Testament patriarchs and the father of Isaac; according to Genesis, God promised to give Abraham's family (the Hebrews) the land of Canaan (the Promised Land); God tested Abraham by asking him to sacrifice his son",n. 亚伯拉罕（男子名）,,,,,9098,0,,,
Abraham consistometer,,,[化] 阿布拉罕稠度计,,,,,0,0,,,
Abraham Cowley,,,n. 亚伯拉罕·考利,,,,,0,0,,,
Abraham Lincoln,,,亚伯拉罕·林肯（第十六任美国总统）,,,,,0,0,,,
Abraham Stoker,,,[网络] 斯托克,,,,,0,0,,,
Abraham's bosom,,,【圣经】“亚伯拉罕之怀”，(无罪孽者死后)安息之所，天国，天堂，极乐世界[《路加福音》16∶22],,,,,0,0,,,
Abrahamic,,"a. Pertaining to Abraham, the patriarch; as, the Abrachamic\n   covenant.",亚伯拉罕（人名）,,,,,0,40129,,,
Abrahamical,,,[网络] 亚伯拉罕的,,,,,0,0,,,
Abrahamically,,,[网络] 亚伯拉罕,,,,,0,0,,,
Abrahams,,"n the first of the Old Testament patriarchs and the father of Isaac; according to Genesis, God promised to give Abraham's family (the Hebrews) the land of Canaan (the Promised Land); God tested Abraham by asking him to sacrifice his son",n. (Abrahams)人名；(英、法)亚伯拉罕斯；(西)阿夫拉姆斯,,,,,37304,0,,,
Abrahams' sign,,,[医] 亚伯拉罕氏征(结核体征),,,,,0,0,,,
abrahamson,,," [人名] [英格兰人姓氏] 亚伯拉罕森取自父名，来源于Abraham,含义是“亚伯拉罕之子”(son of Abraham)",,,,,0,0,,,
abrahamsson,,,n. (Abrahamsson)人名；(瑞典、芬)亚伯拉罕松,,,,,0,0,,,
abraid,ə'breid,"v. t. & i. To awake; to arouse; to stir or start up; also, to\n   shout out.","[废语]\nvt. 唤醒\nvi. 醒来;惊起[亦作 abrade,abray]",,,,,0,0,,,
abram,'eibrәm,,"n. 艾布拉姆（男子名, 等于Abraham）",,,,,41133,0,s:abrams/3:abrams,,
Abrami's disease,,,[医] 布勒米氏病(后天性溶血性黄疸),,,,,0,0,,,
Abramis,,,欧鳊属,,,,,0,0,,,
Abramis brama,,,[网络] 欧鳊；欧鯿；鲷鱼,,,,,0,0,,,
abramoff,,,n. 阿布拉莫夫(姓氏),,,,,0,0,,,
abramova,,,n. (Abramova)人名；(俄)阿布拉莫娃,,,,,0,0,,,
abramovich,,,n. (Abramovich)人名；(俄)阿布拉莫维奇,,,,,0,0,,,
abramovitz,,, [人名] 阿布拉莫维茨,,,,,0,0,,,
abramowicz,,,n. (Abramowicz)人名；(英)阿布拉莫维奇,,,,,0,0,,,
abramowitz,,,n. (Abramowitz)人名；(英)阿布拉莫维茨,,,,,0,0,,,
ABRAMS,,,n. 艾布拉姆斯（公司名称）,,,,,27248,0,0:abram/1:s3,,
Abrams' heart reflex,,,[医] 艾布勒姆斯氏心反射(刺激心窝部皮肤引起心肌收缩),,,,,0,0,,,
Abrams' lung reflex,,,[医] 艾布勒姆斯氏肺反射(刺激胸壁引起肺收缩),,,,,0,0,,,
Abrams' reflex,,,"[医] 艾布勒姆斯氏反射, 艾布勒姆斯氏肺反射",,,,,0,0,,,
Abrams' test,,,[医] 艾布勒姆斯氏试验(检尿铅),,,,,0,0,,,
Abrams'heart reflex,,,[医] 艾布勒姆斯氏心反射(刺激心窝部皮肤引起心肌收缩),,,,,0,0,,,
abramson,,,n. (Abramson)人名；(瑞典、俄)阿布拉姆松；(英)艾布拉姆森,,,,,0,0,,,
abranchial,æ'bræŋkiәl,a having no gills,"a. [动] 无鳃的, 无鳃类的",,,,,0,0,,,
abranchiata,,"n. pl. A group of annelids, so called because the species\n   composing it have no special organs of respiration.",n. 无鳃类,,,,,0,0,,,
abranchiate,æ'bræŋkieit,a. having no gills,n. 无鳃动物\na. 无鳃的,,,,,0,0,,,
abranchious,,,[网络] 猥亵,,,,,0,0,,,
abrantes,,, [地名] [葡萄牙] 阿布兰特什,,,,,0,0,,,
abrapt jumtion,,,[电] 陡接面,,,,,0,0,,,
abrarion,,,[电] 磨损,,,,,0,0,,,
abrasable,ə'breɪsəbl,,adj. 易磨损的，易磨蚀的,,,,,0,0,,,
abrase,ә'breiz,v wear away,"v. (=abrade)磨损, 擦去",,,,,0,0,,,
abraser,,,磨料,,,,,0,0,,,
abrash,"ɑ:ˈbrɑ:ʃ, əˈbrɑ:ʒ",,"n. 变色（用不同的染料做成的东方地毯, 其颜色多样的及自然的变化）",,,,,0,0,3:abrashes/s:abrashes,,
abrashes,,-s form of abrash,"(abrash 的第三人称 -s形式) n. 变色（用不同的染料做成的东方地毯, 其颜色多样的及自然的变化）",,,,,0,0,0:abrash/1:3s,,
abrashiocephalus,,,[医] 无头无臂畸胎,,,,,0,0,,,
abrasimeter,"ә'breisi,mitә",,耐磨试验仪,,,,,0,0,,,
abrasine,"'æbrә,si:n",,相思子素,,,,,0,0,,,
abrasio,,,"[医] 擦除, 擦伤; 磨损, 磨耗",,,,,0,0,,,
abrasio corneae,,,[医] 角膜上皮擦伤,,,,,0,0,,,
abrasio dentium,,,[医] 牙质磨损,,,,,0,0,,,
abrasiometer,,,[化] 磨耗试验机,,,,,0,0,,,
abrasion,ә'breiʒәn,n. an abraded area where the skin is torn or worn off\nn. erosion by friction,"n. 磨擦, 磨损, 磨损处\n[化] 磨耗; 磨蚀",,,,toefl ielts gre,21005,18254,s:abrasions,,
abrasion and wear,,,[化] 磨耗; 磨损,,,,,0,0,,,
abrasion index,,,[机] 磨蚀指数,,,,,0,0,,,
abrasion inspection,,,[化] 磨损检查,,,,,0,0,,,
abrasion loss,,,[化] 磨耗量; 磨耗减量,,,,,0,0,,,
abrasion machine,,,[电] 磨损机器,,,,,0,0,,,
abrasion mark,,,[机] 磨耗记号,,,,,0,0,,,
abrasion pattern,,,[化] 磨耗图形,,,,,0,0,,,
abrasion performance,,,[化] 耐磨性; 耐磨耗性,,,,,0,0,,,
abrasion proof,,,[机] 耐磨,,,,,0,0,,,
abrasion resistance,,,[化] 抗磨性; 耐冲刷性,,,,,0,0,,,
abrasion resistance alloy,,,[机] 耐磨合金,,,,,0,0,,,
abrasion resistant compound,,,[化] 耐磨胶料(如胎面胶),,,,,0,0,,,
abrasion resistence,,,[电] 磨损电阻,,,,,0,0,,,
abrasion test,,,[化] 磨耗试验,,,,,0,0,,,
abrasion test of lubricant,,,[机] 润滑剂磨蚀试验,,,,,0,0,,,
abrasion tester,,,[机] 磨耗试验机,,,,,0,0,,,
abrasion wear,,,[机] 磨耗,,,,,0,0,,,
abrasion wheel,,,[化] 磨轮; 砂轮,,,,,0,0,,,
abrasion-resistant,,,耐磨,,,,,0,0,,,
abrasion-resistant alloy,,,[机] 耐磨合金,,,,,0,0,,,
abrasions,əb'reɪʒnz,n. an abraded area where the skin is torn or worn off\nn. erosion by friction\nn. the wearing down of rock particles by friction due to water or wind or ice,n. 磨损( abrasion的复数形式 ); 擦伤处; <喻>摩擦; <地质>磨蚀（作用）,,,,,0,0,0:abrasion/1:s,,
abrasive,ә'breisiv,n. a substance that abrades or wears down\ns. causing abrasion,n. 研磨料\na. 有研磨作用的,,1,,toefl gre,14194,16344,s:abrasives,,
abrasive action of lubricants,,,[机] 润滑剂磨蚀作用,,,,,0,0,,,
abrasive belt,,,[机] 磨带,,,,,0,0,,,
abrasive belt grinding lubricant,,,[机] 含有磨料的滑润剂,,,,,0,0,,,
abrasive blasting,,,[机] 吹送磨料,,,,,0,0,,,
abrasive blasting machine,,,[机] 吹送磨料加工机械,,,,,0,0,,,
abrasive cleaner,,,[化] 擦洗剂,,,,,0,0,,,
abrasive cloth,,,[化] 砂布,,,,,0,0,,,
abrasive cut-off machine,,,[机] 砂轮切断机,,,,,0,0,,,
abrasive cut-off saw,,,[机] 磨切锯,,,,,0,0,,,
abrasive cut-off wheel,,,[机] 切断用砂轮,,,,,0,0,,,
abrasive cutting wheel,,,[机] 磨切轮,,,,,0,0,,,
abrasive dise,,,[机] 磨盘,,,,,0,0,,,
abrasive disk,,,"[医] 磨盘, 磨片",,,,,0,0,,,
abrasive dust,,,[机] 磨尘,,,,,0,0,,,
abrasive finishing machine,,,[化] 抛光机,,,,,0,0,,,
abrasive grain,,,[机] 制砂轮原料粒,,,,,0,0,,,
abrasive hardness,,,[机] 抗磨硬度,,,,,0,0,,,
abrasive hardness tester,,,[机] 磨料硬度试验机,,,,,0,0,,,
abrasive jet cleaning,,,[化] 喷砂处理,,,,,0,0,,,
abrasive lathe wheel,,,[医] 车床磨轮,,,,,0,0,,,
abrasive material,əˈbreɪsɪv məˈtiəriəl,, 研磨材料; 研磨剂; 磨料; 磨平材料,,,,,0,0,,,
abrasive paper,,,[化] 砂纸,,,,,0,0,,,
abrasive paste,,,[医] 磨膏,,,,,0,0,,,
abrasive point,,,[医] 磨尖,,,,,0,0,,,
abrasive powder,,,[医] 磨粉,,,,,0,0,,,
abrasive resistance,,,[化] 耐磨性; 耐磨强度,,,,,0,0,,,
abrasive sawing machine,,,[机] 磨削切断机,,,,,0,0,,,
abrasive soap,,,[化] 擦洗皂,,,,,0,0,,,
abrasive stone,,,[机] 磨石,,,,,0,0,,,
abrasive substance,,,[化] 研磨材料,,,,,0,0,,,
abrasive wear machine,,,[机] 磨耗试验机,,,,,0,0,,,
abrasive wheel,,,[医] 磨轮,,,,,0,0,,,
abrasive-disk cutter,,,[化] 砂轮锯,,,,,0,0,,,
abrasive-laden lubrieant,,,[机] 含有磨料的滑润剂,,,,,0,0,,,
abrasively,,,"adv. 有磨蚀作用, 使人厌烦, 粗鲁",,,,,48643,0,,,
abrasiveness,,n. the quality of being sharply disagreeable,[化] 磨损性,,,,,0,40982,,,
abrasives,əb'reɪsɪvz,n. a substance that abrades or wears down,"n. （研）磨料, 磨蚀剂( abrasive的复数形式 ); <地质>磨蚀岩屑",,,,,0,0,0:abrasive/1:s,,
abrasivity,,,冲蚀度,,,,,0,0,,,
abraslon resistance,,,"[机] 磨蚀抗力, 抗磨性",,,,,0,0,,,
abrasor,,,"[医] 擦除器, 刮除器; 磨[除]器",,,,,0,0,,,
abrastol,ә'bræstәul,,β-萘酚-α-一元磺酸钙,,,,,0,0,,,
abrasure,,,[网络] 擦伤,,,,,0,0,,,
abration,ә'breiʃәn,,侵蚀作用,,,,,0,0,,,
abrator,ә'breitә,,[机] 离心喷光机,,,,,0,0,,,
abraum,,,[网络] 磨砂,,,,,0,0,,,
abraum salt,,,"[化] 层积盐(主要是钾盐和镁盐,层积在石盐矿床上)",,,,,0,0,,,
abravanel,,, [人名] 阿布拉瓦内尔,,,,,0,0,,,
abraxas,ә'bræksәs,"n. A mystical word used as a charm and engraved on gems among\n   the ancients; also, a gem stone thus engraved.","n. 古时刻在玉石上避邪的文字, 刻有这种符的玉石",,,,,0,0,,,
abray,ə'brei,v. See Abraid.,"vt.,vi. [废语] = abraid",,,,,0,0,,,
abrazine,ә'breizin,,磨砂(牙科商品名),,,,,0,0,,,
abrazite,"'æbrә,zait",,(=gismondite)水钙沸石,,,,,0,0,,,
abrazo,ɑ:'brɑ:ðәu,,<西> n.(尤指表示欢迎的)拥抱,,,,,0,0,,,
abrazos,ɑ:'brɑ:səuz,,n. abrazo的变形,,,,,0,0,,,
abre,,,n. (Abre)人名；(葡)阿布雷,,,,,0,0,,,
abreact,.æbri'ækt,v. discharge bad feelings or tension through verbalization,vt. 发泄,,,,,0,0,i:abreacting/p:abreacted/3:abreacts/d:abreacted,,
abreacted,æbriˈæktid,v discharge bad feelings or tension through verbalization,"v. 使消散, 发泄（情绪）( abreact的过去式和过去分词 )",,,,,0,0,1:pd/0:abreact,,
abreacting,æbriˈæktɪŋ,v discharge bad feelings or tension through verbalization,"v. 使消散, 发泄（情绪）( abreact的现在分词 )",,,,,0,0,1:i/0:abreact,,
abreaction,.æbri'ækʃәn,n (psychoanalysis) purging of emotional tensions,n. 精神发泄\n[医] 精神发泄,,,,,0,0,,,
abreactive,,,adj. abreaction的变形,,,,,0,0,,,
abreacts,æbriˈækts,v discharge bad feelings or tension through verbalization,"v. 使消散, 发泄（情绪）( abreact的第三人称单数 )",,,,,0,0,1:3/0:abreact,,
abreast,ә'brest,"s. being up to particular standard or level especially in being up to date in knowledge\nr. alongside each other, facing in the same direction","adv. 并肩地, 并列地",,1,,gre,14056,16406,,,
abreast of the times,,,"符合时代的, 最新的",,,,,0,0,,,
abreauvoir,,,石砌体灰缝,,,,,0,0,,,
abrego,,, [地名] [哥伦比亚] 阿夫雷戈,,,,,0,0,,,
abreu,,,n. (Abreu)人名；(葡、西)阿布雷乌；(法)阿布勒,,,,,0,0,,,
abreuvage,abrә:'vɑ:ʒ,,机械粘砂,,,,,0,0,,,
abreuvoir,ә'breiwɑ:,"n. The joint or interstice between stones, to be filled\n   with mortar.",石块间隙缝,,,,,0,0,,,
abri,ɑ:'bri,,"n. 避难所, 防空洞",,,,,0,0,s:abri/0:abri/1:s,,
abriachanite,"æbri'ætʃә,nait",,镁铁青石棉,,,,,0,0,,,
abric acid,,,[化] 红豆酸\n[医] 相思子酸,,,,,0,0,,,
abricock,'æbrikɔk,n. See Apricot.,n. [废语]= apricot,,,,,0,0,,,
abricotine,æbri'kɔtin,,"杏子酒, 杏汁酒",,,,,0,0,,,
abrided,,,[计] 简捷,,,,,0,0,,,
abrided multiplication,,,[计] 简捷乘法,,,,,0,0,,,
abridgable,ə'bridʒəbl,,adj. 可以删节的（等于abridgeable）,,,,,0,0,,,
abridge,ә'bridʒ,"v. reduce in scope while retaining essential elements\nv. lessen, diminish, or curtail","vt. 缩短, 删节, 减少, 剥夺\n[法] 剥夺; 节略",,,,toefl ielts gre,36604,26746,d:abridged/i:abridging/p:abridged/3:abridges,,
abridge sb. of his righs,,,[法] 剥夺某人的权利,,,,,0,0,,,
abridged,,a. (used of texts) shortened by condensing or rewriting,a. 删节的；削减的,,,,,34841,29809,0:abridge/1:dp/p:abridged/d:abridged,,
abridged copy,,,[法] 节本,,,,,0,0,,,
abridged edition,,,"节略版,删节本",,,,,0,0,,,
abridged general view,,,[化] 示意图,,,,,0,0,,,
abridged life table,,,[医] 简易寿命表,,,,,0,0,,,
abridged spectrophotometer,,,[化] 滤光光度计,,,,,0,0,,,
abridgement,ә'bridʒmәnt,n a shortened version of a written work,"n. 节本, 节略, (权利/自由的)剥夺\n[计] 节略, 缩写",,,,,39257,39597,s:abridgements,,
abridgement of damages,,,[法] 损害赔偿的剥夺,,,,,0,0,,,
abridgements,,plural of abridgement\nn a shortened version of a written work,"(abridgement 的复数) n. 节本, 节略, (权利/自由的)剥夺\n[计] 节略, 缩写",,,,,0,0,0:abridgement/1:s,,
abridger,,n. One who abridges.,n. abridge的变形,,,,,0,0,,,
abridges,əˈbrɪdʒz,"v reduce in scope while retaining essential elements\nv lessen, diminish, or curtail",v. 节略( abridge的第三人称单数 ); 减少; 缩短; <古>剥夺（某人的）权利（或特权等）,,,,,0,0,1:3/0:abridge,,
abridging,ə'brɪdʒ,p. pr. & vb. n. of Abridge,vt. 删节；缩短；节略,,,,,0,0,0:abridge/1:i,,
abridgment,ә'bridʒmәnt,n a shortened version of a written work,"n. 删节, 删节本, 缩短, 限制",,,,,0,38637,s:abridgments,,
abridgments,,plural of abridgment\nn a shortened version of a written work,"(abridgment 的复数) n. 删节, 删节本, 缩短, 限制",,,,,0,0,0:abridgment/1:s,,
Abrikossoff's,,,[医] 阿布里科索夫氏瘤(成肌细胞瘤),,,,,0,0,,,
Abrikossoff's tumor,,,"[医] 阿布里科索夫氏瘤, 成肌细胞瘤",,,,,0,0,,,
abril,,, [人名] 阿布里尔，阿布丽尔（女名）,,,,,0,0,,,
abrim,ә'brim,,adv. 充满着\na. 充满着的,,,,,0,0,,,
abrin,'eibrin,,"(=jequirtin)红豆因, 相思豆毒素(旧名相思豆毒硷)",,,,,0,0,,,
abrine,'eibri:n,,"红豆碱, N-甲基色氨酸",,,,,0,0,,,
abrinism,,,[医] 相思豆中毒,,,,,0,0,,,
abripe,,,[网络] 落后,,,,,0,0,,,
abrism,,,[医] 相思豆中毒,,,,,0,0,,,
abroach,ә'brәutʃ,s. of a cask or barrel,adv. 开个口使水流出\na. 开口的,,,,,0,0,,,
abroad,ә'brɒ:d,s. in a foreign country\nr. to or in a foreign country,"adv. 往国外, 到室外, 到处\na. 往国外的, 在室外的, 广泛四散的",,3,1,zk gk toefl,2243,3363,,,
Abrocoma,,,[网络] 华毛鼠属；骆鼠,,,,,0,0,,,
abrodil,,,"[化] 碘甲烷磺酸钠\n[医] 阿布罗吉尔, 碘甲磺酸钠(成药,X线造影剂)",,,,,0,0,,,
abrogable,'æbrəuɡəbl,a. Capable of being abrogated.,a. abrogate的变形,,,,,0,0,,,
abrogate,'æbrәgeit,v. revoke formally,"vt. 废除, 取消\n[经] 取消, 废除, 不生效(的法令)",,,,gre,22524,21800,d:abrogated/i:abrogating/p:abrogated/3:abrogates,,
abrogated,'æbrəgeɪt,imp. & p. p. of Abrogate,vt. 废除；取消,,,,,0,0,0:abrogate/1:dp,,
abrogates,ˈæbrəˌgeɪts,v revoke formally,v. 废除（法律等）( abrogate的第三人称单数 ); 取消; 去掉; 抛开,,,,,0,0,0:abrogate/1:3,,
abrogating,'æbrəgeɪt,p. pr. & vb. n. of Abrogate,vt. 废除；取消,,,,,0,0,0:abrogate/1:i,,
abrogation,.æbrәu'geiʃәn,n. the act of abrogating; an official or legal cancellation,"n. 废除, 取消\n[经] 废除, 取消",,,,,35136,28783,s:abrogations,,
abrogation of judgement,,,[法] 撤销判决,,,,,0,0,,,
abrogation of rights,,,[法] 取消权利,,,,,0,0,,,
abrogations,,plural of abrogation\nn. the act of abrogating; an official or legal cancellation,"(abrogation 的复数) n. 废除, 取消\n[经] 废除, 取消",,,,,0,0,0:abrogation/1:s,,
abrogative,,"a. Tending or designed to abrogate; as, an abrogative law.",a. abrogate的变形,,,,,0,0,,,
abrogator,,n. One who repeals by authority.,n. abrogate的变形,,,,,0,0,,,
Abrohany,'æbrɔhәni,,印度薄棉布,,,,,0,0,,,
abrolute electromagnetic unit,,,[电] 绝对电磁单位,,,,,0,0,,,
abrolute electrostatic unit,,,[电] 绝对制静电单位,,,,,0,0,,,
Abroma augasta L.f.,,,[医] 昂天莲,,,,,0,0,,,
Abroma Jacq.,,,[医] 昂天莲属,,,,,0,0,,,
Abronia,,,[网络] 匍匐美女樱属；叶子花属,,,,,0,0,,,
Abronia elliptica,,,[网络] 亚洲紫花苜蓿,,,,,0,0,,,
Abronia fragrans,,,[网络] 芳纤苞,,,,,0,0,,,
Abronia latifolia,,,[网络] 亚历山大,,,,,0,0,,,
Abronia maritima,,,[网络] 亚历山大海洋,,,,,0,0,,,
Abronia umbellata,,,[网络] 。,,,,,0,0,,,
Abronia villosa,,,[网络] 沙漠沙地马鞭草；沙漠沙地枞鞭草,,,,,0,0,,,
abrood,ә'bru:d,adv. In the act of brooding.,"[英, 方]正在孵化",,,,,0,0,,,
Abros,,,阿布罗斯镍铬锰耐蚀合金,,,,,0,0,,,
abrosia,,,"[医] 断食, 禁食",,,,,0,0,,,
abrotanine,,,[医] 青蒿硷,,,,,0,0,,,
abrotanum,ә'brɔtәnәm,,青蒿(强壮剂),,,,,0,0,,,
abrotine,,,[医] 青蒿硷,,,,,0,0,,,
abrs,,,abbr. 安全气囊式成员保护系统（Air Bag Restraint System）,,,,,0,0,,,
abrupt,ә'brʌpt,s. marked by sudden changes in subject and sharp transitions\ns. exceedingly sudden and unexpected\ns. extremely steep\ns. surprisingly and unceremoniously brusque in manner,"a. 突然的, 唐突的, 陡峭的, 不连贯的",,2,,gk cet6 ky toefl ielts gre,8560,8703,,,
abrupt change,,,[机] 陡变,,,,,0,0,,,
abrupt convolution,,,[医] 楔叶(大脑),,,,,0,0,,,
abrupt junction,,,"[计] 突变结, 阶跃结",,,,,0,0,,,
abrupt pulse,,,[医] 促脉,,,,,0,0,,,
abruptio,æb'rʌpʃiәu,,"[拉]分离, 分开, 脱离, 剥落",,,,,0,0,,,
abruptio placentae,,,[医] 胎盘早期脱离,,,,,0,0,,,
abruption,ә'brʌpʃәn,n an instance of sudden interruption,"n. 突然分离, 分裂, 断裂",,,,,0,0,,,
abruptly,ә'brʌptli,r. quickly and without warning,"adv. 突然地, 唐突地",,,,,5144,5243,,,
abruptly stressed,,,[化] 突加应力; 突加应力的,,,,,0,0,,,
abruptly-pinnate,,,[网络] 偶数羽状的；平截羽状的,,,,,0,0,,,
abruptly-pinnate leaf,,,[网络] 突然羽状叶,,,,,0,0,,,
abruptness,ә'brʌptnis,n. an abrupt discourteous manner\nn. the property possessed by a slope that is very steep\nn. the quality of happening with headlong haste or without warning,"n. 突然, 唐突",,,,,34013,31961,,,
abrus,,,相思子属,,,,,0,0,,,
Abrus L.,,,[医] 相思子属,,,,,0,0,,,
Abrus precatorius L.,,,"[医] 相思子, 相思树",,,,,0,0,,,
Abruzzese,,,n. (Abruzzese)人名；(意)阿布鲁泽塞,,,,,0,0,,,
Abruzzi,ə'bru:tsi,n. a mountainous region of central Italy on the Adriatic,n. 阿布鲁齐（意大利地区）,,,,,0,0,,,
Abruzzi e Molise,,,[网络] 阿布鲁齐莫利塞区,,,,,0,0,,,
Abruzzian,,,[网络] 阿布鲁别,,,,,0,0,,,
abruzzo,,,n. (Abruzzo)人名；(英、意)阿布鲁佐,,,,,0,0,,,
ABS,,n any of a class of composite plastics used to make car bodies and cases for computers and other appliances\nn a bachelor's degree in arts and sciences\nn the eleventh month of the civil year; the fifth month of the ecclesiastical year in the Jewish calendar (in July and August)\nn the muscles of the abdomen\nn the blood group whose red cells carry both the A and B antigens,"[计] 绝对, 美国标准局",,,,,27446,9730,,,
ABS resin,,,[化] ABS树脂,,,,,0,0,,,
abs. feb.,,,[医] 无[发]热时,,,,,0,0,,,
absa,,,n. (Absa)人名；(塞内)阿卜萨\n酰胺化牛血清白蛋白（amidated bovine serum albumin）,,,,,0,0,,,
absafil,'æbsәfil,,"(=absaglas)玻璃纤维增强, ABS 塑料",,,,,0,0,,,
Absalom,'æbsәlәm,,"押沙龙(《 圣经 》中 人物, 大卫王之第三子, 后因背叛其父被杀)",,,,,43272,0,,,
absalon,,,n. (Absalon)人名；(法、丹)阿布萨隆,,,,,0,0,,,
absaroka,æb'sɑ:rəkə,,Range 阿布萨罗卡岭(美国蒙大拿州南部怀俄明州西北山岭),,,,,0,0,,,
absarokas,æb'sɑ:rəkə,,Range 阿布萨罗卡岭(美国蒙大拿州南部怀俄明州西北山岭),,,,,0,0,,,
absaroke,æbˈsɑ:rəkə,,n. 克劳语,,,,,0,0,,,
absarokee,,, [地名] [美国] 阿布索罗基,,,,,0,0,,,
absarokite,"æb'særә,kait",,"橄辉安粗岩, 正边玄武岩",,,,,0,0,,,
abscam,,,Arab scam 阿拉伯故事,,,,,0,0,,,
abscess,'æbsis,n. symptom consisting of a localized collection of pus surrounded by inflamed tissue,n. 脓肿\nvi. 形成脓肿,,,,,21803,19223,s:abscesses,,
abscess syringe,,,"[医] 脓肿吸引器, 脓肿冲洗器",,,,,0,0,,,
abscess-formation,,,[医] 脓肿形成,,,,,0,0,,,
abscess-root,,,[医] 蓝花葱根,,,,,0,0,,,
abscessation,,, [医]脓肿形成,,,,,0,0,,,
abscessed,'æbsist,s. infected and filled with pus,a. 有脓肿的,,,,,0,44554,,,
abscessed tooth,,,[网络] 蛀牙,,,,,0,0,,,
abscesses,,pl.  of Abscess,n. [外科] 脓肿（abscess的复数）\nv. 形成脓肿（abscess的三单形式）,,,,,0,0,0:abscess/1:s,,
abscessus,,,[医] 脓肿,,,,,0,0,,,
abscessus siccus corneae,,,[医] 盘状角膜炎,,,,,0,0,,,
abschied,,, [电影]告别,,,,,0,0,,,
abscind,æb'sind,v. t. To cut off.,vt. 切断,,,,,0,0,,,
abscise,æb'sais,v. shed flowers and leaves and fruit following formation of a scar tissue\nv. remove or separate by abscission,"vt. 切除\nvi. 被切除, 脱离",,,,,0,0,i:abscising/p:abscised/3:abscises/d:abscised,,
abscised,æbˈsaizd,v shed flowers and leaves and fruit following formation of a scar tissue\nv remove or separate by abscission,"v. 切除被切除, 脱离( abscise的过去式和过去分词 )",,,,,0,0,1:pd/0:abscise,,
abscises,æbˈsaiziz,v shed flowers and leaves and fruit following formation of a scar tissue\nv remove or separate by abscission,"v. 切除被切除, 脱离( abscise的第三人称单数 )",,,,,0,0,1:3/0:abscise,,
abscisic,æb'sisik,,"acid 【生物化学】脱落酸[略作ABA,亦称作 abscisin Ⅱ, dormin, 参较 brassin, cytokinin]",,,,,0,0,,,
abscisic acid,,,[化] 脱落酸,,,,,0,0,,,
abscisin,æb'sisin,,[机] 松脂酸,,,,,0,0,,,
abscising,æbˈsaizɪŋ,v shed flowers and leaves and fruit following formation of a scar tissue\nv remove or separate by abscission,"v. 切除被切除, 脱离( abscise的现在分词 )",,,,,0,0,1:i/0:abscise,,
absciss,,n. See Abscissa.,vt. 脱离,,,,,0,0,,,
abscissa,æb'sisә,n. the value of a coordinate on the horizontal axis,n. 横坐标\n[化] 横坐标,,,,,0,0,,,
abscissae,,pl.  of Abscissa,横坐标（abscissa的复数）,,,,,0,0,,,
abscissas,,pl.  of Abscissa,n. [数][天] 横坐标（横线）,,,,,0,0,,,
abscission,æb'siʒәn,n. shedding of flowers and leaves and fruit following formation of scar tissue in a plant\nn. the act of cutting something off,"n. 切断, 除去\n[医] 切除",,,,gre,0,0,,,
abscission layer,,,[医] 离层,,,,,0,0,,,
abscissus,æb'sisәs,,"正截, 断片",,,,,0,0,,,
absconce,,lantern used in monasteries and night offices\n> the absconce.\n,,,,,,0,0,,,
abscond,әb'skɒnd,v. run away; usually includes taking something or somebody along,"vi. 潜逃, 逃匿\n[经] (为躲避罪责,债务等)潜逃",,,,gre,21789,27687,p:absconded/d:absconded/i:absconding/3:absconds/s:absconds,,
abscond from,,,"逃离,逃避",,,,,0,0,,,
abscond to avoide punishment,,,[法] 畏罪潜逃,,,,,0,0,,,
abscond with,,,携…潜逃,,,,,0,0,,,
abscond with the money,,,[法] 卷款潜逃,,,,,0,0,,,
absconded,əb'skɒnd; æb-,imp. & p. p. of Abscond,"vi. 逃匿, 潜逃；避债",,,,,0,0,0:abscond/1:pd,,
abscondence,әb'skɒndәns,n. Fugitive concealment; secret retirement; hiding.,"n. 潜逃, 逃匿\n[法] 潜逃, 逃亡",,,,,0,0,,,
abscondent,,,[网络] 潜行,,,,,0,0,,,
absconder,,n a fugitive who runs away and hides to avoid arrest or prosecution,"[法] 潜逃者, 逃亡者",,,,,0,0,s:absconders,,
absconders,,plural of absconder\nn a fugitive who runs away and hides to avoid arrest or prosecution,"(absconder 的复数) [法] 潜逃者, 逃亡者",,,,,0,0,0:absconder/1:s,,
absconding,əb'skɔndiŋ,p. pr. & vb. n. of Abscond,"n. 弃保潜逃\nv. 潜逃, 逃匿（abscond的现在分词形式）",,,,,0,0,0:abscond/1:i/i:absconding/s:abscondings,,
absconding defendant,,,[法] 在逃被告,,,,,0,0,,,
abscondings,,plural of absconding\np. pr. & vb. n. of Abscond,"(absconding 的复数) n. 弃保潜逃\nv. 潜逃, 逃匿（abscond的现在分词形式）",,,,,0,0,0:absconding/1:s,,
absconditus,әb'skɔnditәs,,隐藏的,,,,,0,0,,,
abscondment,,,[网络] 逃离医院类,,,,,0,0,,,
absconds,æbˈskɔndz,v run away; usually includes taking something or somebody along,"v. （尤指逃避逮捕）潜逃, 逃跑( abscond的第三人称单数 )",,,,,0,0,0:abscond/1:3s,,
absconsio,'æbskɔnsiәu,,[拉]骨窝,,,,,0,0,,,
abse,,,abbr. absolute error 绝对误差,,,,,0,0,,,
absecon,,,阿布西肯（地名）,,,,,0,0,,,
abseil,'ɑ:bzail,n (mountaineering) a descent of a vertical cliff or wall made by using a doubled rope that is fixed to a higher point and wrapped around the body\nv lower oneself with a rope coiled around the body from a mountainside,n. (登山运动中的)沿绳滑下法,,,,,25486,0,i:abseiling/p:abseiled/s:abseils/d:abseiled/3:abseils,,
abseiled,ˈɑ:bzaild,v lower oneself with a rope coiled around the body from a mountainside,v. （登山运动中的）沿绳滑下法( abseil的过去式和过去分词 ),,,,,0,0,0:abseil/1:pd,,
abseiler,,n. a person who descends down a nearly vertical face by using a doubled rope that is wrapped around the body and attached to some high point,n. 沿绳滑下法 (abseil的变形),,,,,0,0,s:abseilers,,
abseilers,,plural of abseiler,(abseiler 的复数) n. 沿绳滑下法 (abseil的变形),,,,,0,0,0:abseiler/1:s,,
abseiling,æb'si:lɪŋ,v lower oneself with a rope coiled around the body from a mountainside,v. （登山运动中的）沿绳滑下法( abseil的现在分词 ),,,,,0,0,0:abseil/1:i/i:abseiling,,
abseilling,,-ing form of abseil\nn (mountaineering) a descent of a vertical cliff or wall made by using a doubled rope that is fixed to a higher point and wrapped around the body\nv lower oneself with a rope coiled around the body from a mountainside,(abseil 的现在分词) n.(登山运动中的)沿绳滑下法,,,,,0,0,0:abseil/1:i,,
abseils,ˈɑ:bzailz,n (mountaineering) a descent of a vertical cliff or wall made by using a doubled rope that is fixed to a higher point and wrapped around the body\nv lower oneself with a rope coiled around the body from a mountainside,v. （登山运动中的）沿绳滑下法( abseil的第三人称单数 ),,,,,0,0,0:abseil/1:s3,,
abseisin,,,[化] 脱落素,,,,,0,0,,,
absen,,,n. 艾比森（公司名）,,,,,0,0,,,
absence,'æbsәns,"n. the state of being absent\nn. failure to be present\nn. the time interval during which something or somebody is away\nn. the occurrence of an abrupt, transient loss or impairment of consciousness (which is not subsequently remembered), sometimes with light twitching, fluttering eyelids, etc.; common in petit mal epilepsy","n. 缺席, 缺乏, 没有\n[医] 失神",,3,1,gk cet4 cet6 ky toefl,1585,2524,s:absences,,
absence cum dolo et culpa,,,[法] 自愿不出庭,,,,,0,0,,,
absence from classes,,,缺课,,,,,0,0,,,
absence of any earlier complaints,,,[经] 以往没有控诉事例,,,,,0,0,,,
absence of consideration,,,[经] (合同)缺乏对价,,,,,0,0,,,
absence of contact,,,[医] 无接触,,,,,0,0,,,
absence of mind,,,心不在焉,,,,,0,0,,,
absence of mouth,,,[医] 无口[畸形],,,,,0,0,,,
absence of proable cause,,,[法] 缺乏可信诉因,,,,,0,0,,,
absence of proof,,,[法] 缺乏证据,,,,,0,0,,,
absence on leave,,,[法] 因假缺席,,,,,0,0,,,
absence seizure,ˈæbsəns ˈsi:ʒə,, 失神发作,,,,,0,0,,,
absence test,,,"[计] 缺席测试, 存在与否测试",,,,,0,0,,,
absence without leave,,,[法] 擅离职守,,,,,0,0,,,
absence without notice,,,"悄悄熘走,不辞而别",,,,,0,0,,,
absences,ˈæbsənsiz,n. the state of being absent\nn. failure to be present\nn. the time interval during which something or somebody is away,n. 缺席( absence的复数形式 ); 离开; 不在场的次数或时间; 缺乏,,,,,0,0,0:absence/1:s,,
absent,'æbsәnt,v. go away or leave\na. not being in a specified place\ns. lost in thought; showing preoccupation,"a. 缺席的, 不在的, 缺乏的, 漫不经心的\nvt. 使缺席",,2,1,zk gk cet4 cet6 ky toefl,4300,5516,p:absented/i:absenting/d:absented/3:absents,,
absent extension advice,,,[计] 分机无值守通报器,,,,,0,0,,,
absent from,,,"缺席,不在,没到场,没参加",,,,,0,0,,,
absent from work without reason,,,[法] 无故旷职,,,,,0,0,,,
absent on a tour,,,外出旅行,,,,,0,0,,,
absent oneself,,,"缺席,不在,没到场,没参加",,,,,0,0,,,
absent oneself from,,,"v. 缺席,不到",,,,,0,0,,,
absent respiration,,,"[医] 呼吸音消失, 无呼吸音呼吸",,,,,0,0,,,
absent voting laws,,,"[法] 缺席投票, 通信投票法",,,,,0,0,,,
absent with leave,,,请假缺席,,,,,0,0,,,
absent without leave,,,"[经] 旷工, 未请假而缺勤",,,,,0,0,,,
absent-minded,'æbsәnt'maindid,a. Absent in mind; abstracted; preoccupied.,"a. 心不在焉的, 健忘的",,,,,0,0,,,
absent-mindedly,,,adv. 心不在焉,,,,,0,0,,,
absent-mindedness,,,n. 心不在焉,,,,,0,0,,,
absentation,",æbsәn'teiʃәn",n. The act of absenting one's self.,n. 缺席,,,,,0,0,,,
absente reo,æb'senti'ri:әu,,[拉][律]被告缺席,,,,,0,0,,,
absented,'æbs(ə)nt,imp. & p. p. of Absent,a. 缺席的；缺少的；心不在焉的；茫然的\nvt. 使缺席,,,,,0,0,0:absent/1:pd,,
absentee,.æbsәn'ti:,n. one that is absent or not in residence,"n. 缺席者, 不在者\n[经] 缺勤者, 缺席者, 未到工者",,1,,toefl,14623,13021,s:absentees,,
absentee ballot,,,[法] 缺席选举人票,,,,,0,0,,,
absentee director,,,"[经] 不在场的负责人, 不出席董事",,,,,0,0,,,
absentee landlord,,,"[法] 不在地主, 不在房东",,,,,0,0,,,
absentee manager,,,"[经] 不在家的管理人, 不在职经理",,,,,0,0,,,
absentee owner,,,[经] 未在场物主,,,,,0,0,,,
absentee rate,,,[网络] 缺席率；缺勤率,,,,,0,0,,,
absentee voting,,,[法] 缺席投票,,,,,0,0,,,
absentee-ballot,,,n. 缺席选举人票,,,,,0,0,,,
absenteeism,æbsәn'ti:iz(ә)m,n. habitual absence from work,"n. 经常无故缺席, 旷职, 旷工, 旷课\n[经] 有计划的怠工, 旷工",,,,toefl gre,15710,19278,,,
absenteeism rate,,,[机] 缺勤率,,,,,0,0,,,
absentees,ˌæbsənˈti:z,n. one that is absent or not in residence,n. 缺席者( absentee的复数形式 ); 缺勤者; 在外地主; 外住者,,,,,0,0,0:absentee/1:s,,
absentia,æb'senʃiә,,[医] 失神,,,,,0,0,,,
absentia epileptica,,,[医] 癫痫性失神,,,,,0,0,,,
absenting,ˈæbsəntɪŋ,v go away or leave,"v. 缺席, 不参加, 不在( absent的现在分词 )",,,,,0,0,0:absent/1:i,,
absently,'æbsәntli,r. in an absentminded or preoccupied manner,adv. 心不在焉地,,,,,17787,14500,,,
absentminded,,s lost in thought; showing preoccupation,a. 心不在焉的；茫然的；神情恍惚的,,,,,0,0,,,
absentmindedly,,r in an absentminded or preoccupied manner,adv. 茫然地；精神不集中地,,,,,38194,23368,,,
absentmindedness,'æbsənt'maindidnis,n. preoccupation so great that the ordinary demands on attention are ignored,n. 恍惚；心不在焉,,,,,0,0,,,
absents,ˈæbsənts,v go away or leave,"v. 缺席, 不参加, 不在( absent的第三人称单数 )",,,,,0,0,0:absent/1:3,,
absenty,,,[网络] 缺席,,,,,0,0,,,
abshire,,, [人名] 阿布希尔,,,,,0,0,,,
absidia,,,[医] 犁头霉属,,,,,0,0,,,
absinth,'æbsinθ,n. strong green liqueur flavored with wormwood and anise,n. 艾酒\n[医] 苦艾酒; 苦艾,,,,,0,0,,,
absinthe,'æbsinθ,n aromatic herb of temperate Eurasia and North Africa having a bitter taste used in making the liqueur absinthe\nn strong green liqueur flavored with wormwood and anise,n. 艾酒,,,,,0,34020,,,
absinthe oil,,,[化] 洋艾油\n[医] 苦艾油,,,,,0,0,,,
absinthial,,a. Of or pertaining to wormwood; absinthian.,"a. absinthe,absinth的变形",,,,,0,0,,,
absinthiate,,,[网络] 堕落,,,,,0,0,,,
absinthic,,a. Relating to the common wormwood or to an acid obtained\n   from it.,[医] 苦艾的,,,,,0,0,,,
absinthic acid,,,[化] 苦艾酸\n[医] 苦艾油酸,,,,,0,0,,,
absinthiin,,,[化] 苦艾素,,,,,0,0,,,
absinthin,æb'sinθin,n. The bitter principle of wormwood (Artemisia absinthium).,n. 苦艾素,,,,,0,0,,,
absinthism,'æbsinθizәm,n. The condition of being poisoned by the excessive use of\n   absinth.,n. 艾酒中毒\n[医] 苦艾酒中毒,,,,,0,0,,,
absinthites,,,[网络] 宝石,,,,,0,0,,,
absinthium,,"n. The common wormwood (Artemisia absinthium), an\n   intensely bitter plant, used as a tonic and for making the oil of\n   wormwood.",[化] 苦艾\n[医] 苦艾,,,,,0,0,,,
absinthol,æb'sinθɔl,,"苦艾脑, 苦艾(油)醇",,,,,0,0,,,
absis,,n. See Apsis.,半圆形后室\n[建] 半圆壁龛,,,,,0,0,,,
absite,'æbsait,,钍钛铀矿,,,,,0,0,,,
absitomen,,,adv. 但愿无不祥之兆,,,,,0,0,,,
abskize,,,逃脱,,,,,0,0,,,
ABSLDR,,,[计] 绝对地址装入程序,,,,,0,0,,,
abslinence phenomenon,,,[医] 脱瘾现象,,,,,0,0,,,
abslute efficiency,,,[电] 绝对效率,,,,,0,0,,,
abso,,,abbr. 异戊基苯并噻唑亚砜（Isoamyl Mbt Sulfoxide）；航空安全办公室处（Aviation Branch Safety Office）,,,,,0,0,,,
absol,,,abbr. 绝对地（absolutely）,,,,,0,0,,,
absolom,,, [人名] 阿布索龙,,,,,0,0,,,
absolut,,,n. 绝对伏特加（瑞典的伏特加品牌）,,,,,0,0,,,
absolute,'æbsәlu:t,n. something that is conceived or that exists independently and not in relation to other things; something that does not depend on anything else and is beyond human control; something that is not relative\na. perfect or complete or pure\ns. complete and without restriction or qualification; sometimes used informally as intensifiers\ns. not limited by law,"a. 绝对的, 专制的, 完全的, 独立的\nn. 绝对事物",,3,1,gk cet4 cet6 ky toefl gre,2420,3165,s:absolutes,,
absolute abundance,,,[化] 绝对丰度,,,,,0,0,,,
absolute acceleration,,,[化] 绝对加速度,,,,,0,0,,,
absolute acceptance,,,"[法] 绝对承保, 无条件承兑, 无条年接受",,,,,0,0,,,
absolute accommodation,,,[医] 绝对调节,,,,,0,0,,,
absolute accuracy,,,"[计] 绝对精度\n[经] 绝对准确, 绝对准确度",,,,,0,0,,,
absolute activity,,,[化] 绝对活度,,,,,0,0,,,
absolute address,,,[计] 绝对地址,,,,,0,0,,,
absolute addressing,,,[计] 绝对编址,,,,,0,0,,,
absolute adjustment,,,[医] 绝对性调节,,,,,0,0,,,
absolute advantage,,,[经] 绝对有利,,,,,0,0,,,
absolute agraphia,,,[医] 绝对书写不能,,,,,0,0,,,
absolute alcohol,,,无水酒精\n[化] 无水乙醇; 无水酒精,,,,,0,0,,,
absolute altimeter,,,[电] 绝对高度计,,,,,0,0,,,
absolute altitude,,,[电] 绝对高度,,,,,0,0,,,
absolute amenorrhea,,,[医] 安全经闭,,,,,0,0,,,
absolute amount,,,[经] 绝对量,,,,,0,0,,,
absolute assembler,,,[计] 绝对地址汇编程序,,,,,0,0,,,
absolute assembly language,,,[计] 绝对汇编语言,,,,,0,0,,,
absolute assignment,,,[经] 绝对转让,,,,,0,0,,,
absolute asymmetry,,,[机] 绝对不对称,,,,,0,0,,,
absolute atmosphere,,,[机] 绝对大气压,,,,,0,0,,,
absolute atomic weight,,,[电] 绝对原子量,,,,,0,0,,,
absolute bill,,,"[法] 绝对诉状, 绝对票据",,,,,0,0,,,
absolute bill of sale,,,"[法] 绝对卖契, 无条件卖契",,,,,0,0,,,
absolute block,,,[计] 绝对块,,,,,0,0,,,
absolute block signal,,,[电] 绝对闭塞记号[机],,,,,0,0,,,
absolute block system,,,"[电] 绝对闭塞制, 绝对分段制",,,,,0,0,,,
absolute blood count,,,[医] 绝对血细胞计数,,,,,0,0,,,
absolute boiling point,,,[机] 绝对沸点,,,,,0,0,,,
absolute bond,,,[经] 不附条件的债券,,,,,0,0,,,
absolute bone conduction test,,,[医] 绝对骨传导试验(堵塞外耳道所行骨的传导试验),,,,,0,0,,,
absolute capacity,,,[机] 绝对容量,,,,,0,0,,,
absolute ceiling,,,[机] 绝对升限,,,,,0,0,,,
absolute code,,,[计] 绝对代码,,,,,0,0,,,
absolute coding,,,[计] 绝对编码,,,,,0,0,,,
absolute coefficient,,,[机] 绝对系数,,,,,0,0,,,
absolute compliance,,,[化] 绝对柔量,,,,,0,0,,,
absolute conditions of an action,,,[法] 绝对诉讼案件,,,,,0,0,,,
absolute configuration,,,[化] 绝对构型,,,,,0,0,,,
absolute congenital glaucoma,,,[医] 绝对期先天性青光眼,,,,,0,0,,,
absolute constant,,,[机] 绝对常数,,,,,0,0,,,
absolute constants,,,[化] 通用常数,,,,,0,0,,,
absolute contraband,,,[经] 绝对禁运品,,,,,0,0,,,
absolute contract,,,[经] 不附加条件的合同,,,,,0,0,,,
absolute convergence,ˈæbsəlju:t kənˈvə:dʒəns,," 绝对收敛, 绝对收敛性",,,,,0,0,,,
absolute conveyance,,,[法] 无条件转让,,,,,0,0,,,
absolute coordinate,,,[计] 绝对坐标,,,,,0,0,,,
absolute cost,,,"[经] 绝对成本, 纯粹成本",,,,,0,0,,,
absolute cost control,,,[经] 绝对成本控制,,,,,0,0,,,
absolute counter,,,[计] 绝对计数器,,,,,0,0,,,
absolute counting,,,[计] 绝对计数\n[化] 绝对测量,,,,,0,0,,,
absolute cover,,,[经] 绝对保险额,,,,,0,0,,,
absolute current balance,,,[电] 绝对电流天平,,,,,0,0,,,
absolute current balauce,,,[电] 绝对电流天平,,,,,0,0,,,
absolute current level,,,[电] 绝对电流位准,,,,,0,0,,,
absolute data,,,[计] 绝对数据,,,,,0,0,,,
absolute decree,,,"[法] 最后判决, 最终裁判",,,,,0,0,,,
absolute deed,,,"[法] 无限制契据, 绝对契据",,,,,0,0,,,
absolute defence,,,[法] 绝对抗辩,,,,,0,0,,,
absolute delay,,,[电] 绝对延迟,,,,,0,0,,,
absolute delivery,,,[法] 绝对让渡,,,,,0,0,,,
absolute demand,,,"[经] 绝对需求, 绝对需要",,,,,0,0,,,
absolute density,,,[化] 绝对密度\n[医] 绝对密度,,,,,0,0,,,
absolute deviation,,,[化] 绝对偏差,,,,,0,0,,,
absolute dielectric constant,,,[化] 绝对介电常量,,,,,0,0,,,
absolute diet,,,"[医] 禁食, 绝食",,,,,0,0,,,
absolute difference in cost,,,[经] 成本绝对差,,,,,0,0,,,
absolute differential calculus,,,[机] 绝对微分学,,,,,0,0,,,
absolute disability,,,[法] 完全无行为能力,,,,,0,0,,,
absolute discharge,,,"[法] 绝对释放, 无条件释放, 完全清偿",,,,,0,0,,,
absolute dry weight,,,"[机] 绝对干重, 绝对净重",,,,,0,0,,,
absolute dullness,,,[医] 绝对浊音(实音),,,,,0,0,,,
absolute duties,,,[法] 绝对义务,,,,,0,0,,,
absolute efficiency,,,[机] 绝对效率,,,,,0,0,,,
absolute electormeter,,,[电] 绝对静电计,,,,,0,0,,,
absolute electrodynamometer,,,[电] 绝对电测力计,,,,,0,0,,,
absolute electrometer,,,[机] 绝对静电,,,,,0,0,,,
absolute elsewhere,,,[化] 绝对异地,,,,,0,0,,,
absolute embargo,,,[法] 绝对禁运物品,,,,,0,0,,,
absolute endorsement,,,[经] 绝对背书,,,,,0,0,,,
absolute entropy,,,[化] 绝对熵,,,,,0,0,,,
absolute error,,,[计] 绝对误差\n[化] 绝对误差,,,,,0,0,,,
absolute estate,,,[法] 不附条件的地产权,,,,,0,0,,,
absolute ether,,,[化] 无水醚; 无水乙醚\n[医] 纯乙醚,,,,,0,0,,,
absolute ethyl alcohol,,,[机] 无水乙醇,,,,,0,0,,,
absolute expression,,,[计] 绝对表达式,,,,,0,0,,,
absolute extract,,,[化] 纯净萃,,,,,0,0,,,
absolute fact,,,[法] 确定事实,,,,,0,0,,,
absolute field,,,[医] 绝对区,,,,,0,0,,,
absolute fixed capital,,,"[经] 纯粹固定资本, 绝对固定资本",,,,,0,0,,,
absolute fixed cost,,,"[经] 纯粹固定成本, 绝对固定成本",,,,,0,0,,,
absolute frequency,ˈæbsəlju:t ˈfri:kwənsi,, 频数,,,,,0,0,,,
absolute future,,,[化] 绝对未来,,,,,0,0,,,
absolute gain of an anfenna,,,[电] 天线的绝对增益,,,,,0,0,,,
absolute galvanometer,,,"[机] 绝对电流计, 绝对测电流计",,,,,0,0,,,
absolute gravity,,,[机] 绝对比重,,,,,0,0,,,
absolute growth,,,[医] 绝对生长,,,,,0,0,,,
absolute guaranty,,,"[法] 绝对担保, 无条件担保",,,,,0,0,,,
absolute heating effect,,,[机] 绝对热效,,,,,0,0,,,
absolute hemianopsia,,,[医] 完全偏盲,,,,,0,0,,,
absolute hnmidity,,,[医] 绝对湿度,,,,,0,0,,,
absolute humidity,,,[化] 绝对湿度,,,,,0,0,,,
absolute humidity of gas,,,[机] 气体的绝对湿度,,,,,0,0,,,
absolute hypermetropia,,,[医] 绝对远视,,,,,0,0,,,
absolute hyperopia,,,[医] 绝对远视,,,,,0,0,,,
absolute idiocy,,,[医] 深度白痴,,,,,0,0,,,
absolute idiosyncrasy,,,[医] 绝对特[异反]应性,,,,,0,0,,,
absolute immunity,,,[医] 绝对免疫,,,,,0,0,,,
absolute impossibility,,,[法] 绝对不可能,,,,,0,0,,,
absolute increase,,,[经] 绝对增长数,,,,,0,0,,,
absolute increment,,,[医] 绝对增加,,,,,0,0,,,
absolute index of refraction,,,[化] 绝对折射率,,,,,0,0,,,
absolute inheritance,,,[经] 绝对继承权,,,,,0,0,,,
absolute interest,,,"[经] 绝对利益, 纯粹的利息",,,,,0,0,,,
absolute invalidity,,,[法] 绝对无效,,,,,0,0,,,
absolute ionic mobility,,,[化] 离子迁移率; 绝对离子迁移率,,,,,0,0,,,
absolute joule,,,[机] 绝对焦耳,,,,,0,0,,,
absolute kilowatt,,,[机] 绝对千瓦,,,,,0,0,,,
absolute language,,,[计] 绝对语言,,,,,0,0,,,
absolute legacy,,,"[法] 绝对遗赠, 无条件遗赠",,,,,0,0,,,
absolute leukocytosis,,,[医] 绝对性白细胞增多,,,,,0,0,,,
absolute level,,,[电] 绝对位准,,,,,0,0,,,
absolute liability,,,[经] 绝对赔偿责任,,,,,0,0,,,
absolute loader,,,[计] 绝对地址装入程序,,,,,0,0,,,
absolute magnitude,,,"[计] 绝对量, 绝对值\n[经] 绝对量",,,,,0,0,,,
absolute majority,,,[经] 绝对多数,,,,,0,0,,,
absolute manometer,,,[机] 绝对压力计,,,,,0,0,,,
absolute maximum,,,"[计] 绝对最大值, 全局最大值, 绝对极大值",,,,,0,0,,,
absolute maximum rating,,,[电] 绝对最大定额,,,,,0,0,,,
absolute mean deviation,,,[经] 绝对平均差,,,,,0,0,,,
absolute measure,,,[经] 绝对度量,,,,,0,0,,,
absolute measurement,,,[化] 绝对测量,,,,,0,0,,,
absolute measurment,,,[电] 绝对量度,,,,,0,0,,,
absolute memory address,,,[计] 绝对存储地址,,,,,0,0,,,
absolute memory location,,,[计] 绝对存储单元,,,,,0,0,,,
absolute methanol,,,[化] 无水甲醇,,,,,0,0,,,
absolute method,,,[化] 绝对法,,,,,0,0,,,
absolute minimum,,,"[计] 绝对最小值, 全局最小值, 绝对极小值",,,,,0,0,,,
absolute minimum resistance,,,[电] 绝对最小电阻,,,,,0,0,,,
absolute monarchy,,,"君主专制\n[法] 绝对君主政体, 君主专制制度",,,,,0,0,,,
absolute motion,,,[化] 绝对运动,,,,,0,0,,,
absolute muscle force,,,[医] 绝对肌力,,,,,0,0,,,
absolute music,,,纯音乐,,,,,0,0,,,
absolute near points,,,[医] 绝对近点,,,,,0,0,,,
absolute net loss,,,[经] 绝对净损,,,,,0,0,,,
absolute number,,,[经] 绝对数,,,,,0,0,,,
absolute object,,,[计] 绝对目标,,,,,0,0,,,
absolute object program,,,[计] 绝对目标程序,,,,,0,0,,,
absolute offence,,,[法] 绝对的罪行,,,,,0,0,,,
absolute ohm,,,[机] 绝对欧姆,,,,,0,0,,,
absolute order,,,[法] 绝对的指令,,,,,0,0,,,
absolute order to pay,,,"[经] 简单支付指示, 肯定付款的指示",,,,,0,0,,,
absolute ownership,,,[经] 绝对所有权,,,,,0,0,,,
absolute par of exchange,,,"[经] 绝对汇兑平价, 固定汇总平价",,,,,0,0,,,
absolute past,,,[化] 绝对过去,,,,,0,0,,,
absolute payment,,,[法] 全部支付,,,,,0,0,,,
absolute peltier coefficient,,,[电] 绝对裴尔提系数,,,,,0,0,,,
absolute permibility,,,[电] 绝对磁导系数,,,,,0,0,,,
absolute permissive block,,,[电] 权宜绝对塞,,,,,0,0,,,
absolute permissive block system,,,[电] 权宜绝对塞制,,,,,0,0,,,
absolute pitch,ˈæbsəlju:t pitʃ,,n. 音高辨别力,,,,,0,0,,,
absolute plotter control,,,[计] 全值绘图机控制,,,,,0,0,,,
absolute potential,,,[电] 绝对电位,,,,,0,0,,,
absolute power level,,,[电] 绝对功率位置,,,,,0,0,,,
absolute practical unit,,,[机] 绝对实用单位,,,,,0,0,,,
absolute pressure,,,[电] 绝对压力,,,,,0,0,,,
absolute pressure controller,,,[化] 绝压控制器,,,,,0,0,,,
absolute pressure transducer,,,[电] 绝对功力转换器,,,,,0,0,,,
absolute price,,,[经] 绝对价格,,,,,0,0,,,
absolute priority,,,[计] 绝对优先权,,,,,0,0,,,
absolute privilege,,,[法] 绝对特权,,,,,0,0,,,
absolute program,,,[计] 绝对程序,,,,,0,0,,,
absolute program loader,,,[计] 绝对程序的装入程序,,,,,0,0,,,
absolute programming,,,[计] 绝对程序设计,,,,,0,0,,,
absolute prohibition,,,[法] 绝对禁制,,,,,0,0,,,
absolute promise to pay,,,[经] 绝对无条件付款,,,,,0,0,,,
absolute quotas,,,[经] 绝对配额,,,,,0,0,,,
absolute rate theory,,,[化] 绝对反应速率理论,,,,,0,0,,,
absolute reaction rate,,,[机] 绝对反应速率,,,,,0,0,,,
absolute reaction rate theory,,,[机] 绝对反应速率理论,,,,,0,0,,,
Absolute Record,,,[计] 绝对记录,,,,,0,0,,,
absolute reference frame,,,[化] 绝对参考系,,,,,0,0,,,
absolute refractive index,,,[化] 绝对折射指数,,,,,0,0,,,
absolute refractory period,,,[医] 绝对不应期,,,,,0,0,,,
absolute rent,,,[经] 绝对地租,,,,,0,0,,,
absolute responsibility,,,[法] 绝对责任,,,,,0,0,,,
absolute rest,,,[机] 绝对静止,,,,,0,0,,,
absolute retention time,,,[化] 绝对保留时间,,,,,0,0,,,
absolute retention volume,,,[化] 绝对保留体积,,,,,0,0,,,
absolute right,,,[法] 绝对权利,,,,,0,0,,,
absolute rolling,,,[机] 绝对滚动,,,,,0,0,,,
absolute rotation,,,[机] 绝对旋转,,,,,0,0,,,
absolute rules,,,[法] 绝对规则,,,,,0,0,,,
absolute sale,,,[经] 无条件销售,,,,,0,0,,,
absolute scale,,,[医] 绝对温标,,,,,0,0,,,
absolute scale of temperature,,,[机] 绝对温标,,,,,0,0,,,
absolute scattering power,,,[机] 绝对散射本领,,,,,0,0,,,
absolute scotoma,,,[医] 绝对暗点,,,,,0,0,,,
absolute seebeck coefficient,,,[电] 绝对席贝克系数,,,,,0,0,,,
absolute solvent power,,,[机] 绝对溶剂力,,,,,0,0,,,
absolute sovereignty,,,[法] 绝对主权,,,,,0,0,,,
absolute space,,,[化] 绝对空间,,,,,0,0,,,
absolute specific gravity,,,[医] 绝对比重,,,,,0,0,,,
absolute speed,,,[机] 绝对速率,,,,,0,0,,,
absolute stability,,,[电] 绝对稳定度,,,,,0,0,,,
absolute stability constant,,,[化] 绝对稳定常数,,,,,0,0,,,
absolute standard of living,,,[经] 最低生活费,,,,,0,0,,,
absolute strabismus,,,[医] 绝对斜视,,,,,0,0,,,
absolute subscription,,,[经] 募集确定条件的公债,,,,,0,0,,,
absolute surplus value,,,[经] 绝对剩余价值,,,,,0,0,,,
absolute system,,,[机] 绝对制,,,,,0,0,,,
absolute system of unit,,,[电] 绝对单位系统,,,,,0,0,,,
absolute system of units,,,[机] 绝对单位制,,,,,0,0,,,
absolute temperature,,,[化] 绝对温度\n[医] 绝对温度,,,,,0,0,,,
absolute temperature scale,,,[机] 绝对温标,,,,,0,0,,,
absolute term,,,[计] 绝对项,,,,,0,0,,,
absolute threshold,,,"[医] 绝对阈, 刺激阈",,,,,0,0,,,
absolute time,,,[化] 绝对时间,,,,,0,0,,,
absolute title,,,[经] 绝对所有权,,,,,0,0,,,
absolute total loss,,,[经] 绝对全损,,,,,0,0,,,
absolute unit,,,[医] 绝对单位,,,,,0,0,,,
absolute vacuum,,,[化] 绝对真空,,,,,0,0,,,
absolute valency,,,[化] 绝对价; 最高价,,,,,0,0,,,
absolute value,,,[计] 绝对值\n[经] 绝对值,,,,,0,0,,,
absolute value computer,,,[计] 全值计算机,,,,,0,0,,,
absolute value device,,,[电] 绝对数值设备,,,,,0,0,,,
absolute value error,,,[计] 绝对值误差,,,,,0,0,,,
absolute value representation,,,[计] 绝对值表示,,,,,0,0,,,
absolute value sign,,,[计] 绝对值符号,,,,,0,0,,,
absolute vector,,,[计] 绝对向量,,,,,0,0,,,
absolute velocity,,,[化] 绝对速度,,,,,0,0,,,
absolute veto,,,"[法] 绝对否决, 绝对的否决",,,,,0,0,,,
absolute viscometer,,,[机] 绝对粘度计,,,,,0,0,,,
absolute viscometer capillary tube type,,,[机] 绝对粘度计,,,,,0,0,,,
absolute viscosity,,,[化] 绝对粘度\n[医] 绝对粘度,,,,,0,0,,,
absolute voidness,,,[法] 绝对无效,,,,,0,0,,,
absolute volt,,,[机] 绝对伏特,,,,,0,0,,,
absolute volume,,,"[机] 绝对音量, 绝对容积",,,,,0,0,,,
absolute warranty of seaworthiness,,,[经] 绝对适航保证,,,,,0,0,,,
absolute watt,,,[机] 绝对瓦特,,,,,0,0,,,
absolute weight,,,[机] 绝对重量,,,,,0,0,,,
absolute wrong,,,[法] 绝对过失,,,,,0,0,,,
absolute zero,,,绝对零度\n[化] 绝对零度,,,,,0,0,,,
absolute zero point,,,[计] 绝对零点,,,,,0,0,,,
absolute-value computer,,,[电] 绝对值电脑,,,,,0,0,,,
absolute-value device,,,[电] 绝对值装置,,,,,0,0,,,
absolutely,'æbsәlu:tli,r. completely and without qualification; used informally as intensifiers\nr. totally and definitely; without question,"adv. 完全地, 绝对地, 确确实实地",,4,1,cet4 toefl,1619,1149,,,
absolutely dull percussion resonance,,,"[医] 绝对茁叩响, 绝对浊音",,,,,0,0,,,
absolutely entiled,,,"[经] 绝对有权, 绝对有资格",,,,,0,0,,,
absolutely fatal wound,,,[法] 绝对致命,,,,,0,0,,,
absolutely normal number,,,[计] 绝对范数,,,,,0,0,,,
absolutely void,,,"[法] 根本无效, 绝对无效",,,,,0,0,,,
absoluteness,'æbsәlu:tnis,n. the quality of being absolute,"n. 绝对, 完全, 无限制",,,,,0,40782,,,
absolutes,ˈæbsəlju:ts,n. something that is conceived or that exists independently and not in relation to other things; something that does not depend on anything else and is beyond human control; something that is not relative,n. 绝对真理（指思想或原理）( absolute的复数形式 ),,,,,0,0,0:absolute/1:s,,
absolution,æbsә'lu:ʃәn,n. the condition of being formally forgiven by a priest in the sacrament of penance\nn. the act of absolving or remitting; formal redemption as pronounced by a priest in the sacrament of penance,"n. 免罪, 赦免, 免除\n[法] 免罚, 赦免, 免除",,,,,22429,23631,,,
absolutions,æbsə'luːʃ(ə)n,,n. 赦免；免罪,,,,,0,0,,,
absolutism,'æbsәlu:tizm,n. dominance through threat of punishment and violence\nn. the principle of complete and unrestricted power in government\nn. the doctrine of an absolute being,"n. 专制主义, 专制政体论, 绝对主义\n[法] 专制主义, 专制政治论, 绝对主义",,,,,24375,24365,s:absolutisms,,
absolutisms,,plural of absolutism\nn. dominance through threat of punishment and violence\nn. the principle of complete and unrestricted power in government\nn. the doctrine of an absolute being,"(absolutism 的复数) n. 专制主义, 专制政体论, 绝对主义\n[法] 专制主义, 专制政治论, 绝对主义",,,,,0,0,0:absolutism/1:s,,
absolutist,'æbsәlu:tist,n. one who advocates absolutism\na. pertaining to the principle of totalitarianism,"n. 专制主义者, 专制政体者, 绝对主义者",,,,,26578,21735,s:absolutists,,
absolutistic,",æbsəlju:'tistik",a. Pertaining to absolutism; absolutist.,a. absolutism的变形,,,,,0,0,,,
absolutists,,plural of absolutist\nn. one who advocates absolutism\na. pertaining to the principle of totalitarianism,"(absolutist 的复数) n. 专制主义者, 专制政体者, 绝对主义者",,,,,0,0,0:absolutist/1:s,,
absolutive,'æbsəlu:tɪv,,a. 自足的,,,,,0,0,,,
absolutization,,,n. 绝对化,,,,,0,0,,,
absolutize,'æbsәlu:taiz,,"v. 使...绝对化, 使...变成绝对的",,,,,0,0,3:absolutizes/d:absolutized,,
absolutized,,past participle of absolutize,"(absolutize 的过去分词) v.使...绝对化, 使...变成绝对的",,,,,0,0,0:absolutize/1:d,,
absolutizes,,-s form of absolutize,"(absolutize 的第三人称 -s形式) v.使...绝对化, 使...变成绝对的",,,,,0,0,0:absolutize/1:3,,
absolutizing,'æbsəl(j)uːtaɪz,,vt. 使……绝对化,,,,,0,0,,,
absolutory,æb'sɔljjtәri,a. Serving to absolve; absolving.,"a. 给予赦免的, 给予宽恕的",,,,,0,0,,,
absolvable,æb'zɔlvәbl,a. That may be absolved.,a. 可赦免的,,,,,0,0,,,
absolve,әb'zɒlv,v. let off the hook,"vt. 宣告...无罪, 赦免, 免除\n[经] 免偿(债务), 解除",,,,toefl gre,14557,17031,d:absolved/p:absolved/i:absolving/3:absolves,,
absolve sb from sth,,,免除某人…,,,,,0,0,,,
absolve sb.from an obligaton,,,[法] 免除某人的一项债务,,,,,0,0,,,
absolve sb.from sin,,,[法] 赦免某人的罪,,,,,0,0,,,
absolved,əb'zɒlv,imp. & p. p. of Absolve,vt. 免除；赦免；宣告…无罪,,,,,0,0,0:absolve/1:dp/p:absolved,,
absolvement,,,[网络] 免除,,,,,0,0,,,
absolvent,әb'zɒlvәnt,a. Absolving.\nn. An absolver.,a. 赦免的\n[法] 赦免者,,,,,0,0,,,
absolver,,n someone who grants absolution,"[法] 免罪, 赦免",,,,,0,0,,,
absolves,əbˈzɔlvz,v grant remission of a sin to\nv let off the hook,"v. 宣告…无罪, 赦免…的罪行, 宽恕…的罪行( absolve的第三人称单数 ); 不受责难, 免除责任 [义务] ,开脱（罪责）",,,,,0,0,0:absolve/1:3,,
absolving,əb'zɒlv,p. pr. & vb. n. of Absolve,vt. 免除；赦免；宣告…无罪,,,,,0,0,0:absolve/1:i,,
absolvitor,,,"[法] 赦免, 释放",,,,,0,0,,,
absolvitory,,,[网络] 绝对,,,,,0,0,,,
absonant,'æbsәnәnt,a. Discordant; contrary; -- opposed to consonant.,"a. 不协调的, 不和谐的",,,,,0,0,,,
absorb,әb'sɒ:b,"v. become imbued\nv. take up mentally\nv. take up, as of debts or payments\nv. take in, also metaphorically","vt. 吸收, 使全神贯注, 同化, 买进, 理解, 承受, 忍受, 承担\n[医] 吸收",,2,1,gk cet4 cet6 ky toefl ielts gre,2879,3120,d:absorbed/p:absorbed/3:absorbs/i:absorbing,,
absorb foreign capital,,,[经] 吸收外资,,,,,0,0,,,
absorbability,әb.sɒ:bә'biliti,n. The state or quality of being absorbable.,"n. 可吸收性\n[机] 吸收本领, 被吸收性",,,,,0,0,,,
absorbable,әb'sɒ:bәbl,a. capable of being absorbed or taken in through the pores of a surface,"a. 可吸收的, 容易被吸收的\n[医] 可吸收的",,,,,0,37224,,,
absorbable cellulose,,,[医] 可吸收[性]纤维素,,,,,0,0,,,
absorbable dusting powder,,,[医] 吸收性扑粉,,,,,0,0,,,
absorbable fibre,,,[化] 可吸收纤维,,,,,0,0,,,
absorbable gauze,,,[医] 可吸收纱布,,,,,0,0,,,
absorbable gelatin film,,,[医] 吸水明胶片,,,,,0,0,,,
absorbable gelatin sponge,,,[医] 吸收性明胶海绵,,,,,0,0,,,
absorbable gelatine sponge,,,[化] 吸收性明胶海绵,,,,,0,0,,,
absorbable ligature,,,[医] 可吸收结扎线,,,,,0,0,,,
absorbable suture,,,[医] 吸收性缝线,,,,,0,0,,,
absorbance,әb'sɒ:bәns,n (physics) a measure of the extent to which a substance transmits light or other electromagnetic radiation,n. 吸光率\n[化] 吸光度; 吸收度,,,,,49706,44793,s:absorbances,,
absorbance index,,,[化] 吸收系数,,,,,0,0,,,
absorbance unit full scale,,,[化] 满刻度吸光度单位,,,,,0,0,,,
absorbances,,plural of absorbance\nn (physics) a measure of the extent to which a substance transmits light or other electromagnetic radiation,(absorbance 的复数) n. 吸光率\n[化] 吸光度; 吸收度,,,,,0,0,0:absorbance/1:s,,
absorbancy,,,"n. 吸收率, 吸光度\n[化] 吸收度; 吸光度",,,,,0,0,,,
absorbancy index,,,[化] 吸收系数; 吸光系数,,,,,0,0,,,
absorbant,әb'sɔ:bәnt,,a. 能吸收的\nn. 吸收剂,,,,,0,0,,,
absorbar,,,[机] 吸收器,,,,,0,0,,,
absorbate,әb'sɔ:beit,n a material that has been or is capable of being absorbed,n. 被吸收的物质,,,,,0,0,,,
absorbed,әb'sɒ:bd,s. retained without reflection,"a. 全神贯注的, 一心一意的\n[机] 被吸收的",,,,,19461,20864,0:absorb/1:dp/d:absorbed/p:absorbed,,
absorbed burden,,,[经] 已分配的费用,,,,,0,0,,,
absorbed cost,,,"[经] 已分配(吸收)的成本, 已承担的成本",,,,,0,0,,,
absorbed declination,,,"[经] 已分配吸收的跌价, 已承担的跌价",,,,,0,0,,,
absorbed dose,,,[化] 吸收剂量\n[医] 吸收量,,,,,0,0,,,
absorbed energy,,,[机] 吸收器,,,,,0,0,,,
absorbed expenses,,,[经] 已分配的费用,,,,,0,0,,,
absorbed layer,,,[电] 被吸收层,,,,,0,0,,,
absorbed manufacturing,,,[经] 已分配制造费用,,,,,0,0,,,
absorbedly,әb'sɒ:bidli,adv. In a manner as if wholly engrossed or engaged.,"adv. 入神地, 全神贯注地, 专心一意地",,,,,0,0,,,
absorbefacient,әb.sɒ:bә'feiʃәnt,s. inducing or promoting absorption,a. 吸收性的\nn. 吸收剂,,,,,0,0,,,
absorben,,,吸收抗原,,,,,0,0,,,
absorbency,әb'sɒ:bәnsi,n. the property of being absorbent,"n. 吸收性, 吸光度\n[计] 吸墨性",,,,,38761,43014,,,
absorbency index,,,[机] 吸光系数,,,,,0,0,,,
absorbent,әb'sɒ:bәnt,a. having power or capacity or tendency to absorb or soak up something (liquids or energy etc.),a. 能吸收的\nn. 吸收剂,,,,,23584,25825,s:absorbents,,
absorbent bed,,,[化] 吸收层,,,,,0,0,,,
absorbent cotton,,,"[化] 脱脂棉; 药棉\n[医] 脱脂棉, 吸水棉",,,,,0,0,,,
absorbent crgan,,,[医] 吸收器(牙),,,,,0,0,,,
absorbent excipient,,,[医] 吸收性赋形剂,,,,,0,0,,,
absorbent filter,,,[机] 吸收性滤器,,,,,0,0,,,
absorbent filtering medium,,,[机] 吸收过滤介质,,,,,0,0,,,
absorbent gauze,,,"[化] 绷带纱布; 药用纱布\n[医] 脱脂纱布, 吸水纱布",,,,,0,0,,,
absorbent gland,,,[医] 淋巴结,,,,,0,0,,,
absorbent material,,, 吸收剂,,,,,0,0,,,
absorbent oil,,,[机] 吸收油,,,,,0,0,,,
absorbent paper,,,[化] 吸水纸,,,,,0,0,,,
absorbent power,,,[化] 吸收本领,,,,,0,0,,,
absorbent solution,,,[机] 吸收剂溶液,,,,,0,0,,,
absorbent system,,,"[医] 淋巴系统, 吸收系统",,,,,0,0,,,
absorbent test,,,[医] 吸收试验(鉴别细菌),,,,,0,0,,,
absorbent vessels,,,[医] 淋巴管,,,,,0,0,,,
absorbent wool,,,[医] 吸水棉,,,,,0,0,,,
absorbent-type filter,,,[机] 吸收剂型滤器,,,,,0,0,,,
absorbentia,әb'sɔ:bәntiә,,[拉]吸收剂,,,,,0,0,,,
absorbents,,plural of absorbent\na. having power or capacity or tendency to absorb or soak up something (liquids or energy etc.),(absorbent 的复数) a. 能吸收的\nn. 吸收剂,,,,,0,0,0:absorbent/1:s,,
absorber,әb'sɔ:bә,n. (physics) material in a nuclear reactor that absorbs radiation,n. 吸收器\n[化] 吸收剂; 消振器; 缓冲器; 吸收器; 吸收体,,,,,33422,20508,s:absorbers,,
absorber cooler,,,[化] 吸收塔冷却器,,,,,0,0,,,
absorber keying,,,[电] 吸收发报法,,,,,0,0,,,
absorber oil,,,[化] 洗油,,,,,0,0,,,
absorber valve,,,[电] 吸收管,,,,,0,0,,,
absorber washer,,,[化] 吸收洗涤器,,,,,0,0,,,
absorbers,,n. (physics) material in a nuclear reactor that absorbs radiation,[化工][电子] 吸收器\n[建] 减振器\n（核反应堆中吸收中子的）吸收料（absorber的复数）,,,,,0,0,0:absorber/1:s,,
absorbility,,,[化] 吸收能力; 吸收率,,,,,0,0,,,
absorbing,әb'sɒ:biŋ,s. capable of arousing and holding the attention,"a. 吸引人的, 非常有趣的\n[机] 吸收的",,1,,toefl,14174,17537,0:absorb/1:i/i:absorbing,,
absorbing apparatus,,,[机] 吸收仪器,,,,,0,0,,,
absorbing boundary equation,,,"[计] 吸收性, 边界方程",,,,,0,0,,,
absorbing centres,,,[化] 色心; 色中心,,,,,0,0,,,
absorbing circuit,,,[电] 吸收电路,,,,,0,0,,,
absorbing coil,,,[机] 吸收线圈,,,,,0,0,,,
absorbing column,,,[机] 吸收柱,,,,,0,0,,,
absorbing duct,,,[机] 吸收管,,,,,0,0,,,
absorbing joint,,,[化] 减震缝; 减震接缝,,,,,0,0,,,
absorbing material,,,[电] 吸收材料,,,,,0,0,,,
absorbing medium,,,[化] 吸收介质,,,,,0,0,,,
absorbing power,,,[化] 吸收本领,,,,,0,0,,,
absorbing rod,,,[电] 吸收杆,,,,,0,0,,,
absorbing surface,,,[机] 吸收面,,,,,0,0,,,
absorbing tower,,,[化] 吸收塔,,,,,0,0,,,
absorbing wedge,,,[电] 吸收劈,,,,,0,0,,,
absorbing well,,,[机] 吸入水井,,,,,0,0,,,
absorbingly,,,adv. 引人入胜地,,,,,0,0,,,
absorbite,,,活性炭,,,,,0,0,,,
absorbs,əbˈsɔ:bz,"v become imbued\nv take up mentally\nv take up, as of debts or payments\nv take in, also metaphorically\nv cause to become one with\nv suck or take up or in\nv devote (oneself) fully to\nv assimilate or take in\nv consume all of one's attention or time",v. 吸收（液体、气体等）( absorb的第三人称单数 ); 支付; 吞并; 理解,,,,,0,0,0:absorb/1:3,,
absorpt,,a. Absorbed.,a. 被…吸收的,,,,,0,0,,,
absorptance,әb'sɒ:ptәns,n a measure of the rate of decrease in the intensity of electromagnetic radiation (as light) as it passes through a given substance; the fraction of incident radiant energy absorbed per unit mass or thickness of an absorber,n. 吸收比\n[化] 吸收比,,,,,0,0,,,
absorptiometer,"әb,sɔ:pʃi'ɔmitә",,"n. 吸收计, 吸收测定器, 溶气汁, 调稠器",,,,,0,0,,,
absorptiometric analysis,,,[化] 吸光分析,,,,,0,0,,,
absorptiometry,"әb,sɔ:pʃi'ɔmitri",,"吸光测定法, 吸收测量学",,,,,0,0,,,
absorption,әb'sɒ:pʃәn,n. (chemistry) a process in which one substance permeates another; a fluid permeates or is dissolved by a liquid or solid\nn. (physics) the process in which incident radiated energy is retained without reflection or transmission on passing through a medium,"n. 吸收, 专心, 全神贯注\n[化] 吸收; 吸收作用",,,,cet6 toefl,5819,8596,s:absorptions,,
absorption account,,,"[经] 附属帐, 归纳帐户",,,,,0,0,,,
absorption apparatus,,,[化] 吸收装置\n[医] 吸收器,,,,,0,0,,,
absorption atelectasis,,,[医] 吸收性[肺]膨胀不全,,,,,0,0,,,
absorption band,,,[化] 吸收谱带,,,,,0,0,,,
absorption bands,,,"[医] 吸[收]光带, 吸收[光]谱带",,,,,0,0,,,
absorption bottle,,,[化] 吸收瓶,,,,,0,0,,,
absorption bulb,,,[化] 吸收球管,,,,,0,0,,,
absorption capacity,,,[化] 吸收本领,,,,,0,0,,,
absorption cell,,,"[化] 吸收池\n[医] 吸收匣, 吸收池",,,,,0,0,,,
absorption chamber,,,[机] 吸收室,,,,,0,0,,,
absorption circuit,,,[电] 吸收电路,,,,,0,0,,,
absorption coating,,,[化] 吸波涂层; 雷达吸波涂层; 微波吸收涂层,,,,,0,0,,,
absorption coefficient,,,"[化] 吸收系数; 吸光系数; 光谱吸光系数\n[医] 吸收系数, 本生氏吸收系数",,,,,0,0,,,
absorption coil,,,[化] 吸收盘管,,,,,0,0,,,
absorption color,,,[机] 吸收色,,,,,0,0,,,
absorption column,,,"[化] 吸收柱; 吸收塔\n[医] 吸收柱, 吸收塔",,,,,0,0,,,
absorption compound,,,[机] 吸收化合物,,,,,0,0,,,
absorption control,,,[电] 吸收控制,,,,,0,0,,,
absorption cost,,,[经] 全部成本,,,,,0,0,,,
absorption costing,,,[经] 归纳(吸收)成本计算法,,,,,0,0,,,
absorption cross section,,,[化] 吸收截面,,,,,0,0,,,
absorption current,,,[电] 吸收电流,,,,,0,0,,,
absorption curve,,,[化] 吸收曲线,,,,,0,0,,,
absorption degree,,,[机] 吸收度,,,,,0,0,,,
absorption dielectrie,,,[电] 吸收介质,,,,,0,0,,,
absorption discontinuity,,,[电] 吸收间断,,,,,0,0,,,
absorption dynamometer,,,[电] 吸收测力计,,,,,0,0,,,
absorption edge,,,[医] 吸收限,,,,,0,0,,,
absorption enhancement effect,,,[化] 吸收增强效应,,,,,0,0,,,
absorption equilibrium,,,[机] 吸收平衡,,,,,0,0,,,
absorption equipment,,,[化] 吸收设备,,,,,0,0,,,
absorption exponent,,,[机] 吸收指数,,,,,0,0,,,
absorption factor,,,[化] 吸收率; 吸收因子,,,,,0,0,,,
absorption fading,,,[电] 吸收衰落,,,,,0,0,,,
absorption fever,,,[医] 吸收热,,,,,0,0,,,
absorption filter,,,[化] 吸收滤光片,,,,,0,0,,,
absorption flask,,,[机] 吸收烧瓶,,,,,0,0,,,
absorption flow detector,,,[化] 吸收式探伤器,,,,,0,0,,,
absorption fredquency meter,,,[电] 吸收频率计,,,,,0,0,,,
absorption frequency,,,[计] 吸收频率\n[化] 吸收频率,,,,,0,0,,,
absorption function,,,[机] 吸收函数,,,,,0,0,,,
absorption gasoline,,,[机] 吸收汽油,,,,,0,0,,,
absorption hygrometer,,,[机] 吸收式湿度计,,,,,0,0,,,
absorption in the matrix lattice,,,[电] 基本点阵吸收,,,,,0,0,,,
absorption index,,,[电] 吸收指数,,,,,0,0,,,
absorption indicator,,,[网络] 吸收指标；吸收指示剂,,,,,0,0,,,
absorption intensity,,,[化] 吸收强度,,,,,0,0,,,
absorption isobar,,,[机] 吸收等压线,,,,,0,0,,,
absorption isotherm,,,[化] 吸收等温线,,,,,0,0,,,
absorption jaundice,,,[医] 吸收性黄疸,,,,,0,0,,,
absorption lacuna,,,"[医] 吸收腔隙, 豪希普氏腔隙",,,,,0,0,,,
absorption law,,,[计] 吸收律,,,,,0,0,,,
absorption lens,,,[医] 吸收透镜,,,,,0,0,,,
absorption limit,,,[机] 吸收极限,,,,,0,0,,,
absorption line,,,[化] 吸收谱线,,,,,0,0,,,
absorption lines,,,[医] 吸收线,,,,,0,0,,,
absorption liquid,,,[机] 吸收液,,,,,0,0,,,
absorption loss,,,[电] 吸收损失,,,,,0,0,,,
absorption machine,,,[机] 吸收式冷冻机,,,,,0,0,,,
absorption marker,,,[电] 吸收信标器,,,,,0,0,,,
absorption method,,,[医] 凝集素吸收分离法,,,,,0,0,,,
absorption modulation,,,[电] 吸收调变,,,,,0,0,,,
absorption of alcohol,,,[法] 酒精吸收,,,,,0,0,,,
absorption of heat,,,[机] 热的吸收,,,,,0,0,,,
absorption of light,,,[机] 光吸收,,,,,0,0,,,
absorption of moisture,,,"[机] 吸湿, 吸潮",,,,,0,0,,,
absorption of radiw waves,,,[电] 无线电波的吸收,,,,,0,0,,,
absorption of sound,,,[电] 声的吸收,,,,,0,0,,,
absorption oil,,,[机] 吸收油,,,,,0,0,,,
absorption oil purification process,,,[机] 吸收油精制过程,,,,,0,0,,,
absorption paper,,,[医] 吸收纸(用于脂肪和树脂测定),,,,,0,0,,,
absorption pipette,,,[化] 吸收球管,,,,,0,0,,,
absorption plant,,,[化] 吸收装置,,,,,0,0,,,
absorption potential,,,[机] 吸收电位,,,,,0,0,,,
absorption power,,,[化] 吸收本领,,,,,0,0,,,
absorption process,,,[机] 吸收法,,,,,0,0,,,
absorption rate,,,[化] 吸收速率,,,,,0,0,,,
absorption ratio,,,[医] 吸收率,,,,,0,0,,,
absorption ray,,,[机] 吸收(射)线,,,,,0,0,,,
absorption refrigerating machine,,,[化] 吸收式冷冻机,,,,,0,0,,,
absorption refrigeration,,,[化] 吸收制冷,,,,,0,0,,,
absorption refrigerator,,,[化] 吸收式冷冻机,,,,,0,0,,,
absorption region,,,[计] 吸收区域,,,,,0,0,,,
absorption resonance,,,[电] 吸收共振,,,,,0,0,,,
absorption shock,,,[机] 减震法,,,,,0,0,,,
absorption silencer,,,[化] 吸收式消声器,,,,,0,0,,,
absorption spectroanalysis,,,[化] 吸收光谱分析,,,,,0,0,,,
absorption spectroelec-trochemistry,,,[化] 吸收光谱电化学,,,,,0,0,,,
absorption spectrometer,,,[化] 吸收分光计,,,,,0,0,,,
absorption spectrometry,,,[化] 吸收光谱测定; 吸收光谱测定法,,,,,0,0,,,
absorption spectrophotometry,,,[化] 吸收光谱测定法,,,,,0,0,,,
absorption spectroscopy,,,[化] 吸收光谱学,,,,,0,0,,,
absorption spectrum,,,[计] 吸收光谱\n[化] 吸收光谱,,,,,0,0,,,
absorption system,,,[机] 吸收式系统,,,,,0,0,,,
absorption system of refrigeration,,,[机] 冷冻吸收水性试验,,,,,0,0,,,
absorption test,,,[医] 吸收试验(鉴别细菌),,,,,0,0,,,
absorption test of greases,,,[机] 润滑脂吸水性试验,,,,,0,0,,,
absorption tower,,,[化] 吸收塔,,,,,0,0,,,
absorption train,,,[机] 吸收装置,,,,,0,0,,,
absorption trap,,,[电] 吸收陷阱,,,,,0,0,,,
absorption tray,,,[化] 吸收盘; 吸收塔盘,,,,,0,0,,,
absorption tube,,,[化] 吸收管\n[医] 吸收管,,,,,0,0,,,
absorption unit,əbˈsɔ:pʃən ˈju:nit,, 赛宾,,,,,0,0,,,
absorption value,,,[化] 吸收值\n[医] 吸收值,,,,,0,0,,,
absorption velocity,,,[机] 吸收速度,,,,,0,0,,,
absorption vessel,,,[化] 吸收皿,,,,,0,0,,,
absorption vost basis,,,[经] 全部成本计算基础,,,,,0,0,,,
absorption wavementer,,,[电] 吸收式量波器,,,,,0,0,,,
absorption wavemeter,,,[电] 吸收式波长计,,,,,0,0,,,
absorptions,,plural of absorption\nn. (chemistry) a process in which one substance permeates another; a fluid permeates or is dissolved by a liquid or solid\nn. (physics) the process in which incident radiated energy is retained without reflection or transmission on passing through a medium,"(absorption 的复数) n. 吸收, 专心, 全神贯注\n[化] 吸收; 吸收作用",,,,,0,0,0:absorption/1:s,,
absorptive,әb'sɒ:ptiv,a having power or capacity or tendency to absorb or soak up something (liquids or energy etc.),"a. 吸收性的, 有吸收力的\n[医] 吸收的",,,,,46069,34749,,,
absorptive capacity,,,[化] 吸收容量,,,,,0,0,,,
absorptive consolidation,,,[法] 吸收合并,,,,,0,0,,,
absorptive extraction,,,[化] 吸收抽提,,,,,0,0,,,
absorptive power,,,[机] 吸收能力,,,,,0,0,,,
absorptive transition,,,[电] 吸收过渡,,,,,0,0,,,
absorptive-type filter,,,[机] 吸收型滤器,,,,,0,0,,,
absorptiveness,,n. The quality of being absorptive; absorptive power.,n. absorptive的变形,,,,,0,0,,,
absorptivity,әbsɔ:p'tiviti,n. (physics) the property of a body that determines the fraction of the incident radiation or sound flux absorbed or absorbable by the body,"n. 吸收性, 吸收率\n[计] 吸收性, 吸收率",,,,,0,0,,,
absosbentia,,,[医] 吸收剂,,,,,0,0,,,
absotively,,absolutely positively\n> I was absotively convinced that he was a moron!\n,,,,,,0,0,,,
absoulute majority,,,[法] 绝对多数,,,,,0,0,,,
absoute plea,,,[法] 绝对抗辩,,,,,0,0,,,
absp,,, [医][=auditory brain stem potential]听性脑干电位,,,,,0,0,,,
absquatulate,æb'skwɒtjuleit,v run away; usually includes taking something or somebody along,"vi. 逃走, 溜脱\n[法] 逃脱, 逃走, 拐逃",,,,,0,0,i:absquatulating/p:absquatulated/3:absquatulates/d:absquatulated,,
absquatulated,,v run away; usually includes taking something or somebody along,"v. 逃走, 溜脱, 开小差( absquatulate的过去式和过去分词 )",,,,,0,0,1:pd/0:absquatulate,,
absquatulated with funds,,,[法] 拐款潜逃,,,,,0,0,,,
absquatulates,,v run away; usually includes taking something or somebody along,"v. 逃走, 溜脱, 开小差( absquatulate的第三人称单数 )",,,,,0,0,1:3/0:absquatulate,,
absquatulating,,v run away; usually includes taking something or somebody along,"v. 逃走, 溜脱, 开小差( absquatulate的现在分词 )",,,,,0,0,1:i/0:absquatulate,,
absquatulation,"æb,skwɔtjj'leiʃәn",,n. 开小差,,,,,0,0,,,
absquatulize,,,[网络] 绝食,,,,,0,0,,,
abst.,,,"[医] 强散剂; 摘要, 提要",,,,,0,0,,,
abstain,әb'stein,v. refrain from voting\nv. choose not to consume,"vi. 自制, 戒绝, 弃权, 回避",,1,,toefl gre,11773,13833,p:abstained/i:abstaining/d:abstained/3:abstains,,
abstain from,,,"戒除,避开,对…弃权",,,,,0,0,,,
abstain from an act,,,[法] 不作为,,,,,0,0,,,
abstain from pleading,,,[法] 放弃申辩权,,,,,0,0,,,
abstained,əb'steɪn,imp. & p. p. of Abstain,vi. 自制；放弃；避免,,,,,0,0,0:abstain/1:pd,,
abstainer,әb'steinә,n. someone who practices self denial as a spiritual discipline\nn. a person who refrains from drinking intoxicating beverages,"n. 节制者, 弃权者",,,,,40449,34821,s:abstainers,,
abstainers,,plural of abstainer\nn. someone who practices self denial as a spiritual discipline\nn. a person who refrains from drinking intoxicating beverages,"(abstainer 的复数) n. 节制者, 弃权者",,,,,0,0,0:abstainer/1:s,,
abstaining,,p. pr. & vb. n. of Abstain,n. 弃权\nv. 自制；戒绝（abstain的ing形式）,,,,,0,0,0:abstain/1:i,,
abstains,əbˈsteinz,v refrain from voting\nv choose not to consume,"v. 戒（尤指酒）, 戒除( abstain的第三人称单数 ); 弃权（不投票）",,,,,0,0,0:abstain/1:3,,
abstatampere,,,绝静安培; 绝静安培,,,,,0,0,,,
abstatvolt,,,绝静伏特; 绝静伏特,,,,,0,0,,,
abstemious,æb'sti:mjәs,a. sparing in consumption of especially food and drink\ns. marked by temperance in indulgence,"a. 有节制的, 节约的",,,,gre,37943,41055,,,
abstemiously,'əbsti:mɪəslɪ,r in a sparing manner; without overindulgence,adv. 适中地; 有节制地; 适度地,,,,,0,0,,,
abstemiousness,,"n. The quality of being abstemious, temperate, or\n   sparing in the use of food and strong drinks. It expresses a greater\n   degree of abstinence than temperance.",节制,,,,,0,0,,,
abstention,әb'stenʃәn,n the trait of abstaining (especially from alcohol),"n. 戒绝, 回避, 弃权",,,,gre,13117,24775,s:abstentions,,
abstention from voting,,,[法] 投票时弃权,,,,,0,0,,,
abstentionism,əb'stenʃənizəm,,n. 回避政策；不干涉主义,,,,,0,0,,,
abstentionist,,,"n. , adj. abstentionism的变形",,,,,0,0,s:abstentionists,,
abstentionists,,plural of abstentionist,"(abstentionist 的复数) n., adj. abstentionism的变形",,,,,0,0,0:abstentionist/1:s,,
abstentions,æbˈstenʃənz,n. the trait of abstaining (especially from alcohol),n. 戒除( abstention的复数形式 ); 避免; 弃权; 戒绝者,,,,,0,0,0:abstention/1:s,,
abstentious,æb'stenʃəs,a. Characterized by abstinence; self-restraining.,a. 有节制的,,,,gre,0,0,,,
absterge,әb'stә:dʒ,"v. t. To make clean by wiping; to wipe away; to cleanse;\n   hence, to purge.","vt. 洗净, 擦去",,,,,0,0,,,
abstergent,әb'stә:dʒәnt,"a. Serving to cleanse, detergent.\nn. A substance used in cleansing; a detergent; as, soap is\n   an abstergent.",a. 去垢的\nn. 洗洁剂,,,,,0,0,,,
abstersion,әb'stә:ʃәn,n. Act of wiping clean; a cleansing; a purging.,n. 洗涤,,,,,0,0,,,
abstersive,әb'stә:siv,a. Cleansing; purging.\nn. Something cleansing.,"a. 使洁净的, 去垢的",,,,,0,0,,,
abstersiveness,,n. The quality of being abstersive.,n. abstersive的变形,,,,,0,0,,,
abstinence,'æbstinәns,n. the trait of abstaining (especially from alcohol)\nn. act or practice of refraining from indulging an appetite,"n. 节制, 禁欲, 戒酒\n[医] 节制, 禁戒(如禁酒,节欲)",,1,,toefl,16463,10794,s:abstinences,,
abstinence of drug,,,[法] 戒除毒瘾,,,,,0,0,,,
abstinence symptoms,,,"[医] 脱瘾症状, 断除症状",,,,,0,0,,,
abstinence syndrome,,,[医] 脱瘾综合征,,,,,0,0,,,
abstinence theory,,,[经] 节制理论,,,,,0,0,,,
abstinences,,plural of abstinence\nn. the trait of abstaining (especially from alcohol)\nn. act or practice of refraining from indulging an appetite,"(abstinence 的复数) n. 节制, 禁欲, 戒酒\n[医] 节制, 禁戒(如禁酒,节欲)",,,,,0,0,0:abstinence/1:s,,
abstinency,'æbstinәnsi,n. Abstinence.,"n. 禁欲, 节制",,,,,0,0,,,
abstinent,'æbstinәnt,s. self-restraining; not indulging an appetite especially for food or drink,"a. 有节制的, 禁欲的\nn. 禁欲者",,,,gre,0,32241,,,
abstinently,,adv. With abstinence.,adv. abstinent的变形,,,,,0,0,,,
abstinyl,'æbstinil,,"二硫化四乙秋兰姆, 戒酒硫, 双硫醒",,,,,0,0,,,
abston,,, [人名] 阿布斯顿,,,,,0,0,,,
abstr,,,abbr. 摘要（abstract）,,,,,0,0,,,
abstract,'æbstrækt,v. consider a concept without thinking of a specific example; consider abstractly or theoretically\nv. consider apart from a particular case or instance\nv. give an abstract (of)\na. existing only in the mind; separated from embodiment,"a. 抽象的, 深奥的\nn. 摘要, 抽象概念\nvt. 摘要, 提炼, 使抽象化\n[计] 摘录; 摘要; 抽象",,2,,gk cet4 cet6 ky toefl ielts gre,3729,4007,s:abstracts/d:abstracted/i:abstracting/3:abstracts/p:abstracted,,
abstract account,,,[经] 月结帐户,,,,,0,0,,,
abstract action,,,[法] 无因行为,,,,,0,0,,,
abstract algebra,,,[计] 抽象代数,,,,,0,0,,,
abstract algorithm,,,[计] 抽象算法,,,,,0,0,,,
abstract and epitome of title,,,[法] 产权书说明摘要,,,,,0,0,,,
abstract art,ˈæbstrækt ɑ:t,,n. 抽象派，抽象主义,,,,,0,0,,,
abstract artist,,,[网络] 抽象派的画家,,,,,0,0,,,
abstract automata theory,,,[电] 抽象自动机理论,,,,,0,0,,,
abstract book,,,[经] 汇总收支摘要簿,,,,,0,0,,,
abstract contract,,,[法] 无因契约,,,,,0,0,,,
abstract data type,,,[计] 抽象数据类型,,,,,0,0,,,
abstract entity,ˈæbstrækt ˈentiti,, 抽象实体,,,,,0,0,,,
abstract expressionism,ˈæbstrækt kˈspreʃəniz(ə)m,,n. 抽象表现主义,,,,,0,0,,,
abstract expressionist,,,a. 抽象表现主义的,,,,,0,0,,,
abstract family of language,,,[计] 抽象语言族,,,,,0,0,,,
abstract formal model,,,[计] 抽象形式模型,,,,,0,0,,,
abstract grammar,,,[计] 抽象语法,,,,,0,0,,,
abstract individual,,,[计] 抽象单体,,,,,0,0,,,
abstract invoice,,,"[经] 简式发票, 摘要货单",,,,,0,0,,,
abstract jurisprudence,,,[法] 纯粹法理学,,,,,0,0,,,
abstract juristic act,,,[法] 无因法律行为,,,,,0,0,,,
abstract labor,,,[经] 抽象劳动,,,,,0,0,,,
abstract ledger,,,"[经] 作业费用总帐, 工厂的制造费用总帐",,,,,0,0,,,
abstract machine,,,[计] 抽象机,,,,,0,0,,,
abstract mathematical machine,,,[计] 抽象数学机,,,,,0,0,,,
abstract mechanism,,,"[计] 抽象机构, 抽象机制, 抽象结构",,,,,0,0,,,
abstract method,,,[经] 抽象法,,,,,0,0,,,
abstract model,,,[计] 抽象模型,,,,,0,0,,,
abstract norm,,,[计] 抽象范数,,,,,0,0,,,
abstract noun,,,[计] 抽象名词,,,,,0,0,,,
abstract object,,,"[计] 抽象对象, 抽象目标",,,,,0,0,,,
abstract of account sales,,,[经] 销售帐户摘要,,,,,0,0,,,
abstract of account wages,,,[经] 工资帐户摘要,,,,,0,0,,,
abstract of financial statements,,,[经] 财务报表摘要,,,,,0,0,,,
abstract of posting,,,[经] 过账分录表,,,,,0,0,,,
abstract of record,,,"[法] 记录提要, 案卷摘录",,,,,0,0,,,
abstract of title,,,产权简史\n[经] 产权状况节略,,,,,0,0,,,
abstract operator,,,"[计] 抽象算符, 抽象算子",,,,,0,0,,,
abstract program,,,[计] 抽象程序,,,,,0,0,,,
abstract programming,,,[计] 抽象程序设计,,,,,0,0,,,
abstract received and forwarded,,,[经] 发出和到达货物摘要,,,,,0,0,,,
abstract space,,,[计] 抽象空间,,,,,0,0,,,
abstract statement,,,[经] 摘要说明表,,,,,0,0,,,
abstract storage structure,,,[计] 抽象存储结构,,,,,0,0,,,
abstract symbol,,,[计] 抽象符号,,,,,0,0,,,
abstract syntactics,,,[计] 抽象语法,,,,,0,0,,,
abstract syntax,,,[计] 抽象语法,,,,,0,0,,,
Abstract Syntax Notation One,,,[计] 抽象语法表示法/1,,,,,0,0,,,
abstract system,,,[化] 抽象系统,,,,,0,0,,,
abstract table,,,[计] 抽象表,,,,,0,0,,,
abstract thought,ˈæbstrækt θɔ:t,, 抽象思考,,,,,0,0,,,
abstract verb,,,[计] 抽象动词,,,,,0,0,,,
abstract-expressionist,,,抽象表现主义,,,,,0,0,,,
abstractable,æb'stræktəbl,,a. abstract的变形,,,,,0,0,,,
AbstractArray,,,抽象数组,,,,,0,0,,,
abstracted,æb'stræktid,v consider a concept without thinking of a specific example; consider abstractly or theoretically\nv make off with belongings of others\nv consider apart from a particular case or instance\nv give an abstract (of)\ns lost in thought; showing preoccupation,"a. 心不在焉的, 出神的, 分离出的",,,,,23427,26242,1:dp/0:abstract/d:abstracted,,
abstractedly,,r in an absentminded or preoccupied manner,"adv. 心不在焉, 抽出了, 分心, 出神",,,,,37224,41345,,,
abstractedness,",æb'stræktidnis",n. The state of being abstracted; abstract character.,出神；发呆,,,,,0,0,,,
abstracter,,"n. One who abstracts, or makes an abstract.",n. 摘要；抽象；抽象的概念 (abstract的变形),,,,,0,0,,,
abstractg of title,,,"[法] 产权说明, 所有权证书摘要",,,,,0,0,,,
abstracting,,v consider a concept without thinking of a specific example; consider abstractly or theoretically\nv make off with belongings of others\nv consider apart from a particular case or instance\nv give an abstract (of),[计] 文摘,,,,,0,0,0:abstract/1:i/i:abstracting,,
abstracting service,,,[计] 文摘服务处; 文摘服务,,,,,0,0,,,
abstracting symbol,,,[计] 抽象符号,,,,,0,0,,,
abstraction,æb'strækʃәn,n. a concept or idea not associated with any specific instance\nn. the act of withdrawing or removing something\nn. the process of formulating general concepts by abstracting common properties of instances\nn. an abstract painting,"n. 抽象化, 心不在焉, 空想, 提炼, 抽象派作品\n[化] 提取; 抽取; 夺取; 夺取反应; 除去",,1,,toefl,7880,8413,s:abstractions,,
abstraction of heat,,,[化] 减热,,,,,0,0,,,
abstraction programming,,,[计] 抽象程序设计,,,,,0,0,,,
abstraction reaction,,,[化] 夺取反应; 提取反应; 抽取反应(如H-abstraction reaction夺氢反应),,,,,0,0,,,
abstraction space,,,[计] 抽象空间,,,,,0,0,,,
abstraction-coupling polymerization,,,[化] 夺取-偶合聚合,,,,,0,0,,,
abstractional,,a. Pertaining to abstraction.,a. abstraction的变形,,,,,0,0,,,
abstractionism,æb'strækʃәnizm,n. an abstract genre of art; artistic content depends on internal form rather than pictorial representation\nn. a representation having no reference to concrete objects or specific examples,"n. 抽象派, 抽象派艺术",,,,,0,0,,,
abstractionist,æb'strækʃәnist,n. a painter of abstract pictures,n. 抽象派艺术家,,,,,0,37590,s:abstractionists,,
abstractionists,,plural of abstractionist\nn. a painter of abstract pictures,(abstractionist 的复数) n. 抽象派艺术家,,,,,0,0,0:abstractionist/1:s,,
abstractions,æbˈstrækʃənz,n. a concept or idea not associated with any specific instance\nn. the act of withdrawing or removing something\nn. the process of formulating general concepts by abstracting common properties of instances,n. 抽象( abstraction的复数形式 ); <逻>抽象; 抽象概念; 抽象化,,,,,0,0,0:abstraction/1:s,,
abstractive,æb'strækәtiv,s. of an abstracting nature or having the power of abstracting,"a. 具有抽象能力的, 摘要式的",,,,,0,0,,,
abstractively,,adv. In a abstract manner; separately; in or by itself.,adv. 抽象地；抽象性地,,,,,0,0,,,
abstractiveness,,n. The quality of being abstractive; abstractive\n   property.,n. abstractive的变形,,,,,0,0,,,
abstractly,æb'stræktli,r. in abstract terms,adv. 抽象地；理论上地,,,,,44485,25070,,,
abstractness,,n. the quality of being considered apart from a specific instance or object,n. 抽象性,,,,,0,42951,,,
abstractor,,n. one who makes abstracts or summarizes information,n. 萃取器；摘录者,,,,,0,0,s:abstractors,,
abstractors,,plural of abstractor\nn. one who makes abstracts or summarizes information,(abstractor 的复数) n. 萃取器；摘录者,,,,,0,0,0:abstractor/1:s,,
abstracts,ˈæbstrækts,n a concept or idea not associated with any specific instance\nn a sketchy summary of the main points of an argument or theory\nv consider a concept without thinking of a specific example; consider abstractly or theoretically\nv make off with belongings of others\nv consider apart from a particular case or instance\nv give an abstract (of),n. 抽象概念( abstract的名词复数 ); 抽象派艺术作品; 摘要,,,,,0,0,0:abstract/1:s3,,
abstractum,æb'stræktәm,,[拉]强散剂,,,,,0,0,,,
abstrict,æb'strikt,,v. [植](使)缢离,,,,,0,0,,,
abstriction,æb'strikʃәn,,n. [植]缢离作用,,,,,0,0,,,
abstruct,,,[计] 简介,,,,,0,0,,,
abstruse,æb'stru:s,s. difficult to penetrate; incomprehensible to one of ordinary understanding or knowledge,"a. 难解的, 深奥的",,,,toefl gre,33040,29894,r:abstruser,,
abstrusely,,r. in a manner difficult to understand,"adv. 难懂, 深奥, 难解",,,,,0,0,,,
abstruseness,æb'stru:siti,n the quality of being unclear or abstruse and hard to understand\nn wisdom that is recondite and abstruse and profound,"n. 难解, 深奥",,,,,0,0,,,
abstruser,,comparative of abstruse\ns. difficult to penetrate; incomprehensible to one of ordinary understanding or knowledge,"(abstruse 的比较级) a. 难解的, 深奥的",,,,,0,0,0:abstruse/1:r,,
abstrusity,æb'stru:sәti,n wisdom that is recondite and abstruse and profound,"n. 难解, 深奥",,,,,0,0,,,
absulute nullity,,,[法] 绝对无效,,,,,0,0,,,
absurd,әb'sә:d,n. a situation in which life seems irrational and meaningless\ns. inconsistent with reason or logic or common sense\ns. incongruous; inviting ridicule,"a. 荒谬的, 不合理的, 可笑的\nn. 荒诞",,2,,gk cet6 ky toefl ielts gre,5676,5901,s:absurds,,
absurdism,әb'sә:dizәm,,n. 荒诞主义,,,,,0,0,,,
absurdist,әb'sә:dist,,n. 荒诞主义者,,,,,49230,0,s:absurdists,,
absurdistan,,, [电影]荒诞主义者,,,,,0,0,,,
absurdists,,plural of absurdist,(absurdist 的复数) n.荒诞主义者,,,,,0,0,0:absurdist/1:s,,
absurdities,əb'sɜːdɪtɪ,pl.  of Absurdity,n. 荒谬；谬论；荒谬的言行,,,,,0,0,0:absurdity/1:s,,
absurdity,әb'sә:diti,n. a message whose content is at variance with reason\nn. a ludicrous folly,"n. 荒谬, 悖理, 荒谬的言行",,,,,11686,12372,s:absurdities,,
absurdly,әb'sә:dli,r. in an absurd manner or to an absurd degree,"adv. 荒谬地, 荒唐地, 愚蠢地",,,,,14080,16888,,,
absurdness,әb'sә:dnis,n a message whose content is at variance with reason,"n. 荒谬, 愚蠢",,,,,0,0,,,
absurds,,plural of absurd\nn. a situation in which life seems irrational and meaningless\ns. inconsistent with reason or logic or common sense\ns. incongruous; inviting ridicule,"(absurd 的复数) a. 荒谬的, 不合理的, 可笑的\nn. 荒诞",,,,,0,0,0:absurd/1:s,,
absurdum,,,荒谬\n悖理,,,,,0,0,,,
abswrite,,,绝对写,,,,,0,0,,,
abt,,,abbr. 大约（about）,,,,,0,0,,,
Abt's method,,,[医] 阿布特氏法,,,,,0,0,,,
abt-system railway,,,[机] 齿轨铁路,,,,,0,0,,,
abt.,,,abbr. 部门（Abteilung）,,,,,0,0,,,
ABTA,,,abbr. 英国旅行社协会（Association of British Travel Agents）；澳大利亚-英国贸易协会（Australian British Trade Association）,,,,,38949,0,,,
abterminal,,,"[医] 离末端的, 从末端向中心的(电流)",,,,,0,0,,,
abtorsion,,,[医] 眼外转,,,,,0,0,,,
abts,,,abbr. 基础电信协议（Agreement on Basic Telecommunication Services）,,,,,0,0,,,
abu,,,abbr. 亚洲广播联盟（Asian Broadcast Union）,,,,,9321,0,,,
Abu Ali al-Husain ibn Abdallah ibn Sina,,,[网络] 阿布·阿里·胡赛恩·本·阿卜杜拉·伊本·新浪,,,,,0,0,,,
Abu Dhabi,'æbu: 'ðæbi:,,阿布扎比(阿拉伯联合酋长国之一),,,,,0,0,,,
Abu Hafs al-Masri Brigades,,,[网络] 马斯里旅,,,,,0,0,,,
Abu Nidal Organization,,,[网络] 三名来至尼达尔组织；艾布尼达尔组织,,,,,0,0,,,
Abu Sayyaf,,,[网络] 阿布沙耶夫；阿布萨耶夫；阿布沙伊夫,,,,,0,0,,,
Abu Simbel,,,阿布辛贝（埃及地名）；阿布辛拜勒,,,,,0,0,,,
abu-baker,,,n. (Abubaker)人名；(阿拉伯)阿布-贝克尔；(西)阿武瓦克,,,,,0,0,,,
abubakar,,,n. (Abubakar)人名；(尼日利、坦桑)阿布巴卡尔,,,,,0,0,,,
abubble,ə'bʌbl,,a. 形成气泡的;  冒出气泡的; 非常活跃的;  非常兴奋的,,,,,0,0,,,
abud,,,abbr. Abu dhabi <阿联酋>阿布扎比,,,,,0,0,,,
Abudefduf,,,[网络] 豆娘鱼属,,,,,0,0,,,
Abudefduf saxatilis,,,[网络] 岩豆娘鱼；五间,,,,,0,0,,,
abuela,,,[网络] 奶奶；阿布拉；外婆,,,,,0,0,,,
abuelita,,,[网络] 雅布莉塔,,,,,0,0,,,
abuelo,,,[网络] 外公；外祖父；姥爷,,,,,0,0,,,
ABUI,,,[计] 国际Banyan用户协会,,,,,0,0,,,
abuilding,ә'bju:diŋ,,a. 在建造中的,,,,,0,0,,,
Abuja,a:'bu:dʒa:,n. capital of Nigeria in the center of the country,n. 阿布贾（尼日利亚现在的首都）,,,,,0,0,,,
Abukir,",æbu:'kiə",,阿布吉尔湾(埃及北部海湾) [亦作 Aboukir],,,,,0,0,,,
Abukir Bay,,,[网络] 阿布基尔湾,,,,,0,0,,,
abukumalite,,,硅磷灰石,,,,,0,0,,,
abul,,,n. (Abul)人名；(阿拉伯)阿布,,,,,0,0,,,
Abul Kasim,"ə,bu:lkɑ:'sim",,"(拉丁名Albucasis) 阿布勒—卡西姆(约936～约1013, 出生于西班牙的阿拉伯外科医师、医学百科全书编纂者)",,,,,0,0,,,
Abul-Walid Mohammed ibn-Ahmad Ibn-Mohammed ibn-Roshd,,,[网络] Abul-Walid Muhammad ibn-Ahmad Ibn-Muhammad ibn-Rushd,,,,,0,0,,,
abulia,ә'bju:liә,n. a loss of will power,n. 意志缺失\n[医] 意志缺失,,,,,0,0,,,
abulic,,s suffering from abulia; showing abnormal inability to act or make decisions,[医] 意志缺失的,,,,,0,0,,,
Abulkasim,,,[医] 阿布耳卡辛(阿拉伯著名外科家、著作家),,,,,0,0,,,
Abulkasis,,,[医] 阿布耳卡辛,,,,,0,0,,,
abulomania,,,[医] 意志缺失狂,,,,,0,0,,,
abum fixing bath,,,[化] 坚膜定像浴,,,,,0,0,,,
Abumeron,"ə,bu:mə'rən",,阿布美隆(＝ Avenzoar),,,,,0,0,,,
abun,,,n. (Abun)人名；(日)蛙文(姓),,,,,0,0,,,
abuna,ɑ:'bunə,"n. The Patriarch, or head of the Abyssinian Church.",n. 阿布那,,,,,0,0,,,
abundance,ә'bʌndәns,n. the property of a more than adequate quantity or supply\nn. (physics) the ratio of the number of atoms of a specific isotope of an element to the total number of isotopes present\nn. (chemistry) the ratio of the total mass of an element in the earth's crust to the total mass of the earth's crust; expressed as a percentage or in parts per million,"n. 丰富, 充足, 大量\n[经] 丰富, 充裕",,1,,cet6 ky toefl ielts gre,7038,5425,s:abundances,,
abundance of element,,,[化] 元素丰度,,,,,0,0,,,
abundance ratio,,,[化] 丰度比,,,,,0,0,,,
abundances,,plural of abundance\nn. the property of a more than adequate quantity or supply\nn. (physics) the ratio of the number of atoms of a specific isotope of an element to the total number of isotopes present\nn. (chemistry) the ratio of the total mass of an element in the earth's crust to the total mass of the earth's crust; expressed as a percentage or in parts per million,"(abundance 的复数) n. 丰富, 充足, 大量\n[经] 丰富, 充裕",,,,,0,0,0:abundance/1:s,,
abundant,ә'bʌndәnt,a. present in great quantity,"a. 丰富的, 充分的, 大量的",,1,,gk cet4 ky toefl gre,7823,6223,,,
abundant lubrication,,,[机] 多油润滑,,,,,0,0,,,
abundant number,,,[计] 过剩数,,,,,0,0,,,
abundant proof,,,[经] 充分的证据,,,,,0,0,,,
abundante cautela,,,[网络] 丰富的cautela,,,,,0,0,,,
abundantly,ә'bʌndәntli,r. in an abundant manner,"adv. 大量地, 丰富地",,,,toefl,14238,16050,,,
abura,,,[建] 大叶帽柱木,,,,,0,0,,,
aburamycin,,,[化] 油霉素; 阿布拉霉素\n[医] 阿布拉霉素,,,,,0,0,,,
aburdene,,, [人名] 阿伯迪恩,,,,,0,0,,,
aburn,,,[网络] 烧伤；无业游民；焚烧,,,,,0,0,,,
abus,,,n. 总线；离合器,,,,,0,0,,,
abusable,,a. That may be abused.,a. abuse的变形,,,,,0,0,,,
abusage,ә'bju:sidʒ,n. Abuse.,n. 文字的滥用,,,,,0,0,,,
abuse,ә'bju:s.ә'bju:z,n. a rude expression intended to offend or hurt\nv. use foul or abusive language towards\nv. use wrongly or improperly or excessively,"n. 滥用, 虐待, 恶习, 辱骂\nvt. 滥用, 辱骂, 虐待",,4,1,gk cet4 cet6 ky toefl ielts gre,2352,1540,d:abused/s:abuses/i:abusing/3:abuses/p:abused,,
abuse a privilege,,,[法] 滥用特权,,,,,0,0,,,
abuse du droit,,,[法] 权利的滥用,,,,,0,0,,,
abuse of authority,,,[法] 滥用职权,,,,,0,0,,,
abuse of discretion,,,[法] 裁量权的滥用,,,,,0,0,,,
abuse of distress,,,[法] 滥用扣押物,,,,,0,0,,,
abuse of franchise,,,"[法] 滥用选举权, 滥用特许权",,,,,0,0,,,
abuse of judicial discretion,,,[法] 司法裁量权的滥用,,,,,0,0,,,
abuse of law,,,[法] 滥用法律,,,,,0,0,,,
abuse of police authorities,,,[法] 滥用警察权力,,,,,0,0,,,
abuse of power,,,[法] 滥用权力,,,,,0,0,,,
abuse of process,,,[法] 滥用诉讼程序,,,,,0,0,,,
abuse of rights,,,[经] 权利的滥用,,,,,0,0,,,
abuse of the age,,,时弊,,,,,0,0,,,
abuse of the machine,,,[化] 机器维护不良,,,,,0,0,,,
abuse of trust,,,[经] 不顾信用,,,,,0,0,,,
abuse one's offical powers,,,[法] 滥用职权,,,,,0,0,,,
abuse rights,,,滥用权力,,,,,0,0,,,
abused,,s. used improperly or excessively especially drugs\na. subjected to cruel treatment,"n. 受虐；滥用, 恶习",,,,,20939,13867,0:abuse/1:dp/d:abused/p:abused,,
abuser,,n. someone who abuses,n. 滥用者,,,,,19697,10324,s:abusers,,
abusers,,n. someone who abuses,n. abuser的名词复数形式,,,,,0,0,0:abuser/1:s,,
abuses,,n cruel or inhumane treatment\nn a rude expression intended to offend or hurt\nn improper or excessive use\nv treat badly\nv change the inherent purpose or function of something\nv use foul or abusive language towards\nv use wrongly or improperly or excessively,v. 滥用；虐待；辱骂（abuse的三单形式）,,,,,0,0,0:abuse/1:s3,,
abusing,,p. pr. & vb. n. of Abuse,虐待\n滥用\n侮辱\n辱骂,,,,,0,0,0:abuse/1:i/i:abusing,,
abusing children,,,[法] 虐待儿童,,,,,0,0,,,
abusive,ә'bju:siv,s. expressing offensive reproach\ns. characterized by physical or psychological maltreatment,"a. 恶言谩骂的, 被滥用的, 腐败的, 虐待的",,,,gre,11729,7131,,,
abusive statement,,,[法] 侮辱性陈述,,,,,0,0,,,
abusively,,r. in an abusive manner,"adv. 辱骂性, 陋习性, 被滥用, 滥用, 骂人",,,,,0,41858,,,
abusiveness,,"n. The quality of being abusive; rudeness of language, or\n   violence to the person.",n. 滥用；咒骂,,,,,0,45226,,,
abustle,ә'bʌsl,,"a. 忙碌的, 熙来攘往的",,,,,0,0,,,
abut,ә'bʌt,v lie adjacent to another or share a boundary,"v. 邻接, 毗邻",,,,toefl gre,20120,18235,i:abutting/3:abuts/p:abutted/d:abutted,,
abut against,,,"与…邻接,紧靠…,紧挨…",,,,,0,0,,,
abut on,,,"与…毗邻,紧靠…",,,,,0,0,,,
abut upon,,,"v. 邻接,紧靠",,,,,0,0,,,
abutilon,ә'bju:tilәn,n. herbs or shrubs or small trees: flowering maple; Indian mallow,n. 苘麻属植物,,,,,0,0,s:abutilons,,
Abutilon avicennae Gaertn.,,,[医] ò麻,,,,,0,0,,,
Abutilon Gaertn.,,,[医] ò麻属,,,,,0,0,,,
Abutilon indicum G.Don,,,[医] 磨盘草,,,,,0,0,,,
Abutilon theophrasti,,,[网络] 苘麻；莔麻；茼麻,,,,,0,0,,,
Abutilon theophrosti,,,[医] ò麻,,,,,0,0,,,
abutilons,,plural of abutilon\nn. herbs or shrubs or small trees: flowering maple; Indian mallow,(abutilon 的复数) n. 苘麻属植物,,,,,0,0,0:abutilon/1:s,,
abutment,ә'bʌtmәnt,n. point of contact between two objects or parts\nn. a masonry support that touches and directly receives thrust or pressure of an arch or bridge,"n. 邻接, 接界, 桥台\n[医] 桥基, 基牙",,,,,43995,31701,s:abutments,,
abutment arch,,,un. 支墩拱,,,,,0,0,,,
abutment crame,,,[机] 筑塔用起重机,,,,,0,0,,,
abutment of dam,,,[机] 坝的桥台,,,,,0,0,,,
abutment pier,,,[机] 台脚,,,,,0,0,,,
abutment tooth,,,[医] 桥基牙,,,,,0,0,,,
abutments,,plural of abutment\nn. point of contact between two objects or parts\nn. a masonry support that touches and directly receives thrust or pressure of an arch or bridge,"(abutment 的复数) n. 邻接, 接界, 桥台\n[医] 桥基, 基牙",,,,,0,0,0:abutment/1:s,,
abuts,əˈbʌts,v lie adjacent to another or share a boundary,v. （与…）邻接( abut的第三人称单数 ); （与…）毗连; 接触; 倚靠,,,,,0,0,0:abut/1:3,,
abutt,әˊbʌt,,v. 邻接;毗连;贴近;接触;紧靠,,,,,0,0,,,
abuttal,ә'bʌtl,"n. The butting or boundary of land, particularly at the end;\n   a headland.","n. 邻接, 毗连",,,,,0,0,,,
abuttals,ә'bʌtәls,,n. 地界\n[法] 地界,,,,,0,0,,,
abutted,ə'bʌt,imp. & p. p. of Abut,v. 邻接；毗邻；紧靠\nn. (Abut)人名；(英、土)阿布特,,,,,0,0,1:pd/0:abut,,
abutter,ә'bʌtә,n. the owner of contiguous property,"n. 毗邻业主\n[法] 邻近住户, 相邻业主",,,,,0,0,,,
abutting,ә'bʌtiŋ,v lie adjacent to another or share a boundary,a. 邻接的,,,,,0,0,0:abut/1:i,,
abutting owner,,,[法] 毗邻房地产所有者,,,,,0,0,,,
abuzz,ә'bʌz,s. noisy like the sound of a bee,"a. 嗡嗡的, 嘈杂的",,,,,0,0,,,
abv,,,abbr. 在上面（above）,,,,,0,0,,,
abversion,,,[医] 外转(眼球),,,,,0,0,,,
abvolt,æb'vәult,n a unit of potential equal to one-hundred-millionth of a volt,n. C.G.S(厘米一克一秒)制的电位差单位(等于1亿分之一伏特),,,,,0,0,,,
abwa,,,abbr. Air Base Wallerfield <美国>沃勒菲尔德空军基地（在特立尼达岛）; Associated Business Writers of America 美国商务作家联盟; Association of Accounting Bodies in West Africa 西非会计团体联合会,,,,,0,0,,,
abwatt,æb'wɔt,n a power unit equal to the power dissipated when 1 abampere flows across a potential difference of 1 abvolt (one ten-thousandth of a milliwatt),n. [电]电磁瓦(特),,,,,0,0,,,
abwc,,,abbr. automatic bandwidth control 自动带宽控制,,,,,0,0,,,
abweber,әb'webә(r),,n. [物]麦克斯韦(磁通量单位),,,,,0,0,,,
Abwehr,'ɑ:pveәr,,<德> n.(第二次世界大战期间纳粹德国的)反间谍机关,,,,,0,0,,,
abwehrfermente,,,[医] 防护[性]酶,,,,,0,0,,,
aby,ә'bai,v make amends for,vt. 偿；赎（罪）,,,,,0,0,s:abies/i:abying/p:abought/3:abies/d:abought,,
Aby Moritz Warburg,,,[网络] 史学家瓦布克,,,,,0,0,,,
Aby Warburg,,,[网络] 瓦尔堡；沃伯格；瓦堡,,,,,0,0,,,
Abydos,ə'baidɔs,n. an ancient Greek colony on the Asiatic side of the Dardanelles; scene of the legend of Hero and Leander,n. 阿拜多斯（小亚细亚古城）；阿比多斯（埃及古城）,,,,,0,0,,,
abye,ә'bai,v make amends for\nv make amends for,"v. 赎(罪), 偿",,,,,0,0,i:abying/p:abought/3:abys/d:abought,,
abyes,,,"赎（罪）, 偿（abye的第三人称单数形式）",,,,,0,0,,,
abying,əˈbaiŋ,v make amends for\nv make amends for,"v. 赎（罪）, 偿( aby的现在分词 ); 赎（罪）, 偿( abye的现在分词 )",,,,,0,0,1:i/0:abye,,
Abyla,'æbələ,n. a promontory in northern Morocco opposite the Rock of Gibraltar; one of the Pillars of Hercules,阿比拉(即今非洲西北部休达)(＝Jebel Musa),,,,,0,0,,,
abys,ə'bai,v. make amends for,"vt. [古语]使受到惩罚；使得到报应；赎(罪)；偿付, 赔；[废语]遭受, 忍受",,,,,0,0,1:3/0:abye,,
abysm,ә'bizm,n a bottomless gulf or pit; any unfathomable (or apparently unfathomable) cavity or chasm or void extending below (often used figuratively),"n. 深渊, 无底洞",,,,,0,0,,,
abysmal,ә'bizmәl,s. very great; limitless\ns. resembling an abyss in depth; so deep as to be unmeasurable,"a. 深不可测的, 无底的",,,,gre,19503,18494,,,
abysmally,ə'bɪzməlɪ,r in a terrible manner,adv. 极糟地; 可怕地; 完全地; 极端地,,,,,37069,31376,,,
abysmals,ə'bɪzm(ə)l,,adj. 深不可测的，无底的，(像)深渊的；无法衡量的；极度的,,,,,0,0,,,
abyss,ә'bis,n. a bottomless gulf or pit; any unfathomable (or apparently unfathomable) cavity or chasm or void extending below (often used figuratively),"n. 深渊, 深邃, 地狱",,1,,toefl,14950,11847,s:abysses,,
abyssal,ә'bisәl,a. relating to ocean depths from 2000 to 5000 meters,"a. 深不可测的, 深海的\n[法] 海底深处的, 深渊的",,,,,47874,0,,,
abyssal benthic zone,,,[法] 深渊地带,,,,,0,0,,,
abyssal floor,,,[经] 深海底,,,,,0,0,,,
abyssal plain,,,[经] 深海平原,,,,,0,0,,,
abyssal regiion,,,[法] 深海区,,,,,0,0,,,
abyssal sea,,,[经] 深海,,,,,0,0,,,
abyssal sediment,,,[经] 深海沉积物,,,,,0,0,,,
abyssal zone,əˈbisəl zəun,, 深海底带,,,,,0,0,,,
abysses,əˈbɪsiz,n. a bottomless gulf or pit; any unfathomable (or apparently unfathomable) cavity or chasm or void extending below (often used figuratively)\nv. make amends for,n. 深渊( abyss的复数形式 ); （智力等方面的）深邃; (the ～)地狱; 海洋深处,,,,,0,0,0:abyss/1:s,,
Abyssinia,.æbi'sinjә,n Ethiopia is a republic in northeastern Africa on the Red Sea; formerly called Abyssinia,n. 阿比西尼亚,,,,,27700,0,,,
Abyssinian,.æbi'sinjәn,n. a small slender short-haired breed of African origin having brownish fur with a reddish undercoat,"a. 阿比西尼亚的\nn. 阿比西尼亚人, 埃塞俄比亚人",,,,,41390,30784,s:abyssinians,,
Abyssinian banana,,,【植物】埃塞俄比亚香蕉(Ensete ventricosum),,,,,0,0,,,
Abyssinian cat,,,阿比西尼亚猫,,,,,0,0,,,
Abyssinians,,plural of Abyssinian\nn. a small slender short-haired breed of African origin having brownish fur with a reddish undercoat,"(Abyssinian 的复数) a. 阿比西尼亚的\nn. 阿比西尼亚人, 埃塞俄比亚人",,,,,0,0,0:abyssinian/1:s,,
abyssopelagic,"ә,bisәjpe'lædʒik",,a. [海洋]深渊的,,,,,0,0,,,
abz,,,abbr. 阿伯丁（城市机场代码）；英国动物学家协会（Association of British Zoologists）,,,,,0,0,,,
abzug,,,n. (Abzug)人名；(英)阿布朱格,,,,,0,0,,,
AC,,n a radioactive element of the actinide series; found in uranium ores\nn an electric current that reverses direction sinusoidally,"公元前\n[计] 存取周期, 累加器, 声耦合器, 交流, 应用控制, 自动检查, 自动计算机",,1,,,4250,0,s:acs,,
ac adjustable voltage speed control,,,[化] 调压转速控制,,,,,0,0,,,
ac arc welder,,,[机] 交流电弧焊接机,,,,,0,0,,,
ac arc welding,,,[机] 使用交流电弧焊接机之焊接,,,,,0,0,,,
ac circuit,,,[机] 交流回路,,,,,0,0,,,
ac commutator machine,,,"[机] AC整流机, 交流整流机",,,,,0,0,,,
ac commutator motor,,,"[机] AC整流式电动机, 交流整流式动机",,,,,0,0,,,
ac electromotive force,,,"[机] AC电动势, 交流电动势",,,,,0,0,,,
ac erasing,,,[计] 交流抹去; 交流清洗,,,,,0,0,,,
ac etiam,,,[法] 同样,,,,,0,0,,,
ac exciter,,,"[机] AC激磁机, 交流激磁机",,,,,0,0,,,
ac galvanometer,,,[机] AC电流器,,,,,0,0,,,
ac generator,,,"[机] 交流发电机, 交流机",,,,,0,0,,,
AC globulin,,,[医] AC球蛋白(加速凝血球蛋白),,,,,0,0,,,
AC impedence method,,,[化] 交流阻抗法,,,,,0,0,,,
ac motor,,,"[机] 交流电动机, 马达",,,,,0,0,,,
AC polarography,,,[化] 交流极谱法,,,,,0,0,,,
ac potentiometer,,,"[机] AC电位计, 交流电位计",,,,,0,0,,,
AC pulse polarography,,,[化] 交流脉冲极谱法,,,,,0,0,,,
ac series motor,,,"[机] AC串激电动机, 交流串激电动机",,,,,0,0,,,
ac shunt motor,,,"[机] AC分激电动机, 交流分泪电动机",,,,,0,0,,,
ac voltage,,,"[机] AC电压, 交流电压",,,,,0,0,,,
AC voltammetry,,,[化] 交流伏安法,,,,,0,0,,,
ac welder,,,"[机] AC熔接机, 交流熔接机",,,,,0,0,,,
ac-,'æk,," [医]脂环的, 脂族的",,,,,0,0,,,
ac-130s,,,【航空学】一种美国空军货运飞机,,,,,0,0,,,
ac-ac frequency converter,,,[化] 交-交变频器,,,,,0,0,,,
ac-bias recording,,,[计] 交流偏置记录,,,,,0,0,,,
ac-count,ə'kaʊnt,,n. 账户；解释；账目，账单；理由\nvi. 解释；导致；报账\nvt. 认为；把…视为,,,,,0,0,,,
ac-dc ringing,,,[计] 交直流电铃,,,,,0,0,,,
ac-dc-ac frequency converter,,,[化] 交-直-交变频器,,,,,0,0,,,
Ac-globulin,,,[医] 加速球蛋白,,,,,0,0,,,
Ac.,,,[医] 锕(89号元素),,,,,0,0,,,
ac/clic machine,,,[电] 非周期性机械,,,,,0,0,,,
ac/dc,'eisi:'di:si:,,[电] 交直流,,,,,0,0,,,
ac/dc receiver,,,[电] 交直流两用接收机,,,,,0,0,,,
ac/dc ringing,,,[计] 交/直流振铃,,,,,0,0,,,
ACA,,,"[计] 美国通信协会, 美国密码通信协会, 异步通信适配器",,,,,43753,0,,,
acacatechin,,,[医] 黑儿茶素,,,,,0,0,,,
acacctin,,,[机] 金合欢素,,,,,0,0,,,
acacetin,ә'keisәtin,,"金合欢素, 刺槐黄素",,,,,0,0,,,
acacia,ә'keiʃә,n. any of various spiny trees or shrubs of the genus Acacia,"n. 洋槐, 刺槐, 阿拉伯树胶\n[化] 阿拉伯胶; 金合欢胶",,,,,35465,23234,s:acacias,,
Acacia auriculiformis,,,[网络] 大叶相思；耳果相思；耳朵相思,,,,,0,0,,,
Acacia cambegei,,,[网络] 相思cambegei,,,,,0,0,,,
Acacia catechu,,,[化] 儿茶\n[医] 儿茶,,,,,0,0,,,
Acacia dealbata,,,银荆,,,,,0,0,,,
Acacia extract,,,[化] 黑荆树栲胶,,,,,0,0,,,
acacia farnesiana,,,[机] 金合欢,,,,,0,0,,,
Acacia farnesiana Willd.,,,[医] 金合欢,,,,,0,0,,,
acacia gum,,,[化] 阿拉伯树胶; 金合欢胶,,,,,0,0,,,
Acacia L.,,,"[医] 阿拉伯胶属, 金合欢属",,,,,0,0,,,
Acacia melanoxylon,,,[网络] 黑木相思；黒木相思；丝栲,,,,,0,0,,,
acacia oil,,,[化] 金合欢油,,,,,0,0,,,
Acacia pycnantha,,,[网络] 密花金合欢；金栲；密花相思,,,,,0,0,,,
Acacia senegal Willd.,,,[医] 阿拉伯胶树,,,,,0,0,,,
acacia syrup,,,[医] 阿拉伯胶糖浆,,,,,0,0,,,
acacia tree,əˈkeiʃə tri:,,n. 金合欢树[有些树的树汁用于制作黏胶],,,,,0,0,,,
Acacia xanthophloea,,,[网络] 金合欢黄单胞菌,,,,,0,0,,,
Acacian,ə'keiʃən,,adj. 有关东西基督教教会分裂的,,,,,0,0,,,
acacias,,pl.  of Acacia,n. 洋槐；阿拉伯橡胶树；金合欢属（acacia的复数）,,,,,0,0,0:acacia/1:s,,
acacic acid,,,[化] 金合欢酸,,,,,0,0,,,
acaciin,,,[化] 刺槐苷,,,,,0,0,,,
acacin,,n. Alt. of Acacine,[化] 金合欢胶,,,,,0,0,,,
acad,,,"abbr. 专科院校, 学院（academy）",,,,,0,0,s:acads,,
academe,",ækә'di:m",n the academic world,"n. 研究院, 学会(=academy),学术界,学院",,,,,34103,21378,s:academes,,
academes,,plural of academe\nn the academic world,"(academe 的复数) n.研究院, 学会(=academy),学术界,学院",,,,,0,0,0:academe/1:s,,
academese,",ækә'di:mi:s",,"n. 学术行话, 学术体,学术文章的风格",,,,,0,0,,,
Academgorodok,"ә'kædәm,^ɔrә'dɔk",,<俄>n.(苏联的) 科学城 ( 在西伯利亚 ),,,,,0,0,,,
academia,.ækә'di:miә,n. the academic world,"n. 学术界, 学术生涯",,,,,21484,11277,,,
academic,.ækә'demik,a. associated with academia or an academy\ns. hypothetical or theoretical and not expected to produce an immediate or practical result\ns. marked by a narrow focus on or display of learning especially its trivial aspects,"a. 学院的, 学术的, 不切实际的\nn. 大学生, 大学教师, 学者, 学会会员",,3,1,gk cet4 cet6 ky toefl ielts gre,1941,1465,s:academics,,
academic administrator,,,[网络] 学术管理人员,,,,,0,0,,,
academic advisor,,,"导师,指导教师",,,,,0,0,,,
academic body,,,[法] 学术团体,,,,,0,0,,,
academic bulemia,,"The process of learning or memorizing by rote, subsequently followed by the regurgitation of that knowledge onto an exam answer sheet. Just as with the serious eating disorder, this form of bulemia results in no real retention of substance. \r\n\r\nThis term is frequently applied to describe a common practice of young medical students.\r\n\n> I can't remember anything that I learned last night. It's like I grabbed the answer sheet, puked out all the answers and forgot everything immediately. I'd say that's academic bulemia.\n",,,,,,0,0,,,
academic costume,ˌækəˈdemik ˈkɔstju:m,,n. 大学礼服,,,,,0,0,,,
academic degree,ˌækəˈdemik diˈɡri:,, [法]学位,,,,,0,0,,,
academic degrees regutions,,,[法] 学位条例,,,,,0,0,,,
academic department,,,学术部,,,,,0,0,,,
academic discipline,,,学科,,,,,0,0,,,
academic discussion,,,[法] 学术讨论,,,,,0,0,,,
academic freedom,,,[法] 学术自由,,,,,0,0,,,
academic gown,ˌækəˈdemik ɡaun,, 学（位）袍,,,,,0,0,,,
academic institution,,,[计] 学术机构,,,,,0,0,,,
academic interpretation,,,[法] 文理解释,,,,,0,0,,,
academic press,,,[计] 学术出版社,,,,,0,0,,,
academic program,,,专业教学计划\n课程计划,,,,,0,0,,,
academic qualification,,,[法] 学历,,,,,0,0,,,
academic rank,,,[法] 学衔,,,,,0,0,,,
academic record,,,学习成绩单,,,,,0,0,,,
academic records,,,[法] 学历,,,,,0,0,,,
academic relation,,,[网络] 学术关系,,,,,0,0,,,
academic requirement,ˌækəˈdemik riˈkwaiəmənt,, 学术上的要求,,,,,0,0,,,
academic robe,,,[网络] 学术袍,,,,,0,0,,,
academic session,,,学术会议,,,,,0,0,,,
academic status,,,[法] 学籍,,,,,0,0,,,
academic term,,,学术术语\n学期,,,,,0,0,,,
academic title,,,[法] 学衔,,,,,0,0,,,
academic training,,,[法] 正视业务训练,,,,,0,0,,,
academic world,,,[法] 学术界,,,,,0,0,,,
academic year,,,学年,,,,,0,0,,,
academic-enrichment,,,丰富学习内容,,,,,0,0,,,
academic-style,,,学院派风格,,,,,0,0,,,
academical,",ækә'demikәl","a. Belonging to the school or philosophy of Plato; as, the\n   Academic sect or philosophy.\na. Belonging to an academy or other higher institution of\n   learning; scholarly; literary or classical, in distinction from\n   scientific.",n. 大学制服,,,,,44959,0,s:academicals,,
academically,.ækә'demikәli,r. in regard to academic matters,adv. 学术上；学业上,,,,,14700,9322,,,
academicals,.ækә'demiklz,n. pl. The articles of dress prescribed and worn at some\n   colleges and universities.,n. 大学服装,,,,,0,0,0:academical/1:s,,
academician,ә.kædә'miʃәn,n. someone elected to honorary membership in an academy\nn. a scholar who is skilled in academic disputation\nn. an educator who works at a college or university,"n. 学会会员, 院士, 学究, 大学生, 学者",,,,toefl gre,39105,21212,s:academicians,,
academicians,,plural of academician\nn. someone elected to honorary membership in an academy\nn. a scholar who is skilled in academic disputation\nn. an educator who works at a college or university,"(academician 的复数) n. 学会会员, 院士, 学究, 大学生, 学者",,,,,0,0,0:academician/1:s,,
academicianship,,,[网络] 学历,,,,,0,0,,,
academicism,.ækә'demisizәm,n orthodoxy of a scholastic variety,"n. 艺术上的墨守成规, 学究气",,,,,0,0,,,
academics,ækə'demɪks,n. an educator who works at a college or university,"n. 学习, 学术; 学者( academic的复数形式 ); 大学教师; [复数]（院校的）学术活动; [A-]柏拉图哲学信奉者",,,,,0,0,0:academic/1:s,,
academie,,, 爱琪美,,,,,0,0,,,
academies,,pl.  of Academy,n. 院校（academy的复数形式）；学院,,,,,0,0,0:academy/1:s,,
academism,ә'kædәmizәm,n orthodoxy of a scholastic variety,"n. (=academicism)学院派, 学院风气",,,,,0,0,,,
academist,,n. An Academic philosopher.\nn. An academician.,学院派艺术家,,,,,0,0,,,
academize,"ә'kædә,maiz",,v. 使...成为刻板传统的,,,,,0,0,,,
academy,ә'kædәmi,n. a secondary school (usually private)\nn. an institution for the advancement of art or science or literature\nn. a school for special training\nn. a learned establishment for the advancement of knowledge,"n. 学院, 院校, 学会",,2,,gk cet4 cet6 ky toefl,4366,4895,s:academies,,
Academy Award,,,奥斯卡奖,,,,,0,0,,,
academy of fine arts,,,"美术学院,美术专科学校",,,,,0,0,,,
Academy of Medical Science,,,[医] 医学科学院,,,,,0,0,,,
Academy of Motion Picture Arts and Sciences,,,[网络] 美国电影艺术与科学学院；美国影艺学院；美国电影艺术与科学学会,,,,,0,0,,,
Academy of Science,,,[医] 科学院,,,,,0,0,,,
Academy of Television Arts and Sciences,,,[网络] 电视艺术与科学学院；美国电视艺术与科学学院；美国电视艺术与科学学会,,,,,0,0,,,
academy school,,,[网络] 专科院校；研究型学校；国立学校,,,,,0,0,,,
academy-award,,,奥斯卡金像奖；学院奖（美国电影艺术科学院颁发的年度奖项）,,,,,0,0,,,
acadia,ә'keidjә,n. the French-speaking part of the Canadian Maritime Provinces,"n. 阿卡迪亚（1604-1713年法国在北美东南沿海一带的殖民地）, 美国路易斯安娜州东南部的教区",,,,,0,0,,,
Acadia National Park,,,阿卡迪亚国家公园（位于美国缅因州东南部）,,,,,0,0,,,
acadialite,ә'keidiәlait,,"红斜方沸石, 红菱沸石",,,,,0,0,,,
Acadian,ә'keidiәn,n. an early French settler in the Maritimes,"a. 阿卡迪亚的,阿卡迪亚人的",,,,,0,29934,s:acadians,,
Acadians,,plural of Acadian\nn. an early French settler in the Maritimes,"(Acadian 的复数) adj.阿卡迪亚的,阿卡迪亚人的",,,,,0,0,0:acadian/1:s,,
acads,,plural of acad,"(acad 的复数) abbr. 专科院校, 学院（academy）",,,,,0,0,0:acad/1:s,,
acai,,,n. 巴西苺，习惯写作：acai berry\nn. ACAI（The Application Consultant of AUTO-IDS），自动识别应用顾问,,,,,0,0,,,
acajou,'ækәʒu:,"n. The cashew tree; also, its fruit. See Cashew.\nn. The mahogany tree; also, its timber.","n. [植]桃花心木, 腰果",,,,,0,0,,,
acajou balsam,,,[化] 腰果树香脂,,,,,0,0,,,
Acala,ә'kælә,,[植]阿卡拉,,,,,0,0,,,
acalcemia,,,[医] 缺钙血[症],,,,,0,0,,,
acalcerosis,"ә,kælsә'rәusis",,缺钙(症),,,,,0,0,,,
acalcicosis,,,[医] 缺钙症,,,,,0,0,,,
acalculia,",eikæl'kju:liә",,n. [医]计算力缺失,,,,,0,0,,,
acalculous,,,无结石的,,,,,0,0,,,
acaleph,'ækәlef,n. Alt. of Acalephan,n. 水母,,,,,0,0,,,
acalephs,'ækəlef,pl.  of Acalephan,n. 水母,,,,,0,0,,,
acallosal,,,[网络] 尖牙,,,,,0,0,,,
acalycine,ә'kælisin,a. Alt. of Acalysinous,a. 无花萼的,,,,,0,0,,,
acalycinous,",ækә'lisinәs",,a. [植](=acalycine)无花萼的,,,,,0,0,,,
Acalypha,,,铁苋（菜）属,,,,,0,0,,,
Acalypha indica,,,[医] 印度铁苋菜,,,,,0,0,,,
Acalypha L.,,,[医] 铁苋菜属,,,,,0,0,,,
Acalypteratae,,,[医] 无翅瓣类,,,,,0,0,,,
Acalyptratae,,,无翅瓣类,,,,,0,0,,,
acam,,,abbr. androcam 果蝇钙调蛋白,,,,,0,0,,,
Acamar,'ækәmә,,[天]天圆六(波江座W星),,,,,0,0,,,
acampora,,, [人名] 阿坎波拉,,,,,0,0,,,
ACAMPS,,,[计] 自动通信与信息处理系统,,,,,0,0,,,
acampsia,,,[医] 屈挠不能,,,,,0,0,,,
acana,'ɑ:kәnә,,阿卡纳(乔木),,,,,0,0,,,
acanaceous,,,具刺的; 具刺的,,,,,0,0,,,
acandium halide,,,[机] 卤化钪,,,,,0,0,,,
Acanlthophis,,,[医] 棘蛇属,,,,,0,0,,,
Acanlthophis antarctica,,,[医] 澳洲蝮,,,,,0,0,,,
acanroid resin,,,[机] 禾木树脂,,,,,0,0,,,
acanth-,ә'kænθ,,"表示“有刺的, 刺状的”之义(该前缀只用于元音前,在辅音前用acantho)",,,,,0,0,,,
acantha,ә'kænθә,n any sharply pointed projection,"n. 脊椎, 刺",,,,,0,0,,,
Acanthaceae,,n. widely distributed herbs and shrubs and trees; sometimes placed in the order Scrophulariales,爵床科; 爵床科,,,,,0,0,s:acanthaceae/0:acanthaceae/1:s,,
acanthaceous,ә'kænθәsiәs,"a. Armed with prickles, as a plant.\na. Of, pertaining to, or resembling, the family of\n   plants of which the acanthus is the type.","具刺的, 棘皮的, 有棘的",,,,,0,0,,,
acanthae,,,棘,,,,,0,0,,,
Acanthameba,,,[网络] 棘阿米巴,,,,,0,0,,,
Acanthamoeba,,,棘阿米巴属,,,,,0,0,,,
Acantharia,,,棘骨虫亚纲,,,,,0,0,,,
acanthaster,",ækәn'θæstә",,n. [动] 刺冠海星,,,,,0,0,,,
acanthella,,,棘头体; 棘头蚴,,,,,0,0,,,
acanthesthesia,,,[医] 针刺感,,,,,0,0,,,
acanthi,ә'kænθәi,n any plant of the genus Acanthus having large spiny leaves and spikes or white or purplish flowers; native to Mediterranean region but widely cultivated,acanthus的复数,,,,,0,0,,,
Acanthia lectularia,,,[医] 温带臭虫,,,,,0,0,,,
acanthin,,,针质,,,,,0,0,,,
acanthine,ə'kænθaɪn,"a. Of, pertaining to, or resembling, the plant acanthus.","a. 【植物】老鼠簕属植物的；似老鼠簕叶的, 刺叶状的",,,,,0,0,,,
acanthion,,n the craniometric point at the anterior extremity of the intermaxillary suture,[医] 鼻前棘点,,,,,0,0,,,
Acanthisitta,,,[网络] 刺鹩属,,,,,0,0,,,
Acanthisitta chloris,,,[网络] 刺鹩,,,,,0,0,,,
Acanthisittidae,,,[网络] 刺鹩科；新西兰鹩；纽西兰鹩,,,,,0,0,,,
acanthite,,,[机] 螺状硫银矿,,,,,0,0,,,
Acanthobdellidea,,,[医] 棘蛭目,,,,,0,0,,,
Acanthocephala,,n phylum or class of elongated wormlike parasites that live in the intestines of vertebrates: spiny-headed worms,[医] 棘头纲,,,,,0,0,,,
acanthocephalan,"ә,kanθә'sefәlәn",n any of various worms living parasitically in intestines of vertebrates having a retractile proboscis covered with many hooked spines,"n. 棘头虫,棘头纲虫",,,,,0,0,s:acanthocephalans,,
acanthocephalans,,plural of acanthocephalan\nn any of various worms living parasitically in intestines of vertebrates having a retractile proboscis covered with many hooked spines,"(acanthocephalan 的复数) n.棘头虫,棘头纲虫",,,,,0,0,0:acanthocephalan/1:s,,
acanthocephaliasis,,,[医] 棘头虫病,,,,,0,0,,,
acanthocephalid,,,[网络] 头孢噻肟,,,,,0,0,,,
Acanthocereus,,,[网络] 刺萼柱属,,,,,0,0,,,
Acanthocereus pentagonus,,,[网络] 尖角五角形,,,,,0,0,,,
Acanthocereus tetragonus,,,[网络] 待宵仙人柱,,,,,0,0,,,
Acanthocheilonema,,,[医] 棘唇属,,,,,0,0,,,
Acanthocheilonema perstans,,,[医] 常现棘唇[线]虫,,,,,0,0,,,
Acanthocheilonematidae,,,[医] 棘唇科,,,,,0,0,,,
acanthocheilonemiasis,,,[医] 棘唇虫病,,,,,0,0,,,
Acanthocybium,,,[网络] 刺鲅属；刺鮁属,,,,,0,0,,,
Acanthocybium solandri,,,[网络] 棘鰆；刺鲅鱼；沙氏刺鲅,,,,,0,0,,,
acanthocyte,,n an abnormal red blood cell that has thorny projections of protoplasm,[医] 棘红细胞,,,,,0,0,,,
acanthocytosis,,n the presence of acanthocytes in the blood stream (as in abetalipoproteinemia),[医] 棘红细胞[增多]症,,,,,0,0,,,
Acanthodii,,,棘鱼纲,,,,,0,0,,,
acanthoid,ә'kænθɔid,s shaped like a spine or thorn,"a. 棘状的, 刺状的",,,,,0,0,,,
acanthokeratodermia,,,[医] 角质肥厚,,,,,0,0,,,
acantholysis,,n a breakdown of a cell layer in the epidermis (as in pemphigus),[医] 皮肤棘层松解,,,,,0,0,,,
acantholysis bullosa,,,"[医] 大疱性皮肤棘层松解, 大疱性表皮松解",,,,,0,0,,,
acantholytic,,,[医] 皮肤棘层松解的,,,,,0,0,,,
acanthoma,,n a neoplasm originating in the epidermis,[医] 棘皮瘤,,,,,0,0,,,
acanthoma adenoides cysticum,,,"[医] 囊性腺样棘皮瘤, 囊状腺样上皮瘤",,,,,0,0,,,
acanthoma alveolare,,,[医] 泡形棘皮瘤,,,,,0,0,,,
acanthoma inguinate,,,"[医] 腹股沟棘皮瘤, 热带棘皮瘤, 热带腹股沟乳头[状]瘤",,,,,0,0,,,
acanthoma verrucosa seborrhoeica,,,"[医] 脂溢性疣状棘皮瘤, 老年疣",,,,,0,0,,,
acanthopanax,,,刺五加,,,,,0,0,,,
Acanthopanax Miq.,,,[医] 五加属,,,,,0,0,,,
acanthopanax root,,,[化] 刺五加,,,,,0,0,,,
Acanthopanax spinosus Miq.,,,[医] 五加[皮],,,,,0,0,,,
Acanthopeltis japonica Okamura,,,[医] 鸡脚菜,,,,,0,0,,,
acanthopelvis,,,[医] 棘状骨盆,,,,,0,0,,,
acanthopelyx,,,[医] 棘状骨盆,,,,,0,0,,,
Acanthophacetus reticulatus,,,[医] 食孑孓鱼(西印度属岛吞食孑孓的一种小鱼),,,,,0,0,,,
Acanthophis,,,[网络] 死亡蛇属；棘蛇属,,,,,0,0,,,
Acanthophis antarcticus,,,【脊椎动物】死亡蝰蛇,,,,,0,0,,,
Acanthophractida,,,棘栅目,,,,,0,0,,,
acanthopteri,",ækən'θɔptəri",n. pl. A group of teleostean fishes having spiny fins.\n   See Acanthopterygii.,n. 【鱼类】棘鳍类(＝ Acanthopterygii),,,,,0,0,,,
acanthopterygian,"'ækәn,θɔptә'ridʒiәn",n a teleost fish with fins that are supported by sharp inflexible rays,n. 棘鳍类的鱼\na. 棘鳍类的,,,,,0,0,,,
acanthopterygii,",ækən'θɔptəridʒi,ai","n. pl. An order of fishes having some of the rays of\n   the dorsal, ventral, and anal fins unarticulated and spinelike, as the\n   perch.",n. 棘鳍总目,,,,,0,0,,,
acanthorrhexis,,,皮肤棘层破裂,,,,,0,0,,,
Acanthoscelides,,,[网络] 三齿豆象属,,,,,0,0,,,
Acanthoscelides obtectus,,,[网络] 菜豆象；大豆象；国内有无分布,,,,,0,0,,,
acanthosis,,n an abnormal but benign thickening of the prickle-cell layer of the skin (as in psoriasis),[医] 棘皮症,,,,,0,0,,,
acanthosis bullosa,,,[医] 大泡性棘皮症,,,,,0,0,,,
acanthosis nigricans,,,[医] 黑[色]棘皮症,,,,,0,0,,,
acanthosis papulosa,,,[医] 黑色丘疹性棘皮症,,,,,0,0,,,
acanthosis seborrhoeica,,,"[医] 脂溢性棘皮症, 疣状棘皮症, 老年疣",,,,,0,0,,,
acanthosoma,,,糠虾期,,,,,0,0,,,
acanthosome,,,棘状小体,,,,,0,0,,,
acanthostegous,,,复棘的,,,,,0,0,,,
acanthotic,,a of or relating to or having acanthosis,[医] 棘皮症的,,,,,0,0,,,
acanthous,ә'kænθәs,s shaped like a spine or thorn,"a. 棘状的, 刺状的",,,,,0,0,,,
acanthulus,,,[医] 拔刺器,,,,,0,0,,,
Acanthuridae,ə'kænθəraidi:,,n. 刺尾鲷科；[鱼] 刺尾鱼科,,,,,0,0,,,
Acanthurus,,,[网络] 刺尾鱼属；大棘珍灯鱼,,,,,0,0,,,
Acanthurus chirurgus,,,[网络] 蓝尾灰吊；小带刺尾鱼,,,,,0,0,,,
acanthus,ә'kænθәs,n. any plant of the genus Acanthus having large spiny leaves and spikes or white or purplish flowers; native to Mediterranean region but widely cultivated,n. 叶形装饰,,,,,28069,0,,,
acanthus family,,, [植物]爵床科（Acanthaceae）,,,,,0,0,,,
Acanthus mollis,,,un. 阔叶装饰\n[网络] 茛艻花；虾蟆花；叶蓟,,,,,0,0,,,
acanthuses,ə'kænθəs,pl.  of Acanthus,n. 爵床属；莨苕叶形的装饰；叶形装饰,,,,,0,0,,,
acao,,, [医][=acyl coenzyme A oxidase]乙酰化辅酶A氧化酶,,,,,0,0,,,
ACAP,,,[计] 高级阵列处理计算机,,,,,0,0,,,
acapnia,ә'kæpniә,n a state in which the level of carbon dioxide in the blood is lower than normal; can result from deep or rapid breathing,n. 血液二氧化碳缺乏,,,,,0,0,,,
acapnial,,a relating to or demonstrating acapnia,[医] 缺碳酸血的,,,,,0,0,,,
acapnial alkalosis,,,[医] 碳酸缺乏性硷中毒,,,,,0,0,,,
acapnic,æ'kæpnɪk,a relating to or demonstrating acapnia, [医]血内二氧化碳缺乏的,,,,,0,0,,,
acapology,,,"[医] 螨学, 蜱螨学",,,,,0,0,,,
acappella,",ɑ:kә'pelә",,"[意][音]无伴奏的, 有教堂音乐风格的",,,,,0,0,,,
acapriccio,",ɑ:kɑ:'pri:tʃɔ:",,"<意>[音]随意地,自由地[字面意义：at will]",,,,,0,0,,,
acaps,,,abbr. 应用配置访问协议（Application Configuration Access Protocol）,,,,,0,0,,,
acapsular,ә'kæpsjulә,a. Having no capsule.,无荚膜的,,,,,0,0,,,
acaptosis,,,[医] 咽下不能[症],,,,,0,0,,,
acapu,",ɑ:kә'pu:",,阿卡浦,,,,,0,0,,,
acapulco,",ækә'pjlkәj",n. a port and fashionable resort city on the Pacific coast of southern Mexico; known for beaches and water sports (including cliff diving),n. 阿卡普尔科（墨西哥南部港市）,,,,,46002,0,,,
Acapulco de Juarez,,,[网络] 德华雷斯；阿卡普尔科-德华雷斯,,,,,0,0,,,
Acapulco gold,,,阿卡普尔科金大麻（产于墨西哥）,,,,,0,0,,,
acar,,,n. (Acar)人名；(土)阿贾尔；(阿拉伯、罗、法)阿卡尔,,,,,0,0,,,
acara,,,[网络] 阿卡拉；行处；学校课程设置及评估机构,,,,,0,0,,,
acaracide,,,[网络] 吖啶,,,,,0,0,,,
Acarapis woodi,,,[医] 伍[德]氏螨,,,,,0,0,,,
acarbia,,,"[医] 血液碳酸盐缺乏, 缺碳酸盐血[症]",,,,,0,0,,,
acarbose,,,[化] 阿卡糖; 阿卡波糖,,,,,0,0,,,
acardia,,n congenital absence of the heart (as in the development of some monsters),[医] 无心[畸形],,,,,0,0,,,
acardiac,,"a. Without a heart; as, an acardiac fetus.",[医] 无心的; 无心畸胎,,,,,0,0,,,
acardiac monster,,,[医] 无心畸胎,,,,,0,0,,,
acardiac twins,,,"[医] 无心双胎, 无心畸胎",,,,,0,0,,,
acardiacus,,,[医] 无心畸胎,,,,,0,0,,,
acardiacus amorphus,,,[医] 无躯无心畸胎,,,,,0,0,,,
acardiohemia,,,[医] 心内血液缺乏,,,,,0,0,,,
acardionervia,,,[医] 心神经刺激缺乏,,,,,0,0,,,
acardiotrophia,"ә,kɑ:diә'trәufiә",,心萎缩,,,,,0,0,,,
acardite,ә'kɑ:dait,,(=diphenyl urea)二苯脲,,,,,0,0,,,
acardius,,,[医] 无心畸胎,,,,,0,0,,,
acardius acephalus,,,[医] 无头无心寄生胎畸胎,,,,,0,0,,,
acardius acormus,,,[医] 无躯干无心寄生胎畸胎,,,,,0,0,,,
acardius amorphus,,,[医] 无定形无心寄生胎畸胎,,,,,0,0,,,
acardius anceps,,,[医] 无躯无心畸胎,,,,,0,0,,,
acari,ækә'rai,n any of several mites of the order Acarina,acarus的复数,,,,,0,0,,,
acarian,ә'keәriәn,,"螨(的), 壁虱(的), 蜱螨(的)",,,,,0,0,,,
acariasis,",ækә'raiәsis",n infestation with itch mites,"n. 疥癣, 疥虫病",,,,,0,0,,,
acaricidal,,,[医] 杀螨的,,,,,0,0,,,
acaricide,"ә'kæri,said",n a chemical agent used to kill mites,n. [药]杀螨剂,,,,,0,0,,,
acarid,'ækәrid,n. very small free-living arachnid that is parasitic on animals or plants; related to ticks,n. 螨\n[医] 螨,,,,,0,0,,,
Acaridae,,n mites,[医] 螨科,,,,,0,0,,,
acaridan,ә'kæridәn,"n. One of a group of arachnids, including the mites and\n   ticks.",n. [动]螨,,,,,0,0,,,
acaridian,,,[网络] 阿卡里迪安,,,,,0,0,,,
acaridiasis,,n infestation with itch mites,"[医] 螨病, 壁虱病",,,,,0,0,,,
Acarina,,n mites and ticks,[医] 螨目,,,,,0,0,,,
acarine,'ækәrain,n mite or tick,n. [动]螨,,,,,0,0,,,
acarine dermatosis,,,[医] 螨性皮肤病,,,,,0,0,,,
acarinosis,,,"[医] 螨病, 壁虱病",,,,,0,0,,,
acariosis,,n infestation with itch mites,"[医] 螨病, 壁虱病",,,,,0,0,,,
Acarnania,",ækɑ:'neini:ə",,n. 阿卡纳尼亚（古希腊西海岸地区）,,,,,0,0,,,
Acarnanian,,,"a. ,n. Acarnania的变形",,,,,0,0,,,
acaro-,,,"[医] 螨, 壁虱",,,,,0,0,,,
acarodermatitis,,,[医] 螨性皮炎,,,,,0,0,,,
acarodermatitis uricarioides,,,"[医] 荨麻疹样螨性皮炎, 谷痒病",,,,,0,0,,,
acarodomatium,",ækәrәudәu'meiʃiәm",,"(pl. acarodomatia) 虱巢, 螨巢",,,,,0,0,,,
acaroid,'ækәrɔid,a. Shaped like or resembling a mite.,"a. 螨的, 螨状的",,,,,0,0,,,
acaroid gum,,,[化] 禾木胶; 禾木树脂\n[医] 禾木胶,,,,,0,0,,,
acaroid resin,,,[化] 禾木树脂; 禾木胶\n[医] 香树脂,,,,,0,0,,,
acarology,",ækә'rɔlәdʒi",,"n. [动]蜱螨学,螨学",,,,,0,0,,,
acarophobia,'ækәrә'fәubiә,n a morbid fear of small insects and mites and worms,n. [医]螨虫恐惧症,,,,,0,0,,,
acarotoxic,,,"[医] 灭螨的, 毒螨的",,,,,0,0,,,
acarpellous,ei'kɑ:pələs,a. Having no carpels.,"a. 【植物学】(花)无心皮的, 无果爿的",,,,,0,0,,,
acarpelous,ei'kɑ:pәlәs,a having no carpels,a. [植](花)无心皮的,,,,,0,0,,,
acarpia,,,"[医] 不结果实, 不育",,,,,0,0,,,
acarpous,ei'kɑ:pәs,s producing no fruit,"a. [植]不结果的,无果实的",,,,gre,0,0,,,
acars,,,abbr. aircraft communication addressing and reporting system 飞机通信寻址与报告系统,,,,,0,0,,,
Acartomyia,,,[医] 库蚊亚科的一属,,,,,0,0,,,
acarus,'ækәrәs,n. any of several mites of the order Acarina,n. 螨\n[医] 螨属,,,,,0,0,,,
Acarus balatus,,,[医] 类疥螨,,,,,0,0,,,
Acarus folliculorum,,,[医] 毛囊脂螨,,,,,0,0,,,
Acarus gallinae,,,[医] 鸡皮刺螨,,,,,0,0,,,
Acarus hordei,,,[医] 麦螨,,,,,0,0,,,
Acarus rhyzoglypticus hyacinthi,,,[医] 洋葱螨,,,,,0,0,,,
Acarus scabiei,,,[医] 疥螨,,,,,0,0,,,
Acarus tritici,,,"[医] 虱螨, 袋形虱螨",,,,,0,0,,,
acaryote,ә'kɑ:riәut,n a cell without a nucleus (as an erythrocyte),"无核的, 无核细胞的",,,,,0,0,,,
Acas,'eikæs,,"abbr. （英国）咨询调解和仲裁局（Advisory, Conciliation and Arbitration Service）；分析化学与应用光谱学（analytical chemistry and applied spectroscopy）",,,,,28322,0,,,
acat,,,n. (Acat)人名；(土)阿贾特\nabbr. 酰基辅酶a-胆固醇酰基转移酶（acyl coenzyme a-cholesterol acyltransferase）,,,,,0,0,,,
acatalasemia,",eikætәlei'si:miә",,"n. [医]无触酶血,缺过氧化氢酶血",,,,,0,0,,,
acatalasia,",eikætә'leiziә",,"n. [医]无触酶症,过氧化氢酶缺乏症",,,,,0,0,,,
acatalectic,"ә,kætә'lektik",n (prosody) a line of verse that has the full number of syllables\na (verse) metrically complete; especially having the full number of syllables in the final metrical foot,a. (诗行)音节数完整的,,,,,0,0,,,
acatalepsia,"ә,kætә'lepsiә",,领会不能,,,,,0,0,,,
acatalepsy,,"n. Incomprehensibility of things; the doctrine held by the\n   ancient Skeptic philosophers, that human knowledge never amounts to\n   certainty, but only to probability.",[医] 领会不能; 诊断不明,,,,,0,0,,,
acataleptic,"æ,kætә'leptik",a. Incapable of being comprehended; incomprehensible.,"a. 不能理解的,不可知的",,,,,0,0,,,
acatamathesia,"ә,kætәmә'θi:ziә",,"(言语)理解不能, 感觉能力缺乏",,,,,0,0,,,
acataphasia,"ә,kætә'feiziә",n a disorder in which a lesion to the central nervous system leaves you unable to formulate a statement or to express yourself in an organized manner,"连贯表意不能, 言语失序, 言语失调, 联字缺陷",,,,,0,0,,,
acataposis,,,[医] 咽下困难,,,,,0,0,,,
acatastasia,",ækәtæs'teisiә",,"反常, 失规",,,,,0,0,,,
acatastatic,әkætәs'tætik,,"反常的, 失规的",,,,,0,0,,,
acate pneumonic tuberculosis,,,"[医] 肾上腺结核, 阿狄森氏病",,,,,0,0,,,
acatharsia,ækә'θɑ:siә,,排泄不能,,,,,0,0,,,
acatharsy,,,[医] 排泄不能,,,,,0,0,,,
acathectic,",ækә'θektik",,排泄失禁的,,,,,0,0,,,
acathetic jaundice,,,[医] 胆汁排泄障碍性黄疸,,,,,0,0,,,
acathexia,,n an inability to retain bodily secretions,[医] 排泄失禁,,,,,0,0,,,
acathexis,",ækә'θeksis",n (psychoanalysis) a lack of cathexis; a condition in which significant objects or memories arouse no emotion in an individual,[心理]无感动,,,,,0,0,,,
acathisia,",ækә'θi:ziә",,n. [医]静坐不能,,,,,0,0,,,
acatylenetetrabromide,,,[建] 乙炔化四溴,,,,,0,0,,,
acatzingo,,, [地名] [墨西哥] 阿卡钦戈,,,,,0,0,,,
acaudal,ei'kɒ:dәl,a lacking a tail or taillike appendage,a. 无尾的\n[医] 无尾的,,,,,0,0,,,
acaudate,,a lacking a tail or taillike appendage,[医] 无尾的,,,,,0,0,,,
acaulescence,",eikɔ:'lesәns",,"无茎, 短缩茎(现象)",,,,,0,0,,,
acaulescent,",eikɔ:'lesnt",a (of plants) having no apparent stem above ground,a. [植]无茎的,,,,,0,0,,,
acauline,,a. Same as Acaulescent.,[医] 无茎的(菌),,,,,0,0,,,
acaulinosis,,,[医] 无茎真菌病,,,,,0,0,,,
Acaulium,,,[医] 无茎真菌属,,,,,0,0,,,
acaulose,ei'kɔ:ləus,a. Alt. of Acaulous,a. 无茎的,,,,,0,0,,,
acaulous,ei'kɔ:ləs,a. Same as Acaulescent.,a. [植] 无茎的,,,,,0,0,,,
acause,,,[网络] 原因；一个原因；一因,,,,,0,0,,,
acausobiolith,,,非可燃性生物岩,,,,,0,0,,,
acaustobiolith,"ei,kɔ:stә'baiәliθ",,非可燃性生物岩,,,,,0,0,,,
acaustophytolith,"ei,kɔ:stә'faitәliθ",,非可燃性植物岩,,,,,0,0,,,
acavyl,'ækәvil,,(=dicumarol)双香豆素,,,,,0,0,,,
ACB,,,"[计] 存取控制块, 转接器控制块, 应用控制块, 异步通信数据库",,,,,0,0,,,
acbeiria,,,[医] 无手[畸形],,,,,0,0,,,
ACBGEN,,,[计] 应用控制块生成,,,,,0,0,,,
ACC,,"n a command that is the primary provider of air combat weapon systems to the United States Air Force; operates fighter, bomber, reconnaissance, battle-management, and rescue aircraft","[计] 累加, 累加器, 异步通信控制\n[医] 阳极通电收缩",,,,,28508,0,,,
acc automatic combustion control,,,[机] 自动燃烧控制,,,,,0,0,,,
Acc.,,,[医] 调节(眼); 适应,,,,,0,0,,,
acca,,,abbr. 特许公认会计师公会（Association of Charted Certified Accountants）；美国空调承包商协会（Air Conditioning Contractors of America）,,,,,0,0,,,
Accad,'ækæd,,n. (Accad)人名；(阿拉伯)阿卡德；(法)阿卡\nabbr. 进阶艺术与设计计算机中心（Advanced Computing Center for the Arts and Design）,,,,,0,0,,,
Accadian,ә'keidjәn,a. Pertaining to a race supposed to have lived in Babylonia\n   before the Assyrian conquest.,n. 阿卡得人(语)\na. 阿卡得人(语)的,,,,,0,0,,,
accardo,,,n. (Accardo)人名；(意、法)阿卡尔多,,,,,0,0,,,
accaroid gum,,,[化] 禾木胶,,,,,0,0,,,
accaroid resin,,,[网络] 塑料树脂,,,,,0,0,,,
accc,,, [医][=Association of Community Cancer Centers]社区癌症中心协会,,,,,0,0,,,
accca,,,abbr. Association of California Community College Administrators 加利福尼亚社区大学行政人员协会,,,,,0,0,,,
accce,,,abbr. Association of Consulting Chemists and Chemical Engineers <美国>顾问化学师及化学工程师协会,,,,,0,0,,,
accede,æk'si:d,v. take on duties or office,"vi. 同意, 正式加入, 就任, 继任",,,,gre,14526,17950,p:acceded/d:acceded/i:acceding/3:accedes,,
accede to,,,"同意,应诺;继承,加入",,,,,0,0,,,
acceded,ək'siːd,imp. & p. p. of Accede,vi. 加入；同意；就任,,,,,0,0,0:accede/1:pd,,
accedence,,n. The act of acceding.,答应\n同意（accede的变体）\n就任（accede的变体）\n加入（accede的变体）,,,,,0,0,,,
accedes,ækˈsi:dz,v yield to another's wish or opinion\nv take on duties or office\nv to agree or express agreement,v. （正式）加入( accede的第三人称单数 ); 答应; （通过财产的添附而）增加; 开始任职,,,,,0,0,0:accede/1:3,,
acceding,ək'siːd,p. pr. & vb. n. of Accede,vi. 加入；同意；就任,,,,,0,0,0:accede/1:i/i:acceding,,
acceding state,,,[法] 参加国,,,,,0,0,,,
acceerative,æk'selәrәtiv,,"加[催]速的, 促进的",,,,,0,0,,,
accekerating ability,,,[机] 加速能力,,,,,0,0,,,
accel,æk'səl,,abbr. accelerando (Italian=accelerating) （意大利语）加速（的）; accelerating 加速（的）; acceleration 加速; accelerate(d) 加速的,,,,,0,0,,,
accelerando,"æk,selә'rændәu",n a gradually increasing tempo of music\ns gradually increasing in tempo\nr with increasing speed,a. [乐]渐速的\nadv. [乐]渐速地\nn. [乐]渐速音,,,,,0,0,,,
accelerans,,,[医] 加速神经,,,,,0,0,,,
acceleransstoff,,,[医] 加速物质,,,,,0,0,,,
accelerant,әk'selәrәnt,,"n. 促进剂, 加速进程的东西\na. 促进的, 加速的",,,,,0,36917,s:accelerants,,
accelerants,,plural of accelerant,"(accelerant 的复数) n. 促进剂, 加速进程的东西\na. 促进的, 加速的",,,,,0,0,0:accelerant/1:s,,
accelerate,әk'selәreit,v. move faster\nv. cause to move faster,"v. 加速, 促进",,2,,gk cet4 cet6 ky toefl ielts gre,5328,4925,p:accelerated/d:accelerated/i:accelerating/3:accelerates,,
accelerated,әk'selәreitid,"s. speeded up, as of an academic course",a. 加快的\n[医] 加速的,,,,toefl,14045,10808,0:accelerate/1:pd/p:accelerated/d:accelerated,,
accelerated ageing,,,[化] 人工老化,,,,,0,0,,,
accelerated ageing test,,,[机] 加速老化试验,,,,,0,0,,,
accelerated ageing test of gasoline,,,[机] 汽油加速老化试验,,,,,0,0,,,
accelerated aging,,,[化] 人工老化,,,,,0,0,,,
accelerated aging test,,,[计] 加速老化试验,,,,,0,0,,,
accelerated amortization,,,"[经] 加速摊销, 加速偿还",,,,,0,0,,,
accelerated bomb test,,,[机] 加速氧弹试验,,,,,0,0,,,
accelerated cement,,,[化] 快凝水泥,,,,,0,0,,,
accelerated clarifier,,,[化] 快速沉降器,,,,,0,0,,,
accelerated cooling,,,[化] 加速冷却,,,,,0,0,,,
accelerated cost recovery system,,,[经] (ACRS)加速成本回收制度,,,,,0,0,,,
accelerated cure,,,[化] 快速硫化; 加速硫化,,,,,0,0,,,
accelerated depreciation methods,,,[经] 加速折旧法,,,,,0,0,,,
accelerated deprecistion,,,[经] 加速折旧(贬值),,,,,0,0,,,
accelerated development of light industry,,,[经] 加速发展轻工业,,,,,0,0,,,
accelerated draft,,,[机] 加速通风,,,,,0,0,,,
accelerated draught,,,[机] 加速通风,,,,,0,0,,,
accelerated fatigue test,,,[计] 加速疲劳试验,,,,,0,0,,,
accelerated flow method,,,[化] 加速流动法,,,,,0,0,,,
accelerated gum,,,[机] 速成胶质,,,,,0,0,,,
accelerated gum test,,,[机] 速成胶质试验,,,,,0,0,,,
accelerated hot water heating,,,[机] 加速热水暖气法,,,,,0,0,,,
accelerated Liebmann method,,,[计] 加速列布曼法,,,,,0,0,,,
accelerated life test,,,[计] 加速寿命试验,,,,,0,0,,,
accelerated methods,,,[经] 加速法,,,,,0,0,,,
accelerated motion,,,[化] 加速运动,,,,,0,0,,,
accelerated oxidation,,,[机] 加速氧化,,,,,0,0,,,
accelerated oxidation test,,,[机] 加速氧化试验,,,,,0,0,,,
accelerated particle,,,[电] 加速质点,,,,,0,0,,,
accelerated phosphorescence,,,[电] 加速磷光,,,,,0,0,,,
accelerated porcelain dish test,,,[机] 加速瓷皿试验,,,,,0,0,,,
accelerated random search,,,[计] 加速随机搜索,,,,,0,0,,,
accelerated rate of depreciation,,,[经] 加速折旧率,,,,,0,0,,,
accelerated reaction,,,[医] 加速反应(种痘),,,,,0,0,,,
accelerated respiration,,,[医] 呼吸加速(呼吸速度每分钟超过25次),,,,,0,0,,,
accelerated return stroke,,,[机] 急回冲程,,,,,0,0,,,
accelerated sludge test,,,[机] 加速沉渣试验,,,,,0,0,,,
accelerated soundness test,,,[机] 加速(坚)固度试验,,,,,0,0,,,
accelerated stock,,,[机] 加速胶料,,,,,0,0,,,
accelerated sulfur vulcanization,,,[化] 促进硫硫化,,,,,0,0,,,
accelerated tannage,,,[化] 速鞣法,,,,,0,0,,,
accelerated test for color stability,,,[机] 加速颜色稳定试验,,,,,0,0,,,
accelerated testing cabinet,,,[机] 加速试验机,,,,,0,0,,,
accelerated weathering test,,,[化] 加速老化试验,,,,,0,0,,,
accelerates,ækˈseləreits,v move faster\nv cause to move faster,"v. （使）加快, （使）增速( accelerate的第三人称单数 ); 促使…早日发生, 促进; [教育学]使（学生）跳级; 提早学完（课程等）",,,,,0,0,0:accelerate/1:3,,
accelerating,æk'selәreitiŋ,v move faster\nv cause to move faster,[计] 加速,,,,toefl,14965,14876,0:accelerate/1:i/i:accelerating,,
accelerating agent,,,[化] 促进剂,,,,,0,0,,,
accelerating center,,,[医] 加速中枢,,,,,0,0,,,
accelerating chain,,,[电] 加速链,,,,,0,0,,,
accelerating chamber,,,[医] 加速真空箱,,,,,0,0,,,
accelerating conductor or relay,,,[电] 加速导体或继电器,,,,,0,0,,,
accelerating creep,,,[机] 加速潜变,,,,,0,0,,,
accelerating curve,,,[机] 加速曲线,,,,,0,0,,,
accelerating electride,,,[电] 加速电极,,,,,0,0,,,
accelerating electrode,,,[电] 促进电极,,,,,0,0,,,
accelerating factor,,,"[计] 加速系数, 加速因数",,,,,0,0,,,
accelerating fibers,,,[医] [心]加速纤维,,,,,0,0,,,
accelerating force,,,[机] 加速力,,,,,0,0,,,
accelerating grid,,,[电] 加速栅极,,,,,0,0,,,
accelerating plastic flow,,,[化] 加速塑性流,,,,,0,0,,,
accelerating potenial,,,[电] 加速电位,,,,,0,0,,,
accelerating premium,,,[经] 累进奖金制,,,,,0,0,,,
accelerating pump,,,"[机] 加速泵, 帮浦",,,,,0,0,,,
accelerating resistance,,,[机] 加速阻力,,,,,0,0,,,
accelerating time,,,[电] 加速时间,,,,,0,0,,,
accelerating voltage,,,[电] 加速电压,,,,,0,0,,,
accelerating well,,,[化] 补偿油井,,,,,0,0,,,
acceleratingly,,,adv. accelerate的变形,,,,,0,0,,,
acceleration,әk.selә'reiʃәn,n. an increase in rate of change\nn. the act of accelerating; increasing the speed\nn. (physics) a rate of increase of velocity,"n. 加速, 促进, 加速度\n[化] 加速度",,1,,cet4 toefl,7072,8018,s:accelerations,,
acceleration at stall,,,[电] 停止加速度,,,,,0,0,,,
acceleration characteristic of fuel,,,[机] 燃料的加速特性,,,,,0,0,,,
acceleration clause,,,[经] 提前偿付条款,,,,,0,0,,,
acceleration coefficient,,,[经] 加速系数,,,,,0,0,,,
acceleration electrode,,,[机] 加速电极,,,,,0,0,,,
acceleration error,,,[化] 加速度误差,,,,,0,0,,,
acceleration feedback,,,[化] 加速度反馈,,,,,0,0,,,
acceleration globulin,,,[化] 促凝血球蛋白,,,,,0,0,,,
acceleration image,,,[机] 加速度像,,,,,0,0,,,
acceleration inertia load test,,,[机] 加速惯性负载试验,,,,,0,0,,,
acceleration of gravity,,,[化] 重力加速度,,,,,0,0,,,
acceleration of ripening,,,[机] 成熟的加速,,,,,0,0,,,
acceleration of transportation,,,[机] 运输加速度,,,,,0,0,,,
acceleration period,,,[机] 加速期,,,,,0,0,,,
acceleration pole,,,[机] 加速度中心,,,,,0,0,,,
acceleration polygon,,,[机] 加速度多边形,,,,,0,0,,,
acceleration potential,,,[机] 加速电位,,,,,0,0,,,
acceleration principle,,,[经] 加速理论,,,,,0,0,,,
acceleration resistance,,,[机] 加速阻力,,,,,0,0,,,
acceleration simulator,,,[化] 加速度仿真器,,,,,0,0,,,
acceleration switch,,,[电] 加速开关,,,,,0,0,,,
acceleration test,,,[机] 加速度试验,,,,,0,0,,,
acceleration time,,,[计] 加速时间,,,,,0,0,,,
acceleration transducer,,,[化] 加速度传感器,,,,,0,0,,,
acceleration unit,,,[网络] 加速单位,,,,,0,0,,,
acceleration voltage,,,[化] 加速电压,,,,,0,0,,,
acceleration wave,,,[化] 加速度波,,,,,0,0,,,
accelerations,ækˌseləˈreɪʃənz,n. an increase in rate of change\nn. the act of accelerating; increasing the speed\nn. (physics) a rate of increase of velocity,n. 加速( acceleration的复数形式 ); <物>加速度; （车辆）加速能力; （优秀学生的）跳级,,,,,0,0,0:acceleration/1:s,,
accelerative,әk'selәrәtiv,s. tending to increase velocity,"a. 加速的, 促进的",,,,,0,46667,,,
accelerative epilepsy,,,"[医] 前奔性癫痫, 疾走性癫痫",,,,,0,0,,,
accelerator,әk'selәreitә,n. a pedal that controls the throttle valve\nn. a valve that regulates the supply of fuel to the engine\nn. a scientific instrument that increases the kinetic energy of charged particles,"n. 加速剂, 加速器, 油门\n[化] 加速器; 早强剂; 促进剂; 硫化促进剂",,1,,,10364,11455,s:accelerators,,
accelerator 808,,,[化] 硫化促进剂808,,,,,0,0,,,
accelerator A-32,,,[化] 硫化促进剂A-32,,,,,0,0,,,
accelerator AZ,,,[化] 硫化促进剂AZ,,,,,0,0,,,
accelerator board,,,[计] 加速板,,,,,0,0,,,
accelerator card,ækˈseləˌreɪtə kɑ:d,, 加速卡,,,,,0,0,,,
accelerator CZ,,,[化] 硫化促进剂CZ,,,,,0,0,,,
accelerator D,,,[化] 硫化促进剂D,,,,,0,0,,,
accelerator DIBS,,,[化] 硫化促进剂DIBS,,,,,0,0,,,
accelerator DM,,,[化] 硫化促进剂DM,,,,,0,0,,,
accelerator DOTG,,,[化] 硫化促进剂DOTG,,,,,0,0,,,
accelerator dynamic test,,,[电] 加速器动力测试,,,,,0,0,,,
accelerator factor,,,"[医] 前加速因子, [凝血]第五因子",,,,,0,0,,,
accelerator globulin,,,[医] 加速凝血球蛋白,,,,,0,0,,,
accelerator globulin (AcG),,,[化] 促凝血球蛋白,,,,,0,0,,,
accelerator H,,,[化] 硫化促进剂H,,,,,0,0,,,
Accelerator Key,,,[计] 加速键,,,,,0,0,,,
accelerator M,,,[化] 硫化促进剂M,,,,,0,0,,,
accelerator mass-spectrometry,,,[化] 加速器质谱法,,,,,0,0,,,
accelerator master batch,,,[化] 加速母炼胶,,,,,0,0,,,
accelerator NA-22,,,[化] 硫化促进剂NA-22,,,,,0,0,,,
accelerator nerve,,,[医] 加速神经,,,,,0,0,,,
accelerator of hardening,,,[机] 速硬剂,,,,,0,0,,,
accelerator P,,,[化] 硫化促进剂P,,,,,0,0,,,
accelerator partus,,,[医] 催产药,,,,,0,0,,,
accelerator pedal,,,[机] 加速踏板,,,,,0,0,,,
accelerator pump,,,[机] 加速泵,,,,,0,0,,,
accelerator rod,,,[机] 加速杆,,,,,0,0,,,
accelerator TETD,,,[化] 硫化促进剂TETD,,,,,0,0,,,
accelerator TMTD,,,[化] 硫化促进剂TMTD,,,,,0,0,,,
accelerator TT,,,[化] 硫化促进剂TMTD,,,,,0,0,,,
accelerator urinae,,,[医] 球海绵体肌,,,,,0,0,,,
accelerator Van-de-Graaff,,,[医] 范德格腊夫氏加速器,,,,,0,0,,,
accelerator ZBX,,,[化] 硫化促进剂ZBX,,,,,0,0,,,
accelerator ZDMC,,,[化] 硫化促进剂ZDMC,,,,,0,0,,,
accelerator-activator,,,[化] 促进剂-活性剂,,,,,0,0,,,
accelerator-produced radionuclides,,,[化] 加速器生产的放射性核素,,,,,0,0,,,
accelerators,ək'seləreɪtəz,n. a pedal that controls the throttle valve\nn. a valve that regulates the supply of fuel to the engine\nn. (chemistry) a substance that initiates or accelerates a chemical reaction without itself being affected,n. <物>（粒子）加速器( accelerator的复数形式 ); 加速者; <化>加速剂; <英>（二轮或三轮的小型）摩托车,,,,,0,0,0:accelerator/1:s,,
acceleratory,"ək'selərə,tɔri",a. Accelerative.,a. 加速的；催促的（等于accelerative）,,,,,0,0,,,
accelerin,æk'selәrin,,"促凝血球蛋白, 第V因子",,,,,0,0,,,
accelerine,,,"[化] 对亚硝基-N,N-二甲基苯胺",,,,,0,0,,,
accelerogram,æk'selәrә^ræm,,n. (显示地震中颤动加速度的)加速度图,,,,,0,0,,,
accelerograph,әk'selәrәgrɑ:f,"n. An apparatus for studying the combustion of powder\n   in guns, etc.",n. 自计加速器,,,,,0,0,,,
accelerometer,әk.selә'rɒmitә,n. an instrument for measuring the acceleration of aircraft or rockets,n. 加速度计\n[化] 加速度计,,,,,0,27842,s:accelerometers,,
accelerometers,,plural of accelerometer\nn. an instrument for measuring the acceleration of aircraft or rockets,(accelerometer 的复数) n. 加速度计\n[化] 加速度计,,,,,0,0,0:accelerometer/1:s,,
Accelerotor,,,埃克西来罗试验仪,,,,,0,0,,,
accelofilter,æk'selәfiltә,,"[化]加速过滤器, 加速滤池(高速滴滤池的一种型式)",,,,,0,0,,,
accend,ək'send,v. t. To set on fire; to kindle.,vt. [废语]点燃,,,,,0,0,,,
accendant,,,维护人员; 维修人员,,,,,0,0,,,
accension,ək'senʃən,n. The act of kindling or the state of being kindled;\n   ignition.,n. accend的变形,,,,,0,0,,,
accent,'æksәnt,n. distinctive manner of oral expression\nn. a diacritical mark used to indicate stress or placed above a vowel to indicate a special pronunciation,"n. 重音, 口音, 特点, 注重点\nvt. 重读, 加重音号于, 强调",,2,1,zk gk cet4 ky,3701,4140,s:accents/p:accented/i:accenting/d:accented/3:accents,,
accent mark,,,重音符号,,,,,0,0,,,
accentated,,,[计] 加重,,,,,0,0,,,
accentated contrast,,,[计] 加重反差,,,,,0,0,,,
accented,ˈæksentɪd,"v to stress, single out as important\nv put stress on; utter with an accent\na used of syllables\na bearing a stress or accent",a. 带…腔调的；带…口音的,,,,,37290,24817,0:accent/1:pd/p:accented/d:accented,,
accented term,,,[化] 重点项目,,,,,0,0,,,
accenting,,p. pr. & vb. n. of Accent,v. 强调；重读；带着…口音讲话（accent的ing形式）,,,,,0,0,0:accent/1:i,,
accentless,,a. Without accent.,a. accent的变形,,,,,0,0,,,
accentor,æk'sentә,n. small sparrow-like songbird of mountainous regions of Eurasia,"n. 鸣禽, 领唱者",,,,,0,0,,,
accents,ˈæksənts,"n distinctive manner of oral expression\nn special importance or significance\nn the usage or vocabulary that is characteristic of a specific group of people\nn the relative prominence of a syllable or musical note (especially with regard to stress or pitch)\nn a diacritical mark used to indicate stress or placed above a vowel to indicate a special pronunciation\nv to stress, single out as important\nv put stress on; utter with an accent",n. 重音( accent的名词复数 ); 口音; 强调; 读音符号（标在字母上）,,,,,0,0,1:s3/0:accent,,
accentuable,æk'sentʃu:əbl,a. Capable of being accented.,a. accent的变形,,,,,0,0,,,
accentual,æk'sentjuәl,a. of or pertaining to accent or stress\na. (of verse) having a metric system based on stress rather than syllables or quantity,"a. 重音的, 根据重音定节奏的",,,,,0,47020,,,
accentual system,,,[网络] 重音系统,,,,,0,0,,,
accentuality,"æk,sentju'æləti",n. The quality of being accentual.,n. accentual的变形,,,,,0,0,,,
accentually,,adv. In an accentual manner; in accordance with accent.,adv. accentual的变形,,,,,0,0,,,
accentuate,æk'sentjueit,"v to stress, single out as important\nv put stress on; utter with an accent","vt. 以重音念, 强调, 重读",,1,,toefl gre,9738,10880,d:accentuated/p:accentuated/3:accentuates/i:accentuating,,
accentuated,,"v to stress, single out as important\nv put stress on; utter with an accent",加重,,,,,0,44915,0:accentuate/1:dp/p:accentuated,,
accentuated sound,,,[医] 音增强,,,,,0,0,,,
accentuates,ækˈsentʃu:ˌeɪts,"v to stress, single out as important\nv put stress on; utter with an accent",v. 重读( accentuate的第三人称单数 ); 使突出; 使恶化; 加重音符号于,,,,,0,0,0:accentuate/1:3,,
accentuating,,p. pr. & vb. n. of Accentuate,加重,,,,,0,0,0:accentuate/1:i,,
accentuation,æk.sentju'eiʃәn,n. the use or application of an accent; the relative prominence of syllables in a phrase or utterance,"n. 重读, 加重音符号, 强调\n[医] 增强, 亢进",,,,,39860,38094,s:accentuations,,
accentuations,,plural of accentuation\nn. the use or application of an accent; the relative prominence of syllables in a phrase or utterance,"(accentuation 的复数) n. 重读, 加重音符号, 强调\n[医] 增强, 亢进",,,,,0,0,0:accentuation/1:s,,
accentuator,æk'sentjueitә,,"n. 着重者, 强调者",,,,,0,0,,,
accentuator circuit,,,[电] 强调电路,,,,,0,0,,,
accenture,'æksentʃəl,,n. 埃森哲咨询公司,,,,,0,0,,,
accepatance test,,,[计] 接机考验,,,,,0,0,,,
accept,әk'sept,v. consider or hold as true\nv. receive willingly something given or offered\nv. give an affirmative reply to; respond favorably to\nv. react favorably to; consider right and proper,"vt. 接受, 承认, 同意, 相信, 赞成, 承担, 承兑, 采纳, 接纳, 容忍\nvi. 同意",,5,1,zk gk cet4 ky,488,766,d:accepted/p:accepted/i:accepting/3:accepts,,
accept a bill of exchange,,,[经] 承兑汇票,,,,,0,0,,,
accept a commission,,,"[经] 接受委托, 接受佣金",,,,,0,0,,,
accept a complaint,,,[法] 受理控诉,,,,,0,0,,,
accept a draft,,,[法] 承兑汇票,,,,,0,0,,,
accept a wager,,,接受打赌,,,,,0,0,,,
accept an apology,,,接受歉意,,,,,0,0,,,
accept an offer,,,"接受提议,採纳建议",,,,,0,0,,,
accept an order,,,[化] 接受定货; 接受订单\n[经] 接受定货,,,,,0,0,,,
accept and hear a case,,,[法] 受理案件,,,,,0,0,,,
accept bail,,,[法] 准许保释,,,,,0,0,,,
accept battle,,,应战,,,,,0,0,,,
accept for,,,"承兑,承担,承认",,,,,0,0,,,
accept full responsibility for,,,承担全部责任,,,,,0,0,,,
accept insurance,,,[法] 承保,,,,,0,0,,,
accept of,,,v. 承兑,,,,,0,0,,,
Accept Record,,,接受修订,,,,,0,0,,,
accept revisions,,,[计] 接受修正,,,,,0,0,,,
accept sb's bid,,,[法] 接受某人投标,,,,,0,0,,,
accept the dole,,,接受失业救济;领取失业救济金,,,,,0,0,,,
accept the face of,,,"偏爱, 偏袒",,,,,0,0,,,
accept the face of...,,,"偏爱..., 偏袒...",,,,,0,0,,,
accept the person of,,,偏爱,,,,,0,0,,,
accept with an open mind,,,诚心实意地接受,,,,,0,0,,,
accept with unanimity,,,一致公认,,,,,0,0,,,
acceptability,әk.septә'biliti,n. satisfactoriness by virtue of conforming to approved standards,"n. 可接受, 合意, 可忍受",,,,,12121,15203,,,
acceptable,әk'septәbl,a. worthy of acceptance or satisfactory\ns. judged to be in conformity with approved usage\ns. adequate for the purpose,"a. 可接受的, 合意的, 可忍受的",,3,1,cet4,2388,3415,,,
acceptable accounting principle,,,[经] 公认会计原理(原则),,,,,0,0,,,
acceptable defect level,,,[化] 允许缺陷标准,,,,,0,0,,,
acceptable explosives,,,[机] 合格炸药,,,,,0,0,,,
acceptable failure rate,,,[计] 合格故障率,,,,,0,0,,,
acceptable interference,,,[计] 可容许干扰,,,,,0,0,,,
acceptable malfunction level,,,[化] 容许事故等级; 容许故障等级,,,,,0,0,,,
acceptable principle,,,[经] 公认原理(原则),,,,,0,0,,,
acceptable product,,,[经] 合格产品,,,,,0,0,,,
acceptable program,,,[计] 可接受程序,,,,,0,0,,,
acceptable quality level,,,[计] 合格质量标准\n[化] 合格质量标准,,,,,0,0,,,
acceptable quality level test,,,[计] 合格质量标准测试,,,,,0,0,,,
acceptable quality limit,,,[经] 合格质量标准,,,,,0,0,,,
acceptable reliability level,,,[化] 可靠性合格标准\n[经] 容许可靠性程度,,,,,0,0,,,
acceptable setting,,,[化] 容许沉降,,,,,0,0,,,
acceptable string,,,[计] 可接受串,,,,,0,0,,,
acceptable test,,,[化] 合格试验,,,,,0,0,,,
acceptable tolerance,,,[化] 验收公差,,,,,0,0,,,
Acceptable Use Policy,,,[计] 可接受使用策略,,,,,0,0,,,
acceptable value,,,[化] 可接受值; 可接受准则; 可接受等级,,,,,0,0,,,
acceptable-environmental-range,,,[电] 可接受的环境范围测试,,,,,0,0,,,
acceptableness,,,[网络] 适众性,,,,,0,0,,,
acceptably,әk'septәbli,r. in an acceptable (but not outstanding) manner,"adv. 可欣然接受地, 承受得住地, 能合人意地",,,,,34652,31017,,,
acceptance,әk'septәns,n. the state of being acceptable and accepted\nn. (contract law) words signifying consent to the terms of an offer (thereby creating a contract)\nn. banking: a time draft drawn on and accepted by a bank\nn. the act of taking something that is offered,"n. 接受, 接纳, 承认, 同意, 赞同, 容忍, 相信\n[经] 承兑, 认付, (工程)验收",,2,,cet4 cet6 ky,2899,3443,s:acceptances,,
acceptance (check),,,[化] 验收合格,,,,,0,0,,,
acceptance acknowledge,,,[计] 接收应答,,,,,0,0,,,
acceptance and checkout,,,[化] 验收与测试,,,,,0,0,,,
acceptance and guarantee,,,[经] 承诺支付,,,,,0,0,,,
acceptance bank,,,[经] 承兑银行,,,,,0,0,,,
acceptance bill,,,"[经] 承兑票据, 承兑汇票",,,,,0,0,,,
acceptance business,,,[经] 票据承兑业,,,,,0,0,,,
acceptance by intervention,,,[经] 参加票据的承兑,,,,,0,0,,,
acceptance certificate,,,"[化] 验收合格证; 验收证明书\n[经] 验收合格证, 接收证书",,,,,0,0,,,
acceptance check,,,[经] 验收,,,,,0,0,,,
acceptance coefficient,,,[经] 合格系数,,,,,0,0,,,
acceptance commission,,,[经] 承兑汇票(票据)手续费,,,,,0,0,,,
acceptance condition,,,"[化] 合格条件; 验收条件\n[经] 验收条件合格条件, 承兑条件",,,,,0,0,,,
acceptance cone,,,[计] 接收锥角,,,,,0,0,,,
acceptance contract,,,[经] 承兑合同,,,,,0,0,,,
acceptance corporation,,,[经] 承兑汇票(票据)公司,,,,,0,0,,,
acceptance credit,,,"[经] 承兑信用证, 承兑信货",,,,,0,0,,,
acceptance criteria,,,"[计] 接受判据, 接收准则",,,,,0,0,,,
acceptance domain,,,[计] 接受域,,,,,0,0,,,
acceptance fee,,,"[经] 认付费, 承兑手续费",,,,,0,0,,,
acceptance for carriage,,,[经] 承运,,,,,0,0,,,
acceptance for commission,,,[法] 承兑手续费,,,,,0,0,,,
acceptance for honour,,,"[经] 参加承兑, 担保承兑",,,,,0,0,,,
acceptance gage,,,[机] 验收量规,,,,,0,0,,,
acceptance gauge,,,[机] 验收量规,,,,,0,0,,,
acceptance house,,,[法] 承兑商号,,,,,0,0,,,
acceptance houses,,,[经] 承兑汇票(票据)银行,,,,,0,0,,,
acceptance in bank,,,"[法] 空白承兑, 不记名承兑",,,,,0,0,,,
acceptance in blank,,,"[经] 有空白待填写的票据, 待填金额的汇票",,,,,0,0,,,
acceptance in default,,,[法] 受领迟延,,,,,0,0,,,
acceptance inspection,,,[计] 验收检验\n[化] 接收检验,,,,,0,0,,,
acceptance invoice,,,[法] 承兑交单,,,,,0,0,,,
acceptance letter of credit,,,[经] 承兑信用证,,,,,0,0,,,
acceptance level,,,[化] 验收标准,,,,,0,0,,,
acceptance liability,,,[经] 承兑债务,,,,,0,0,,,
acceptance line,,,[经] (银行)承兑限额,,,,,0,0,,,
acceptance market,,,"[经] 票据市场, 贴现市场",,,,,0,0,,,
acceptance maturity record,,,[经] 承兑票据到期记录,,,,,0,0,,,
acceptance number,,,[机] 合格数,,,,,0,0,,,
acceptance object,,,[法] 标的之受领,,,,,0,0,,,
acceptance of a judgment,,,[法] 接受判决,,,,,0,0,,,
acceptance of abandonment,,,[法] 接受委付,,,,,0,0,,,
acceptance of appointment,,,"[法] 应聘, 应聘书",,,,,0,0,,,
acceptance of bill,,,[经] 承兑票据,,,,,0,0,,,
acceptance of bill of exchange,,,[经] 汇票的承兑,,,,,0,0,,,
acceptance of bribes,,,[法] 受贿,,,,,0,0,,,
acceptance of delivery,,,[法] 接受转让,,,,,0,0,,,
acceptance of materials,,,[化] 材料验收,,,,,0,0,,,
acceptance of offer,,,"[法] 承诺, 接受损赠",,,,,0,0,,,
acceptance of persons,,,"偏袒,讲人情",,,,,0,0,,,
acceptance of portest,,,"[法] 接受抗议书, 接受抗辩",,,,,0,0,,,
acceptance of punishment,,,[法] 接受处罚,,,,,0,0,,,
acceptance of risk,,,[经] 风险的承担,,,,,0,0,,,
acceptance of service,,,"[法] 接受送达, 接受传票",,,,,0,0,,,
acceptance of succession,,,[法] 接受继承,,,,,0,0,,,
acceptance of the bid,,,"[经] 中标, 得标",,,,,0,0,,,
acceptance of work,,,[化] 工程验收,,,,,0,0,,,
acceptance on security,,,[经] 担保承兑,,,,,0,0,,,
acceptance payable,,,[经] 应付承兑票据,,,,,0,0,,,
acceptance problem,,,[计] 接受问题,,,,,0,0,,,
acceptance qualified as to place,,,[经] 对于付款地点加以限制的承兑,,,,,0,0,,,
acceptance qualified as to time,,,[经] 对于付款时间加以限制的承兑,,,,,0,0,,,
acceptance quality level,,,[化] 允许质量指标,,,,,0,0,,,
acceptance rate,,,[经] 票据贴现率,,,,,0,0,,,
acceptance receivable,,,[经] 应收承兑票据,,,,,0,0,,,
acceptance region,,,[化] 接受域,,,,,0,0,,,
acceptance register,,,"[经] 承兑票据登记簿, 验收登记簿",,,,,0,0,,,
acceptance sampling,,,[化] 验收抽样; 验收取样\n[经] 验收抽样,,,,,0,0,,,
acceptance speech,,,总统候选人接受提名演讲,,,,,0,0,,,
acceptance standard,,,[化] 检验标准; 验收标准,,,,,0,0,,,
acceptance supra-protest,,,[经] 承付拒付票据,,,,,0,0,,,
acceptance test,,,[计] 接收试验,,,,,0,0,,,
acceptance testing,,,[化] 验收测试,,,,,0,0,,,
acceptance tolerance,,,[化] 验收公差,,,,,0,0,,,
acceptance value,,,[机] 验收价值,,,,,0,0,,,
acceptance-rejection standards,,,[化] 验收-拒收标准,,,,,0,0,,,
acceptances,əkˈseptənsiz,n. the mental attitude that something is believable and should be accepted as true\nn. the act of accepting with approval; favorable reception\nn. the state of being acceptable and accepted,n. 接受( acceptance的复数形式 ); 接纳; 无怨接受（逆境、困境等）; 赞成,,,,,0,0,0:acceptance/1:s,,
acceptancy,ək'septənsɪ,n. Acceptance.,n. 愿意(或乐意)接受；容易接受；迅速接受；接受；领受；收受；接纳,,,,,0,0,,,
acceptant,әk'septәnt,s accepting willingly,"a. 接受的, 愿接受的\nn. 接受者",,,,,0,0,,,
acceptation,.æksep'teiʃәn,n. acceptance as true or valid,"n. 词的通用意义, 赞同, 承认",,,,,0,0,,,
acceptation test,,,[计] 验收测试,,,,,0,0,,,
accepted,әk'septid,s. generally approved or compelling recognition,"a. 公认的, 一般承认的\n[经] 已承兑, 已认付",,4,,,5565,6728,0:accept/1:dp/d:accepted/p:accepted,,
accepted accounting principle,,,[经] 公认的会计原理,,,,,0,0,,,
accepted bill,,,"[经] 承兑票据, 承兑汇票",,,,,0,0,,,
accepted call signal,,,[计] 受话信号,,,,,0,0,,,
accepted cheque,,,[法] 保付支票,,,,,0,0,,,
accepted draft,,,[经] 已承兑的汇票,,,,,0,0,,,
accepted limit,,,[计] 允许极限,,,,,0,0,,,
accepted principle,,,[经] 公认的原理(原则),,,,,0,0,,,
accepted product,,,"[经] 合格产品, 合意的产品",,,,,0,0,,,
accepted sequence,,,[计] 接受序列,,,,,0,0,,,
accepted tolerance,,,[计] 接受容限,,,,,0,0,,,
acceptedly,,adv. In a accepted manner; admittedly.,adv. accepted的变形,,,,,0,0,,,
acceptee,'æksep'ti:,,n. 被接受的人,,,,,0,0,,,
accepter,әk'septә(r),n. A person who accepts; a taker.\nn. A respecter; a viewer with partiality.\nn. An acceptor.,"n. 领受人, 承兑人, 受体, 受主\n[经] 承兑人, 验收人",,,,,0,0,,,
accepter level,,,[机] 承兑标准,,,,,0,0,,,
acceptilatio,,,[经] 免除(债务),,,,,0,0,,,
acceptilation,әksepti'leiʃәn,n. Gratuitous discharge; a release from debt or\n   obligation without payment; free remission.,[律](苏格兰法律)正式解除债务,,,,,0,0,,,
accepting,әk'septiŋ,s. tolerating without protest,a. 易接受的；赞同的；[商业]承兑的,,,,,30213,0,0:accept/1:i/i:accepting,,
accepting bank,,,[经] 承兑银行,,,,,0,0,,,
accepting charge,,,[经] 承兑费,,,,,0,0,,,
accepting house,,,[经] 承兑银行,,,,,0,0,,,
accepting state,,,"[计] 接收状态, 接受状态",,,,,0,0,,,
accepting station,,,[计] 接收站,,,,,0,0,,,
acceptingly,,,adv. accepting的变形,,,,,0,0,,,
acception,,n. Acceptation; the received meaning.,n. 接受；领受,,,,,0,0,,,
acceptive,әk'septiv,a inclined to accept rather than reject\ns accepting willingly,"a. 易接纳的, 可领受的",,,,,0,0,,,
acceptor,әk'septә,n. (chemistry) in the formation of a coordinate bond it is the compound to which electrons are donated\nn. the person (or institution) who accepts a check or draft and becomes responsible for paying the party named in the draft when it matures,"n. 接受者, 承兑人, 接收器\n[化] 接纳体; 接受体; 受体; 受主; 被诱物",,,,,39998,38401,s:acceptors,,
acceptor atom,,,[化] 受主原子,,,,,0,0,,,
acceptor by intervention,,,[经] (票据的)参加承兑人,,,,,0,0,,,
acceptor centre,,,[化] 受主,,,,,0,0,,,
acceptor circuit,,,[电] 接受器电路,,,,,0,0,,,
acceptor density,,,"[计] 受主浓度, 受主密度",,,,,0,0,,,
acceptor for honor,,,[经] 参加承兑人,,,,,0,0,,,
acceptor impurity,,,[化] 受主,,,,,0,0,,,
acceptor material,,,[计] 受主物质,,,,,0,0,,,
acceptor RNA,,,un. 受体核糖核酸,,,,,0,0,,,
acceptor site,,,[机] 受体位置,,,,,0,0,,,
acceptor state,,,[化] 受主能级,,,,,0,0,,,
acceptor-donor complex,,,[化] 受体-给体配位化合物; 受体-给体式配位化合物,,,,,0,0,,,
acceptors,ək'septə,n. (chemistry) in the formation of a coordinate bond it is the compound to which electrons are donated\nn. the person (or institution) who accepts a check or draft and becomes responsible for paying the party named in the draft when it matures,n. [金融] 承兑人；接受者；接收器,,,,,0,0,0:acceptor/1:s,,
accepts,,"v consider or hold as true\nv receive willingly something given or offered\nv give an affirmative reply to; respond favorably to\nv react favorably to; consider right and proper\nv admit into a group or community\nv take on as one's own the expenses or debts of another person\nv tolerate or accommodate oneself to\nv be designed to hold or take\nv receive (a report) officially, as from a committee\nv make use of or accept for some purpose\nv be sexually responsive to, used of a female domesticated mammal",n. 合格品；良浆,,,,,0,0,0:accept/1:3,,
acceretion,",æksә'reʃәn",,"促进生长伐, 重度疏伐",,,,,0,0,,,
acces pernicieux,,,[医] 恶性发作,,,,,0,0,,,
accesory thyroid glands,,,[医] 副甲状腺,,,,,0,0,,,
access,'ækses,n. the right to obtain or make use of or take advantage of something (as services or membership)\nn. a way of entering or leaving\nn. a code (a series of characters or digits) that must be entered in some way (typed or dialed or spoken) to get the use of something (a telephone line or a computer or a local area network etc.)\nn. (computer science) the operation of reading or writing stored information,"n. 通路, 入口, 接近, 进入, 使用权, 发作\nvt. 访问, 存取, 接近, 使用\n[计] 访问, 存取",,3,1,gk cet4 cet6 ky toefl ielts gre,999,1113,d:accessed/i:accessing/3:accesses/s:accesses/p:accessed,,
access algorithm,,,[计] 存取算法,,,,,0,0,,,
access arm,,,[计] 存取臂; 磁头臂,,,,,0,0,,,
access attribute,,,[计] 存取属性,,,,,0,0,,,
access authority,,,[计] 访问权限,,,,,0,0,,,
access clerk,,,[法] 贵重物品保管处的保管员,,,,,0,0,,,
access code,ˈækses kəud,, 选[存]取码,,,,,0,0,,,
access constraint,,,[计] 存取约束,,,,,0,0,,,
access control,,,[计] 访问控制,,,,,0,0,,,
access Control Entry,,,[计] 访问控制项,,,,,0,0,,,
Access Control List,,,[计] 访问控制表,,,,,0,0,,,
access control lock,,,[计] 存取控制锁,,,,,0,0,,,
access course,ˈækses kɔː(r)s,,n. （为没有所需学历者而设的）高校入学补习课程,,,,,0,0,,,
access cycle,,,[计] 存取周期,,,,,0,0,,,
access door,,,[化] 检修门; 人孔盖,,,,,0,0,,,
access gap,,,[计] 存取间隙,,,,,0,0,,,
access hole,,,[计] 存取孔\n[化] 出入孔; 检查孔; 检查口; 检修孔; 检修口; 进入孔,,,,,0,0,,,
access level,,,[计] 存取级,,,,,0,0,,,
access line,,,[计] 存取线,,,,,0,0,,,
access mask,,,[计] 访问屏蔽,,,,,0,0,,,
access mechanism,,,[计] 存取机构,,,,,0,0,,,
access memory,,,[计] 访问存储器,,,,,0,0,,,
access method,,,[计] 访问方式,,,,,0,0,,,
access method routine,,,[计] 存取法程序,,,,,0,0,,,
access mode,,,[计] 存取方式,,,,,0,0,,,
access object,,,[计] 存取对象; 访问对象,,,,,0,0,,,
access operation,,,[计] 存取操作,,,,,0,0,,,
access path,,,[计] 存取路径,,,,,0,0,,,
access point,,,"[计] 线路入口点, 通路点",,,,,0,0,,,
access port,,,[化] 进入孔,,,,,0,0,,,
access privilege,,,"[计] 存取特许, 存取特权",,,,,0,0,,,
access program,,,本台自供节目,,,,,0,0,,,
access protocol,,,"[计] 访问协议, 访问规程",,,,,0,0,,,
access right,,,[计] 访问权利,,,,,0,0,,,
access road,,,"入境道路;支路,岔路",,,,,0,0,,,
access scan,,,[计] 取数扫描,,,,,0,0,,,
access server,,,[计] 访问服务器,,,,,0,0,,,
access service,,,[计] 访问服务,,,,,0,0,,,
access site,,,[计] 访问网点,,,,,0,0,,,
access specifier,,,[计] 存取说明符,,,,,0,0,,,
access stencil,,,[计] 存取模板,,,,,0,0,,,
access switch,,,[计] 访问开关,,,,,0,0,,,
access synchronization,,,[计] 存取同步化,,,,,0,0,,,
access time,,,"存取时间, 访问时间\n[计] 访问时间",,,,,0,0,,,
access time gap,,,[计] 存取时间间隙,,,,,0,0,,,
access to court,,,"[经] 向法院提起诉讼, 向法院起诉权利",,,,,0,0,,,
access to market,,,[法] 进入市场,,,,,0,0,,,
access to markets,,,"[经] 进入市场, 打入市场",,,,,0,0,,,
access to plant,,,[化] 进入装置,,,,,0,0,,,
access to the sea,,,"[法] 通往海洋, 出入海洋",,,,,0,0,,,
access type,,,[计] 存取类型; 访问类型,,,,,0,0,,,
access value,,,[计] 存取值; 访问值,,,,,0,0,,,
access violation,,,[计] 访问违例; 访问破坏,,,,,0,0,,,
access(ing) opening,,,[化] 检修孔; 检修口,,,,,0,0,,,
access-control register,,,[电] 存取控制寄存器,,,,,0,0,,,
access-control words,,,[电] 存取控制字,,,,,0,0,,,
accessaries,,pl.  of Accessary,"n. 辅件, 配件（accessary的复数）",,,,,0,0,,,
accessarily,,adv. In the manner of an accessary.,adv. accessary的变形,,,,,0,0,,,
accessariness,,n. The state of being accessary.,n. accessary的变形,,,,,0,0,,,
accessary,әk'sesәri,s. aiding and abetting in a crime,"a. 附属的, 附带的, 从犯的\nn. 附件, 同谋, 从犯",,,,cet6,0,0,,,
accessed,,v obtain or retrieve from a storage device; as of information on a computer\nv reach or gain access to,"vt. 接近, 进入（access的过去式与过去分词形式）",,,,,0,0,0:access/1:dp,,
accesseries,,,[机] 附件,,,,,0,0,,,
accesses,ˈæksesiz,n the right to enter\nn the right to obtain or make use of or take advantage of something (as services or membership)\nn a way of entering or leaving\nn a code (a series of characters or digits) that must be entered in some way (typed or dialed or spoken) to get the use of something (a telephone line or a computer or a local area network etc.)\nn (computer science) the operation of reading or writing stored information\nn the act of approaching or entering\nv obtain or retrieve from a storage device; as of information on a computer\nv reach or gain access to,n. 接近( access的名词复数 ); 增加; （感情等的）突发; 入口,,,,,0,0,0:access/1:3s,,
accessibilities,,plural of accessibility\nn the quality of being at hand when needed\nn the attribute of being easy to meet or deal with,"(accessibility 的复数) n. 易接近, 可进入\n[化] 可及性; 可达性; 可接近性; 吸湿性",,,,,0,0,0:accessibility/1:s,,
accessibility,әk.sesә'biliti,n the quality of being at hand when needed\nn the attribute of being easy to meet or deal with,"n. 易接近, 可进入\n[化] 可及性; 可达性; 可接近性; 吸湿性",,,,toefl,12242,10407,s:accessibilities,,
accessibility matrix,,,[计] 可达性矩阵,,,,,0,0,,,
accessible,әk'sesәbl,a. capable of being reached\ns. capable of being read with comprehension\ns. easily obtained\ns. easy to get along with or talk to; friendly,"a. 易接近的, 可进入的, 可使用的, 易受影响的, 可理解的",,2,,gk cet6 toefl ielts gre,4162,4377,,,
accessible address space,,,[计] 可存取地址空间,,,,,0,0,,,
accessible state,,,[计] 可达状态,,,,,0,0,,,
accessible stationary point,,,[计] 可达逗留点,,,,,0,0,,,
accessibleness,,,n. accessible的变形,,,,,0,0,,,
accessibly,әk'sesәbli,adv. In an accessible manner.,"adv. 可接近地, 可亲地, 通达情理地",,,,,0,0,,,
accessiflexor,,,[医] 副屈肌,,,,,0,0,,,
accessing,,v obtain or retrieve from a storage device; as of information on a computer\nv reach or gain access to,[计] 访问,,,,,0,0,0:access/1:i/i:accessing,,
accessing operation,,,"[计] 存取操作, 访问操作",,,,,0,0,,,
accessio credit principali,,,[经] 附属物属于主物,,,,,0,0,,,
accession,æk'seʃәn,n. a process of increasing by addition (as to a collection or group)\nn. (civil law) the right to all of that which your property produces whether by growth or improvement\nn. something added to what you already have,"n. 到达, 即位, 增加, 同意, 发作, 正式接受\nvt. 登记入册",,,,,8166,16248,s:accessions/d:accessioned/p:accessioned/i:accessioning/3:accessions,,
accession claim,,,[法] 附属要求,,,,,0,0,,,
accession contract,,,"[法] 从契约, 附属契约",,,,,0,0,,,
accession debtor,,,[法] 从属债务人,,,,,0,0,,,
accession law,,,[法] 辅助性的法律,,,,,0,0,,,
accession obligation,,,"[法] 从义务, 从债",,,,,0,0,,,
accession of property,,,"[法] 财产的继承, 财产的增加",,,,,0,0,,,
accession of sovereign,,,[法] 王位的继承,,,,,0,0,,,
accession of territory,,,[法] 领土的扩张,,,,,0,0,,,
accession of wealth,,,[法] 财富的增加,,,,,0,0,,,
accession offender,,,[法] 从犯,,,,,0,0,,,
accession punishment,,,"[法] 从刑, 附加刑",,,,,0,0,,,
accession right,,,[法] 从权利,,,,,0,0,,,
accession risk,,,"[法] 事故保险, 意外保险, 附加险",,,,,0,0,,,
accession tax,,,[经] 财产所得税,,,,,0,0,,,
accession things,,,[法] 从物,,,,,0,0,,,
accession to a treaty,,,"[法] 加入同盟, 加入条约",,,,,0,0,,,
accession to an estate,,,[法] 继承产业,,,,,0,0,,,
accession to sovereignty,,,[法] 成为主权国家,,,,,0,0,,,
accession trust,,,[法] 从属信托,,,,,0,0,,,
accessional,æk'seʃənәl,a of or constituting an accession,"a. 附加的, 另外的",,,,,0,0,,,
accessional teeth,,,[医] 恒磨牙,,,,,0,0,,,
accessioned,ək'seʃ(ə)n,"v. make a record of additions to a collection, such as a library",n. 增加；就职；到达\nvt. 登记入册,,,,,0,0,0:accession/1:dp,,
accessioning,ək'seʃ(ə)n,"v. make a record of additions to a collection, such as a library",n. 增加；就职；到达\nvt. 登记入册,,,,,0,0,0:accession/1:i,,
accessions,ækˈseʃənz,"n a process of increasing by addition (as to a collection or group)\nn (civil law) the right to all of that which your property produces whether by growth or improvement\nn something added to what you already have\nn agreeing with or consenting to (often unwillingly)\nn the right to enter\nn the act of attaining or gaining access to a new office or right or position (especially the throne)\nv make a record of additions to a collection, such as a library",n. 增加( accession的名词复数 ); 就职; 增加物; （对同盟、国际条约等的）正式加入,,,,,0,0,1:s3/0:accession,,
accessiqle,,,易接近的,,,,,0,0,,,
accessit,æk'sesit,,n. (英国及法国学校中颁给学生的)二等奖(状),,,,,0,0,,,
accessment,əˈsesmənt,,n. 通路\n[网络] 评估；组织执行力；接近,,,,,0,0,,,
accessor,,,[计] 存取器,,,,,0,0,,,
accessorial,.æksә'sɒ:riәl,s. nonessential but helpful,"a. 附属的, 增加的",,,,,0,0,,,
accessorial service,,,[经] 附加服务,,,,,0,0,,,
accessorially,æksәˊsɒːriәli,,adv. 补助地;从犯地,,,,,0,0,,,
accessories,,"n clothing that is worn or carried, but not part of your main clothing\nn a supplementary component that improves capability\nn someone who helps another person commit a crime",n. 辅助程序；[计]附件（accessory的复数形式）,,,,,0,0,0:accessory/1:s,,
accessories clause,,,[经] 附件条款,,,,,0,0,,,
accessories of a product,,,[经] 产品附件,,,,,0,0,,,
accessorily,әk'sesәrili,adv. In the manner of an accessory; auxiliary.,"adv. 附从地, 附属地",,,,,0,0,,,
accessoriness,,"n. The state of being accessory, or connected\n   subordinately.",n. 配件；附件；从犯 (accessory的变形),,,,,0,0,,,
accessorise,ək'sesəraiz,,vt. [主英国英语] =accessorize,,,,,0,0,i:accessorising/p:accessorised,,
accessorised,,past participle of accessorise,(accessorise 的过去分词) vt. [主英国英语] =accessorize,,,,,0,0,0:accessorise/1:p/d:accessorised,,
accessoriser,ək'sesəraiz,,vt. [主英国英语] =accessorize,,,,,0,0,s:accessorisers,,
accessorisers,,plural of accessoriser,(accessoriser 的复数) vt. [主英国英语] =accessorize,,,,,0,0,0:accessoriser/1:s,,
accessorising,,-ing form of accessorise,(accessorise 的现在分词) vt. [主英国英语] =accessorize,,,,,0,0,0:accessorise/1:i,,
accessorius,",æksi'sɔ:riәs",,"n. [解]副神经,副肌,副腺",,,,,0,0,,,
accessorius willisii,,,[医] 副神经,,,,,0,0,,,
accessorize,әk'sesәraiz,,"vt. 附加, 补充\nvi. 穿戴装饰品",,,,,0,25596,d:accessorized,,
accessorized,,past participle of accessorize,"(accessorize 的过去分词) vt. 附加, 补充\nvi. 穿戴装饰品",,,,,0,0,0:accessorize/1:d,,
accessorizes,ək'sesəraɪz,,vi. 穿戴装饰品\nvt. 装饰；补充,,,,,0,0,,,
accessorizing,ək'sesəraɪz,,vi. 穿戴装饰品\nvt. 装饰；补充,,,,,0,0,,,
accessorone,,,[医] 阿西沙隆(维生素与铁血红素制剂),,,,,0,0,,,
accessory,әk'sesәri,"n. clothing that is worn or carried, but not part of your main clothing\nn. a supplementary component that improves capability\nn. someone who helps another person commit a crime\ns. furnishing added support","n. 附件, 零件, 附加物, 从犯, 同谋\na. 附属的, 补充的, 同谋的, 帮凶的, 非主要的, 副的\n[计] 附件",,2,,cet4 cet6 ky toefl ielts gre,7048,6429,s:accessories,,
accessory act,,,"[法] 从犯行为, 从行为",,,,,0,0,,,
accessory adrenal,,,[医] 副肾上腺,,,,,0,0,,,
accessory after the fact,,,[法] 事后从犯,,,,,0,0,,,
accessory agent,,,[机] 附件,,,,,0,0,,,
accessory auditory nucleus,,,[医] 听神经副核,,,,,0,0,,,
accessory auricles,,,[医] 副耳(位于胚的鳃裂),,,,,0,0,,,
accessory before the fact,,,[法] 事前从犯,,,,,0,0,,,
accessory body,,,[医] 副体(精子),,,,,0,0,,,
accessory boiler,,,[机] 锅炉补助设备,,,,,0,0,,,
accessory bone,,,[医] 附骨(偶见邻接跗或腕骨的小骨),,,,,0,0,,,
accessory canaliculi,,,[医] 副小管,,,,,0,0,,,
accessory cartilages of nose,,,"[医] 鼻副软骨, 鼻籽状软骨",,,,,0,0,,,
accessory case,,,[化] 附件箱,,,,,0,0,,,
accessory cephalic vein,ækˈsesəri səˈfælɪk vein,, 副头静脉,,,,,0,0,,,
accessory channel,,,[计] 辅助通道,,,,,0,0,,,
accessory charactor,,,"[法] 从属性质, 从属人物",,,,,0,0,,,
accessory charges,,,"[法] 额外费用, 附加指控",,,,,0,0,,,
accessory chromosome,,,"[医] 副染色体, 性染色体",,,,,0,0,,,
accessory circuit,,,[计] 辅助电路,,,,,0,0,,,
accessory cleavage,,,[医] 副裂,,,,,0,0,,,
accessory condition,,,[计] 配连条件,,,,,0,0,,,
accessory cramp,,,[医] 副神经性(痉挛性)斜颈,,,,,0,0,,,
accessory during the fact,,,"[法] 作案时的从犯, 在场从犯",,,,,0,0,,,
accessory engineering design,,,[化] 配套工程设计,,,,,0,0,,,
accessory equipment,,,[计] 辅助设备\n[经] 附属设备,,,,,0,0,,,
accessory factor,,,"[医] 附属要素, 食物附加要素(如维生素等)",,,,,0,0,,,
accessory fibers,,,[医] 副纤维,,,,,0,0,,,
accessory food factor,,,[机] 补助(食料)因素,,,,,0,0,,,
accessory food substance,,,"[医] 辅助食物因素, 维生素",,,,,0,0,,,
accessory foramen,,,[医] 副根管孔(牙根表面副根管的开口),,,,,0,0,,,
accessory fruit,ækˈsesəri fru:t,," 附果, 假果",,,,,0,0,,,
accessory funnel,,,[医] 副苗勒氏漏斗,,,,,0,0,,,
accessory ganglion,,,[医] 中间神经节,,,,,0,0,,,
accessory gland,,,[医] 副腺,,,,,0,0,,,
accessory goiter,,,[医] 甲状旁腺肿,,,,,0,0,,,
accessory hemiazygos vein,,, 副半奇静脉,,,,,0,0,,,
accessory hemiazygous vein,,, [医]副半奇静脉,,,,,0,0,,,
accessory ingredient,,,[化] 配合剂; 助剂,,,,,0,0,,,
accessory lacrimal gland,,,[医] 副泪腺,,,,,0,0,,,
accessory ligament,,,[医] 副韧带,,,,,0,0,,,
accessory lobe,,,"[医] 副叶, 副腮腺",,,,,0,0,,,
accessory mamma,,,[医] 额外乳房,,,,,0,0,,,
accessory material,,,[化] 辅助材料,,,,,0,0,,,
accessory minerals,,,[机] 副矿物,,,,,0,0,,,
accessory muscle,,,[医] 副肌,,,,,0,0,,,
accessory nerve,ækˈsesəri nə:v,, 副神经,,,,,0,0,,,
accessory olive,,,[医] 副橄榄体,,,,,0,0,,,
accessory palatine canal,,,[医] 副腭管,,,,,0,0,,,
accessory parabiotic action,,,[医] 间生态副作用,,,,,0,0,,,
accessory parotid glands,,,[医] 副腮腺,,,,,0,0,,,
accessory path,,,"[计] 存取路径, 访问路径",,,,,0,0,,,
accessory phrenic nerve,,,[医] 副膈神经,,,,,0,0,,,
accessory pigment,,,[化] 辅色素; 辅助色素,,,,,0,0,,,
accessory placenta,,,[医] 副胎盘,,,,,0,0,,,
accessory plexus,,,[医] 副丛,,,,,0,0,,,
accessory pocket,,,"[医] 袋, 囊",,,,,0,0,,,
accessory posterior palatine canal,,,[医] 后副腭管,,,,,0,0,,,
accessory power supply,,,[化] 辅助电源,,,,,0,0,,,
accessory process,,,[医] 附属过程(原肠形成),,,,,0,0,,,
accessory quadrate cartilage,,,[医] 小翼软骨,,,,,0,0,,,
accessory risk,,,[经] 附加险,,,,,0,0,,,
accessory root,,,[医] 副根,,,,,0,0,,,
accessory root canal,,,[医] 副根管,,,,,0,0,,,
accessory sign,,,[医] 副征,,,,,0,0,,,
accessory sinnses of nose,,,"[医] 鼻旁窦, 鼻窦",,,,,0,0,,,
accessory spleen,,,[医] 副脾,,,,,0,0,,,
accessory structure,,,[化] 附属结构\n[经] 附属结构,,,,,0,0,,,
accessory substance,,,[经] 副产物,,,,,0,0,,,
accessory substances,,,[机] 副产物,,,,,0,0,,,
accessory teeth,,,[医] 副牙,,,,,0,0,,,
accessory terminal,,,[计] 辅助终端,,,,,0,0,,,
accessory thymus,,,[医] 副胸腺,,,,,0,0,,,
accessory thyroid,,,[医] 副甲状腺,,,,,0,0,,,
accessory to a crime,,,"[法] 帮凶, 从犯, 同谋犯",,,,,0,0,,,
accessory to adultery,,,[法] 唆使配偶一方通奸者,,,,,0,0,,,
accessory vasomotar center,,,[医] 附属血管舒缩中枢,,,,,0,0,,,
accessory vertebral vein,ækˈsesəri ˈvə:tibrəl vein,, 副椎静脉,,,,,0,0,,,
accessory word,,,"[计] 助词, 附属词",,,,,0,0,,,
accessory yolk,,,[医] 副卵黄,,,,,0,0,,,
accessway,"'ækses,wei",,n. (通往公园、海滨等的)道路，路径,,,,,0,0,,,
acchan,,,abbr. Allied Command Channel 盟军指挥系统（北约）,,,,,0,0,,,
Accho,,,[网络] 亚柯；亚甲,,,,,0,0,,,
ACCI,,,[医] 阳极通电阵挛,,,,,0,0,,,
acciaccatura,"ɑ:,tʃɑ:kɑ:'tjәrә",n an embellishing note usually written in smaller size,n. <意>[音]短倚音,,,,,0,0,,,
accidence,'æksidәns,n the part of grammar that deals with the inflections of words,"n. 词态变化, 词法, 初步, 入门",,,,,0,0,,,
accidens,'æksɪdnz,, [拉]偶然事故，事变,,,,,0,0,,,
accident,'æksidәnt,n. an unfortunate mishap; especially one causing damage or injury\nn. anything that happens suddenly or by chance without an apparent cause,"n. 意外事件, 机遇, 事故, 次要方面\n[化] 意外事故; 事故",,3,1,zk gk cet4 ky toefl,1187,1707,s:accidents,,
accident at sea,,,"[法] 海上事故, 海难",,,,,0,0,,,
accident beyond control,,,[经] 不可抗拒的灾害,,,,,0,0,,,
accident boat,,,[法] 救生艇,,,,,0,0,,,
accident book,,,[经] 事故记录册,,,,,0,0,,,
accident case,,,[法] 意外事故案件,,,,,0,0,,,
accident collision,,,[法] 意外碰撞,,,,,0,0,,,
accident compensation,,,[法] 意外事故损害赔偿,,,,,0,0,,,
accident cost,,,[经] 事故费用,,,,,0,0,,,
accident damage,,,[经] 意外损坏,,,,,0,0,,,
accident death,,,[法] 意外死亡,,,,,0,0,,,
accident death insurance,,,[经] 意外死亡险,,,,,0,0,,,
accident due to negligence,,,[化] 责任事故,,,,,0,0,,,
accident enquiry,,,[法] 事故调查,,,,,0,0,,,
accident error,,,"[经] 偶然误差, 意外误差, 事故误差",,,,,0,0,,,
accident frequency,,,[经] 意外事故频率,,,,,0,0,,,
accident fund,,,[经] 意外事故准备金,,,,,0,0,,,
accident in loading,,,[经] 装货中的意外事故,,,,,0,0,,,
accident insurance,,,人身意外伤害保险\n[医] 意外伤害保险,,,,,0,0,,,
accident leave,,,[法] 意外事故放假,,,,,0,0,,,
accident maintenance,,,[化] 事故检修; 事故维修,,,,,0,0,,,
accident management system,,,[化] 事故管理系统,,,,,0,0,,,
accident medical reimbursement insurance,,,[法] 意外事故医疗费保险,,,,,0,0,,,
accident neurosis,,,"[医] 灾害性神经机能病, 事故性神经机能病",,,,,0,0,,,
accident policy,,,[法] 意外险保险单,,,,,0,0,,,
accident prevention,,,"[化] 事故预防; 事故预防措施\n[经] 事故预防, 安全措施",,,,,0,0,,,
accident prevention instruction,,,[化] 技术安全规程,,,,,0,0,,,
accident prevention regulations,,,[机] 意外防止条例,,,,,0,0,,,
accident protection,,,[化] 事故防护,,,,,0,0,,,
accident rate,,,[医] 意外伤害率,,,,,0,0,,,
accident records,,,"[法] 意外事故记录, 意外事故档案",,,,,0,0,,,
accident report,,,[机] 意外事故报告,,,,,0,0,,,
accident signaling system,,,[机] 意外号志系统,,,,,0,0,,,
accident surgery,,,[网络] 事故外科,,,,,0,0,,,
accident survey,,,[化] 事故调查; 事故鉴定,,,,,0,0,,,
accident ward,,,[医] 急诊病室,,,,,0,0,,,
accident-free,,,无事故的,,,,,0,0,,,
accident-prone,'æksidәntprәjn,s. having more than the average number of accidents,a. 易出事故的,,,,,0,0,,,
accident-proneness,,,n. 易出事故,,,,,0,0,,,
accidental,.æksi'dentl,n. a musical notation that makes a note sharp or flat or natural although that is not part of the key signature\ns. happening by chance or unexpectedly or unintentionally,"a. 意外的, 偶然的, 非主要的, 附属的\nn. 临时记号, 次要方面",,2,1,cet4 cet6 ky toefl,6917,7485,s:accidentals,,
accidental abortion,,,[医] 意外流产,,,,,0,0,,,
accidental accentuated,,,[医] 偶发性杂音,,,,,0,0,,,
accidental albuminuria,,,[医] 偶发性蛋白尿,,,,,0,0,,,
accidental amputation,,,"[医] 意外切断, 偶然切断",,,,,0,0,,,
accidental bursa,,,"[医] 磨擦囊, 偶发性粘液囊",,,,,0,0,,,
accidental cause,,,[法] 不能预见的结果,,,,,0,0,,,
accidental collision,,,[经] 意外碰撞,,,,,0,0,,,
accidental cost,,,[经] 意外的成本,,,,,0,0,,,
accidental criminal,,,[法] 过失刑事犯,,,,,0,0,,,
accidental damage,,,[经] 意外损坏,,,,,0,0,,,
accidental death,,,"[医] 事故死, 不测死",,,,,0,0,,,
accidental death insurance,,,[经] 意外死亡福利,,,,,0,0,,,
accidental destruction,,,"[法] 意外毁损, 事故毁损",,,,,0,0,,,
accidental error,,,[计] 偶然性错误\n[化] 偶然误差,,,,,0,0,,,
accidental fluctuation,,,"[经] 无规则波动, 偶然变动",,,,,0,0,,,
accidental force,,,[法] 不可抗力,,,,,0,0,,,
accidental hemorrhage,,,[医] 意外出血(如正常位置胎盘分娩时的大量出血),,,,,0,0,,,
accidental image,,,"[医] 意外像, 后像",,,,,0,0,,,
accidental injury,,,[法] 意外伤害过失伤害,,,,,0,0,,,
accidental killing,,,"[法] 意外杀害, 过失致人于死",,,,,0,0,,,
accidental losses,,,[经] 意外损失,,,,,0,0,,,
accidental means,,,[经] 意外原因,,,,,0,0,,,
accidental membranae,,,[医] 假膜,,,,,0,0,,,
accidental obstacle,,,[法] 意外障碍,,,,,0,0,,,
accidental omicide,,,"[法] 意外杀人, 过失致人于死",,,,,0,0,,,
accidental omission,,,"[法] 偶然疏忽, 意外遗漏",,,,,0,0,,,
accidental parasite,,,[医] 偶然寄生物,,,,,0,0,,,
accidental slip,,,[法] 过失,,,,,0,0,,,
accidental symptom,,,[医] 偶发症状,,,,,0,0,,,
accidental tissue,,,[医] 偶发组织,,,,,0,0,,,
accidental trauma,,,[法] 意外伤,,,,,0,0,,,
accidental work injury,,,[法] 工作意外伤害,,,,,0,0,,,
accidental wound,,,[法] 意外伤,,,,,0,0,,,
accidental-death,,,意外死亡；非正常死亡,,,,,0,0,,,
accidentalism,",æksi'dentәlizm",n. Accidental character or effect.,"n. 偶然, 无意",,,,,0,0,,,
accidentalist,æksɪ'dentəlɪst,,n. 偶然论者\na. 偶然论的,,,,,0,0,s:accidentalists,,
accidentalists,,plural of accidentalist,(accidentalist 的复数) n. 偶然论者\na. 偶然论的,,,,,0,0,0:accidentalist/1:s,,
accidentally,.æksi'dentli,r without advance planning\nr of a minor or subordinate nature\nr without intention; in an unintentional manner,"adv. 偶然地, 意外地",,,1,toefl,8425,7057,,,
accidentally-on-purpose,,,故作意外地\n爱非偶然（剧名，Accidentally On Purpose）\n故意,,,,,0,0,,,
accidentalness,,n. The quality of being accidental; casualness.,n. accidental的变形,,,,,0,0,,,
accidentals,,plural of accidental\nn. a musical notation that makes a note sharp or flat or natural although that is not part of the key signature\ns. happening by chance or unexpectedly or unintentionally,"(accidental 的复数) a. 意外的, 偶然的, 非主要的, 附属的\nn. 临时记号, 次要方面",,,,,0,0,0:accidental/1:s,,
accidented,'æksidentid,,a. 凹凸不平坦的,,,,,0,0,,,
accidentia,,,[法] 偶然因素,,,,,0,0,,,
accidently,.æksi'dentli,,adv. 偶然地；意外地,,,,,38505,0,,,
accidents,,n an unfortunate mishap; especially one causing damage or injury\nn anything that happens suddenly or by chance without an apparent cause,n. 意外事故；事故（accident的复数）,,,,ielts,0,0,0:accident/1:s,,
Accidents will happen in the best regulated famil,,,"pr. 家规再严,丑事难免",,,,,0,0,,,
accidie,'æksidi,n. Sloth; torpor.,"n. 倦怠, 漠然",,,,,0,0,,,
accio,,,n. (Accio)人名；(法)阿乔,,,,,0,0,,,
accion,,,abbr. Americans for Community Cooperation in Other Nations 美国在外的社区合作,,,,,0,0,,,
accipiter,æk'sipitә,n. type genus of the family Accipitridae,"n. 鹰属禽鸟, 猛禽\n[医] 鹰爪带",,,,,0,0,0:accipite/1:r,,
Accipiter cooperii,,,[网络] 鸡鹰；库柏鹰；库氏鹰,,,,,0,0,,,
Accipiter gentilis,,,[网络] 苍鹰；派特,,,,,0,0,,,
Accipiter nisus,,,[网络] 雀鹰；北雀鹰；苍鹰雀鹰,,,,,0,0,,,
accipiters,æk'sipitə,pl.  of Accipiter,n. 猛禽；鹰类,,,,,0,0,,,
accipitoiliac,,,"[医] 枕髂位, 枕后位(胎位)",,,,,0,0,,,
accipitral,æk'sipitrәl,"n. Pertaining to, or of the nature of, a falcon or hawk;\n   hawklike.","a. 鹰的, 鹰似的",,,,,0,0,,,
accipitrid,æk'sipitrid,,鹰科鸟,,,,,0,0,,,
Accipitridae,,n. hawks; Old World vultures; kites; harriers; eagles,鹰科,,,,,0,0,,,
Accipitriformes,,,[网络] 鹰形目；鹰隼目；隼形目,,,,,0,0,,,
accipitrine,æk'sipitrain; -trin,a. Like or belonging to the Accipitres; raptorial;\n   hawklike.,【鸟类】\na. 鹰的;鹰科 (Accipitridae)禽鸟的；鹰状的\nn. 鹰属 (Accipiter)禽鸟,,,,,0,0,,,
ACCIS,,,[计] 公司往来帐户信息系统,,,,,0,0,,,
accite,æk'sait,v. t. To cite; to summon.,"vt. 引用, 引述：；召集；召唤",,,,,0,0,,,
Accladium,,,[医] 皮疡霉菌属,,,,,0,0,,,
acclaim,ә'kleim,n. enthusiastic approval\nv. praise vociferously,"n. 喝彩, 欢呼, 赞同\nv. 欢呼, 喝彩, 称赞",,2,,ky toefl ielts gre,11847,12422,d:acclaimed/p:acclaimed/i:acclaiming/s:acclaims/3:acclaims,,
acclaimed,ə'kleɪmd,v praise vociferously\nv clap one's hands or shout after performances to indicate approval,v. 欢呼（acclaim的过去式及过去分词）\na. 受到赞扬的,,,,toefl,16388,11493,0:acclaim/1:dp/d:acclaimed/p:acclaimed,,
acclaimer,,n. One who acclaims.,n. acclaim的变形,,,,,0,0,,,
acclaiming,əˈkleimɪŋ,v praise vociferously\nv clap one's hands or shout after performances to indicate approval,v. 向…欢呼( acclaim的现在分词 ); 向…喝彩; 称赞…; 欢呼或拥戴（某人）为…,,,,,0,0,0:acclaim/1:i,,
acclaims,əˈkleimz,n enthusiastic approval\nv praise vociferously\nv clap one's hands or shout after performances to indicate approval,v. 向…欢呼( acclaim的第三人称单数 ); 向…喝彩; 称赞…; 欢呼或拥戴（某人）为…,,,,,0,0,0:acclaim/1:s3,,
acclamation,.æklә'meiʃәn,n enthusiastic approval,"n. 欢呼, 称赞, 喝彩",,,,,24936,31381,s:acclamations,,
acclamations,,plural of acclamation\nn enthusiastic approval,"(acclamation 的复数) n. 欢呼, 称赞, 喝彩",,,,,0,0,0:acclamation/1:s,,
acclamatory,ә'klæmәtәri,"a. Pertaining to, or expressing approval by, acclamation.","a. 欢呼的, 喝彩的",,,,,0,0,,,
accleerometer,,,[机] 加速度计,,,,,0,0,,,
acclimatable,,a. Capable of being acclimated.,a. acclimate的变形,,,,,0,0,,,
acclimatation,,n. Acclimatization.,"[医] 服水土, 水土适应, 气候适应",,,,,0,0,,,
acclimate,ә'klaimit,v get used to a certain climate,"vt. 使适应, 使服水土\nvi. 服水土, 适应新环境",,,,gre,0,21471,p:acclimated/i:acclimating/3:acclimates/d:acclimated,,
acclimated,'æklɪmeɪt; ə'klaɪmət,imp. & p. p. of Acclimate,vi. 服水土；适应新环境\nvt. 使适应；使服水土,,,,,0,0,0:acclimate/1:p,,
acclimated microorganism,,,[化] 驯化微生物,,,,,0,0,,,
acclimatement,,n. Acclimation.,"驯化；服水土, 适应新环境",,,,,0,0,,,
acclimates,əˈklaimits,v get used to a certain climate,"v. 使适应新环境, 使服水土服水土, 适应( acclimate的第三人称单数 )",,,,,0,0,,,
acclimating,'æklɪmeɪt; ə'klaɪmət,p. pr. & vb. n. of Acclimate,vi. 服水土；适应新环境\nvt. 使适应；使服水土,,,,,0,0,,,
acclimation,.æklai'meiʃәn,n adaptation to a new climate (a new temperature or altitude or environment),"n. 服水土, 顺应, 适应环境\n[化] 驯化",,,,,0,37457,s:acclimations,,
acclimation fever,,,[医] 水土热,,,,,0,0,,,
acclimation sludge,,,[化] 驯化污泥,,,,,0,0,,,
acclimations,,plural of acclimation\nn adaptation to a new climate (a new temperature or altitude or environment),"(acclimation 的复数) n. 服水土, 顺应, 适应环境\n[化] 驯化",,,,,0,0,0:acclimation/1:s,,
acclimatisation,"ə,klaimətai'zeiʃən, -ti'z-",n adaptation to a new climate (a new temperature or altitude or environment),n. 适应性；服水土,,,,,42076,0,,,
acclimatise,ә'klaimәtaiz,v get used to a certain climate,v. <主英>=acclimatize,,,,,22466,0,d:acclimatised/i:acclimatising/p:acclimatised,,
acclimatised,,past participle of acclimatise\nv get used to a certain climate,(acclimatise 的过去分词) v.<主英>=acclimatize,,,,,0,0,0:acclimatise/1:dp/d:acclimatised/p:acclimatised,,
acclimatises,,v. get used to a certain climate,"vt. 使适应新环境, 使服水土\nvi. 服水土",,,,,0,0,1:3/0:acclimatize,,
acclimatising,,-ing form of acclimatise\nv get used to a certain climate,(acclimatise 的现在分词) v.<主英>=acclimatize,,,,,0,0,0:acclimatise/1:i,,
acclimatizable,,a. Capable of being acclimatized.,a. acclimatize的变形,,,,,0,0,,,
acclimatization,"ә,klaimәtai'zeiʃәn",n. adaptation to a new climate (a new temperature or altitude or environment),"n. 服水土, 顺应, 适应环境\n[化] 驯化; 驯化作用; 适量沉淀",,,,,49229,37765,,,
acclimatize,ә'klaimәtaiz,v. get used to a certain climate,"vt. 使适应新环境, 使服水土\nvi. 服水土",,,,,35697,35160,d:acclimatized/p:acclimatized/i:acclimatizing/3:acclimatises,,
acclimatize oneself to,,,v. 适应,,,,,0,0,,,
acclimatized,ə'klaimətaiz,v get used to a certain climate,"vt. 使适应新环境, 使服水土",,,,,0,46360,0:acclimatize/1:dp/d:acclimatized,,
acclimatizer,,,n. acclimatize的变形,,,,,0,0,,,
acclimatizes,əˈklaɪməˌtaɪziz,v. get used to a certain climate,"v. （使）服水土, （使）适应新气候或环境( acclimatize的第三人称单数 )",,,,,0,0,,,
acclimatizing,ə'klaimətaiz,p. pr. & vb. n. of Acclimatize,"vt. 使适应新环境, 使服水土",,,,,0,0,0:acclimatize/1:i,,
acclimator,,,[网络] 适应环境,,,,,0,0,,,
acclive,ә'kliv,a. Acclivous.,"倾斜的, 有坡度的",,,,,0,0,,,
acclivities,ə'klɪvɪtɪ,pl.  of Acclivity,n. 向上的斜坡；[建] 上斜,,,,,0,0,,,
acclivitous,ә'klivitәs,s. sloping upward,a. 上斜的,,,,,0,0,,,
acclivity,ә'kliviti,n an upward slope or grade (as in a road),n. 上坡,,,,,0,0,,,
acclivous,ә'klaivәs,a. Sloping upward; rising as a hillside; -- opposed to\n   declivous.,"a. 倾斜的, 向上斜的",,,,,0,0,,,
ACCNT,,,"[计] 会计, 记帐",,,,,0,0,,,
acco,,,n. 藤野由佳（日本女名）；亚柯（以色列北部城镇）,,,,,0,0,,,
accola,,, [人名] 阿科拉,,,,,0,0,,,
accolade,.ækәu'leid,n a tangible symbol signifying approval or distinction,"n. 荣誉, 赞美, 骑士爵位的授予礼, 连谱号",,1,,gre,14556,15220,s:accolades,,
accolades,ˈækəˌleɪdz,n. a tangible symbol signifying approval or distinction,n. <音>（连结几行谱表的）连谱号( accolade的复数形式 ); 嘉奖; <建>（窗、门上方的）桃尖拱形线脚; 册封爵士的仪式（用剑面在肩上轻拍一下）,,,,,0,0,0:accolade/1:s,,
accole,,,"[医] 依附型, 依附体(恶性疟原虫早期)",,,,,0,0,,,
accole form,,,"[医] 依附型, 依附体(恶性疟原虫早期)",,,,,0,0,,,
Accoloy,ækә'lɔi,,镍铬铁耐热合金,,,,,0,0,,,
accom,,,abbr. 住宿（accommodation）,,,,,0,0,,,
accom-plished,ə'kʌmplɪʃt; ə'kɒm-,,adj. 完成的；熟练的，有技巧的；有修养的；有学问的,,,,,0,0,,,
accommodable,ə'kɔmədəbəl,"a. That may be accommodated, fitted, or made to agree.",a. 可适应的；可适合的,,,,,0,0,,,
accommodatable,,,[网络] 可容纳,,,,,0,0,,,
accommodate,ә'kɒmәdeit,v. provide with something desired or needed\nv. have room for; hold without crowding\nv. make (one thing) compatible with (another),"vt. 使适应, 调和, 通融, 容纳, 向...提供\nvi. 适应",,2,,cet4 cet6 ky toefl ielts gre,3404,3717,d:accommodated/i:accommodating/3:accommodates/p:accommodated,,
accommodate oneself to,,,使自己适应…,,,,,0,0,,,
accommodate oneself to new conditions,,,v. 适应新的情况,,,,,0,0,,,
accommodate sb at,,,安排某人住在…,,,,,0,0,,,
accommodate sb with sth,,,向某人提供某物,,,,,0,0,,,
accommodated,,imp. & p. p. of Accommodate,v. 使适应（accommodate的过去式及过去分词形式）；安置；为…提供住宿,,,,,0,0,0:accommodate/1:dp,,
accommodated party,,,[法] 借款当事人,,,,,0,0,,,
accommodates,əˈkɔmədeits,"v be agreeable or acceptable to\nv make fit for, or change to suit a new purpose\nv provide with something desired or needed\nv have room for; hold without crowding\nv provide housing for\nv provide a service or favor for someone\nv make (one thing) compatible with (another)",v. 容纳( accommodate的第三人称单数 ); 使适应; 向…提供住处; 帮忙,,,,,0,0,0:accommodate/1:3,,
accommodating,ә'kɒmәdeitiŋ,a. helpful in bringing about a harmonious adaptation\ns. obliging; willing to do favors,"a. 与人方便的, 肯通融的",,,,toefl gre,32981,21838,0:accommodate/1:i/i:accommodating,,
accommodating IOL,,,[网络] 容纳IOL,,,,,0,0,,,
accommodating lens implant,,,[网络] 容纳透镜植入物,,,,,0,0,,,
accommodatingly,,r in accommodation,adv. accommodating的变形,,,,,0,0,,,
accommodation,ә.kɒmә'deiʃәn,n. a settlement of differences\nn. in the theories of Jean Piaget: the modification of internal representations in order to accommodate a changing knowledge of reality\nn. living quarters provided for public convenience\nn. the act of providing something (lodging or seat or food) to meet a need,"n. 膳宿, 预订铺位, 适应性调节, 调和, 贷款\n[医] 调节(眼); 适应",,2,1,gk cet4 cet6 ky ielts,2048,5369,s:accommodations,,
accommodation allowance,,,[经] 住房津贴,,,,,0,0,,,
accommodation arrest,,,[法] 假捕,,,,,0,0,,,
accommodation bill,,,"[经] 空头票据, 空头支票, 通融票据",,,,,0,0,,,
accommodation bill of lading,,,[经] 空头提单,,,,,0,0,,,
accommodation bridge,,,专用桥梁,,,,,0,0,,,
accommodation charge,,,[经] 通融欠帐,,,,,0,0,,,
accommodation coefficient,,,[化] 调节系数,,,,,0,0,,,
accommodation distribution,,,[计] 邮件分拣,,,,,0,0,,,
accommodation endorsement,,,[经] 通融背书,,,,,0,0,,,
accommodation endorser,əˌkɔməˈdeiʃən ɪnˈdɔ:sə,, 通融背书人，通融票据背书人,,,,,0,0,,,
accommodation indorsement,,,[经] 通融背书,,,,,0,0,,,
accommodation iridoplegia,,,[医] 调节性虹膜麻痹,,,,,0,0,,,
accommodation kite,,,"[经] 欠单, 空头票据, 空头支票",,,,,0,0,,,
accommodation ladder,,,舷梯,,,,,0,0,,,
accommodation line,,,[经] 融通业务,,,,,0,0,,,
accommodation note,,,"[经] 欠单, 空头票据, 空头支票",,,,,0,0,,,
accommodation paper,,,"[经] 欠单, 空头票据, 空头票据",,,,,0,0,,,
accommodation party,,,[经] 汇票担保人,,,,,0,0,,,
accommodation phosphene,,,[医] 调节性光幻视,,,,,0,0,,,
accommodation reflex,,,[医] 调节反射(视),,,,,0,0,,,
accommodation road,,,专用道路,,,,,0,0,,,
accommodation tax,,,[法] 住宿税,,,,,0,0,,,
accommodation train,,,普通旅客列车,,,,,0,0,,,
accommodational,,a of or relating to the accommodation of the lens of the eye,a. accommodation的变形,,,,,0,0,,,
accommodationism,əkɒmə'deɪʃnɪzəm,,n. 迁就主义,,,,,0,0,,,
accommodationist,әkɒmә'deiʃәnist,,"n. 妥协迁就者\na. 妥协的, 迁就的",,,,,0,34103,,,
accommodationists,"ə,kɔmə'deiʃənist",,adj. 迁就的，妥协的\nn. 妥协迁就者,,,,,0,0,,,
accommodations,,n making or becoming suitable; adjusting to circumstances\nn a settlement of differences\nn in the theories of Jean Piaget: the modification of internal representations in order to accommodate a changing knowledge of reality\nn living quarters provided for public convenience\nn the act of providing something (lodging or seat or food) to meet a need\nn (physiology) the automatic adjustment in focal length of the natural lens of the eye,"n. 膳宿；住房, 住宿；居住设施（accommodation的复数）",,,,ielts,0,0,0:accommodation/1:s,,
accommodative,ә'kɒmәdeitiv,s. willing to adjust to differences in order to obtain agreement\ns. tending to reconcile or accommodate; bringing into harmony,"a. 予以方便的, 肯通融的\n[医] 适应的; 调节的",,,,,0,40417,,,
accommodative asthenopia,,,"[医] 调节性眼疲劳, 调视性视力疲劳",,,,,0,0,,,
accommodative cyclophoria,,,[医] 调节性旋转隐斜视,,,,,0,0,,,
accommodative space,,,[医] 调节腔(乳房内),,,,,0,0,,,
accommodative strabismus,,,[医] 调节性斜视,,,,,0,0,,,
accommodativeness,,,n. accommodative的变形,,,,,0,0,,,
accommodator,ә'kɒmәdeitә,n someone who performs a service or does a favor,"n. 提供方便者, 调和者, 家务佣工\n[经] 调停人, 背书担保人",,,,,0,0,,,
accommodators,,,调解人( accommodator的名词复数 ),,,,,0,0,,,
accommodometer,"ә,kɔmә'dɔmitә",,"眼调节(力)计, 调节(测量)仪",,,,,0,0,,,
accomodate,,,v. 容纳；使…适应；留宿,,,,,0,0,d:accomodated,,
accomodated,,past participle of accomodate,(accomodate 的过去分词) v. 容纳；使…适应；留宿,,,,,0,0,0:accomodate/1:d,,
accomodation deck,,,[机] 居住甲板,,,,,0,0,,,
accomodation ladder,,,[机] 舷梯,,,,,0,0,,,
accomodometry,"ә,kɔmә'dɔmitri",,"调节测量(学, 术)",,,,,0,0,,,
accompagnato,,,[网络] 伴奏宣叙调；宣叙调器乐伴奏,,,,,0,0,,,
accompanied,,imp. & p. p. of Accompany,"v. 陪伴, 伴随；伴奏（accompany的过去分词）\na. 伴随的；相伴的",,,,,0,0,0:accompany/1:dp,,
accompanied by,,, 附有; 偕同,,,,,0,0,,,
accompanied with,,, 带有,,,,,0,0,,,
accompanier,,"n. He who, or that which, accompanies.",n. 同伴；伴唱者（等于accompanist）,,,,,0,0,,,
accompanies,əˈkʌmpəniz,v be present or associated with an event or entity\nv go or travel along with\nv perform an accompaniment to\nv be a companion to somebody,v. 陪伴( accompany的第三人称单数 ); 陪同; 伴随…同时发生; 伴奏,,,,,0,0,0:accompany/1:3,,
accompaniment,ә'kʌmpәnimәnt,n. an event or situation that happens at the same time as or in connection with another\nn. a musical part (vocal or instrumental) that supports or provides background for other musical parts,"n. 伴随物, 附加物, 伴奏",,1,,toefl,8637,11320,s:accompaniments,,
accompaniments,ə'kʌmpənɪmənts,n. an event or situation that happens at the same time as or in connection with another\nn. a musical part (vocal or instrumental) that supports or provides background for other musical parts\nn. something added to complete or embellish or make perfect,"n. 伴随物( accompaniment的复数形式 ); 伴奏, 伴唱",,,,,0,0,0:accompaniment/1:s,,
accompanist,ә'kʌmpәnist,n. a person who provides musical accompaniment (usually on a piano),n. 伴奏者,,,,,40852,29471,s:accompanists,,
accompanists,əˈkʌmpənists,n. a person who provides musical accompaniment (usually on a piano),n. 伴奏者( accompanist的复数形式 ),,,,,0,0,0:accompanist/1:s,,
accompany,ә'kʌmpәni,v. go or travel along with,"vt. 陪伴, 伴随, 补充, 为...伴奏\nvi. 伴奏, 伴唱",,3,1,gk cet4 cet6 ky toefl ielts gre,1902,2438,d:accompanied/p:accompanied/i:accompanying/3:accompanies,,
accompany sb on,,,用…为某人伴奏,,,,,0,0,,,
accompany sb to,,,陪同某人前往…,,,,,0,0,,,
accompany sth by,,,为某物附上…,,,,,0,0,,,
accompany with,əˈkʌmpəni wið,, 伴随着，兼带着,,,,,0,0,,,
accompanying,,v be present or associated with an event or entity\nv go or travel along with\nv perform an accompaniment to\nv be a companion to somebody\ns following or accompanying as a consequence,"a. 随同的, 附见的",,,,toefl,7080,6968,0:accompany/1:i/i:accompanying,,
accompanying audiochannel,,,[电] 陪伴音频波道,,,,,0,0,,,
accompanying element,,,[化] 伴生元素,,,,,0,0,,,
accompanying sound,,,"[计] 伴声, 伴音",,,,,0,0,,,
accompanying vein,ə'kʌmpəniiŋ vein,, 伴行静脉,,,,,0,0,,,
accompanyist,ә'kʌmpәniist,n a person who provides musical accompaniment (usually on a piano),"n. 随伴者, 伴奏者",,,,,0,0,,,
accomplice,ә'kʌmplis,n. a person who joins with another in carrying out some plan (especially an unethical or illegal plan),"n. 共犯, 同谋\n[医] 协同菌",,1,,toefl gre,11918,12704,s:accomplices,,
accomplice as witness,,,[法] 作为证人的共犯,,,,,0,0,,,
accomplice under duress,,,[法] 从犯,,,,,0,0,,,
accomplices,əˈkɔmplisiz,n. a person who joins with another in carrying out some plan (especially an unethical or illegal plan),"n. 从犯, 帮凶, 同谋( accomplice的复数形式 )",,,,,0,0,0:accomplice/1:s,,
accomplish,ә'kʌmpliʃ,v put in effect\nv to gain with effort,"vt. 完成, 达到, 实现, 使完美",,2,,gk cet4 ky toefl ielts gre,5546,2345,d:accomplished/p:accomplished/i:accomplishing/3:accomplishes,,
accomplish a feat,,,"建功立业,完成业绩",,,,,0,0,,,
accomplish-ments,,,n. 造诣（accomplishment的复数）,,,,,0,0,,,
accomplishable,ə'kɔmpliʃəbl,a. Capable of being accomplished; practicable.,a. 可完成的；可达成的,,,,,0,0,,,
accomplished,ә'kʌmpliʃt,s. highly skilled\ns. successfully completed or brought to an end\ns. settled securely and unconditionally,"a. 完成的, 实现的, 有造诣的, 熟练的, 善社交的",,2,,toefl gre,11383,8941,0:accomplish/1:dp/d:accomplished/p:accomplished,,
accomplished fact,,,[法] 既成事实,,,,,0,0,,,
accomplished offence,,,[法] 既逐罪,,,,,0,0,,,
accomplished offender,,,[法] 既逐犯,,,,,0,0,,,
accomplisher,,n. One who accomplishes.,n. accomplish的变形,,,,,0,0,,,
accomplishes,əˈkɔmpliʃiz,v put in effect\nv to gain with effort,v. 完成( accomplish的第三人称单数 ); 达到（目的）; 走完（路程、距离等）; 使完美,,,,,0,0,0:accomplish/1:3,,
accomplishing,,p. pr. & vb. n. of Accomplish,完成,,,,,0,0,0:accomplish/1:i,,
accomplishing notice serving,,,[经] 送达缴税通知书,,,,,0,0,,,
accomplishment,ә'kʌmpliʃmәnt,n. the action of accomplishing something,"n. 成就, 完成",,1,,cet6 toefl,13752,4308,s:accomplishments,,
accomplishment quotient,,,"[医] 能力商数, 成绩商数",,,,,0,0,,,
accomplishments,ә'kʌmpliʃmәntz,n the action of accomplishing something\nn an ability that has been acquired by training,n. 造诣,,,,,0,0,0:accomplishment/1:s,,
accompt,ә'kajnt,n. See Account.,"n. ,v.<古>=account",,,,,0,0,s:accompts,,
accompts,,-s form of accompt\nn. See Account.,"(accompt 的第三人称 -s形式) n.,v.<古>=account",,,,,0,0,0:accompt/1:s,,
acconci,,,n. (Acconci)人名；(意)阿孔奇,,,,,0,0,,,
accor,,,n. 雅高集团（法国公司名）,,,,,0,0,,,
accord,ә'kɒ:d,n. concurrence of opinion\nn. sympathetic compatibility\nv. allow to have,"n. 一致, 调和, 协定\nvt. 给与, 使一致\nvi. 相符合",,5,,cet4 cet6 ky toefl ielts gre,5594,6075,i:according/d:accorded/3:accords/s:accords/p:accorded,,
accord against,,,一致反对…,,,,,0,0,,,
accord and satisfaction,,,[法] 和解和清偿,,,,,0,0,,,
accord and satisfsction,,,[经] 一致同意,,,,,0,0,,,
accord priority,,,[法] 给予优先权,,,,,0,0,,,
accord with,,,"与...符合, 与...一致",,,,,0,0,,,
accordable,ə'kɔ:dəbl,a. Agreeing.\na. Reconcilable; in accordance.,a. 可一致的,,,,,0,0,,,
accordance,ә'kɒ:dәns,n. the act of granting rights,"n. 一致, 和谐",,1,,cet4 cet6 ky,32964,8086,,,
accordance of rights,,,[网络] 按照权利,,,,,0,0,,,
accordance with the agreement,,,"[经] 根据协定, 按照契约",,,,,0,0,,,
accordancy,,n. Accordance.,n. 调和；意向（等于accord）,,,,,0,0,,,
accordant,ә'kɒ:dәnt,a. being in agreement or harmony; often followed by `with'\ns. in keeping,"a. 一致的, 相符合的, 调和的",,,,,0,0,,,
accordantly,,adv. In accordance or agreement; agreeably; conformably;\n   -- followed by with or to.,"一致地, 相符地, 调和地",,,,,0,0,,,
accordatura,"ɑ:,kɔ:dɑ:'tu:rɑ:",,n. 基调,,,,,0,0,,,
accorded,ə'kɔːd,imp. & p. p. of Accord,n. 符合；一致；协议；自愿\nvt. 使一致；给予\nvi. 符合；一致,,,,,0,0,0:accord/1:dp,,
accordian,,,n. 手风琴,,,,,0,0,s:accordians,,
accordians,,plural of accordian,(accordian 的复数) n. 手风琴,,,,,0,0,0:accordian/1:s,,
according,ә'kɒ:diŋ,s. (followed by `to') in agreement with or accordant with\ns. (followed by `to') as reported or stated by,"a. 相符的, 根据...而定的\nadv. 相应地",,,,,35013,478,0:accord/1:i,,
according as,ә'kɔ:diŋ,,"依据, 按照, 如果",,,,,0,0,,,
according to,,,"根据, 按照；取决于；据…所说",,5,1,,0,0,,,
according to Holy,,,"根据规定,按照常理,正常地",,,,,0,0,,,
according to one legend,,,据传说…,,,,,0,0,,,
according to one's wont,,,按照自己的常规,,,,,0,0,,,
according to plan,,,按计划\n[化] 按计划,,,,,0,0,,,
according to popular belief,,,根据一般人的看法,,,,,0,0,,,
according to priority,,,"根据优先程度,根据轻重缓急、孰先孰后",,,,,0,0,,,
according to rule,,,按惯例,,,,,0,0,,,
according to sb's tell,,,据某人说,,,,,0,0,,,
according to schedule,,,按照预定计划,,,,,0,0,,,
according to the dictates of common sense,,,根据常识的判断,,,,,0,0,,,
according to the international practice,,,[化] 按照国际惯例,,,,,0,0,,,
According to the latest census,,,根据最新调查,,,,,0,0,,,
according to...,,,"根据..., 依照..., 按照..., 随着..., 视..而定",,,,,0,0,,,
accordingly,ә'kɒ:diŋli,r. in accordance with,"adv. 相应地, 因此, 于是",,2,,cet4 cet6 ky,3199,5589,,,
accordion,ә'kɒ:djәn,n. a portable box-shaped free-reed instrument; the reeds are made to vibrate by air from the bellows controlled by the player,n. 手风琴\na. 可折叠的,,1,,toefl,21004,14592,s:accordions,,
accordion abdomen,,,[医] 手风琴状腹,,,,,0,0,,,
accordion door,əˈkɔ:di:ən dɔ:,, 折迭门; 折门,,,,,0,0,,,
accordion graft,,,"[医] 成折移植片, 手风琴样移植物",,,,,0,0,,,
accordion structure,,,"[计] 折叠式结构, 手风琴式结构",,,,,0,0,,,
accordion-fold,,,手风琴式折纸法；棱角褶皱；手风琴状褶皱；带束叠装,,,,,0,0,,,
accordion-folded,"ə'kɔ:diən,fəuld",,vt. 把…折叠；把…折成手风琴式皱褶,,,,,0,0,,,
accordioned,ə'kɔːdɪən,,adj. 可折叠的\nn. 手风琴,,,,,0,0,,,
accordionist,ә'kɒ:djәnist,n. a musician who plays the accordion,n. 手风琴师,,,,,48445,36194,s:accordionists,,
accordionists,,plural of accordionist\nn. a musician who plays the accordion,(accordionist 的复数) n. 手风琴师,,,,,0,0,0:accordionist/1:s,,
accordions,əˈkɔ:di:ənz,n. a portable box-shaped free-reed instrument; the reeds are made to vibrate by air from the bellows controlled by the player,n. 手风琴( accordion的复数形式 ),,,,,0,0,0:accordion/1:s,,
accords,əˈkɔ:dz,n harmony of people's opinions or actions or characters\nn concurrence of opinion\nn a written agreement between two states or sovereigns\nn sympathetic compatibility\nv go together\nv allow to have,v. 给予( accord的第三人称单数 ); 使和谐一致; 使符合; 使适合,,,,,0,0,0:accord/1:3s,,
accorsi,,,n. (Accorsi)人名；(西、葡、意、英)阿科尔西,,,,,0,0,,,
accost,ә'kɒst,v speak to someone\nv approach with an offer of sexual favors,"vt. 招呼, 搭讪, 勾引\n[法] 勾引, 引诱",,,,toefl gre,20543,19030,d:accosted/p:accosted/i:accosting/3:accosts,,
accostable,ə'kɔstəbl,a. Approachable; affable.,a. 易接近的,,,,,0,0,,,
accosted,ə'kɒst,"imp. & p. p. of Accost\na. Supported on both sides by other charges; also, side by\n   side.",vt. 勾引；引诱；对…说话；搭讪,,,,,0,0,0:accost/1:dp,,
accosting,ə'kɒst,p. pr. & vb. n. of Accost,vt. 勾引；引诱；对…说话；搭讪,,,,,0,0,0:accost/1:i,,
accosts,əˈkɔ:sts,v speak to someone\nv approach with an offer of sexual favors,v. 走过去跟…讲话( accost的第三人称单数 ); 跟…搭讪; （乞丐等）上前向…乞讨; （妓女等）勾搭,,,,,0,0,0:accost/1:3,,
accouche,ә'ku:ʃ,,v. 接生,,,,,0,0,,,
accouchee,,,[医] 产妇,,,,,0,0,,,
accouchement,ɑ:'ku:ʃmɒŋ,n the parturition process in human beings; having a baby; the process of giving birth to a child,"n. 分娩, 生产\n[医] 分娩, 生产",,,,,0,0,,,
accouchement force,,,"[医] 强促分娩, 强迫分娩",,,,,0,0,,,
accoucheur,ɑ:ku:'ʃә:,n a physician specializing in obstetrics,"n. 男助产士\n[医] 助产士(男), 产科医师(男)",,,,,0,0,,,
accoucheur's hand,,,[医] 助产[士]手,,,,,0,0,,,
accoucheuse,ɑ:ku:'ʃә:z,n a woman skilled in aiding the delivery of babies,"n. 女助产士\n[医] 助产士(女), 产科女医师",,,,,0,0,,,
account,ә'kaunt,n. a formal contractual relationship established to provide for regular banking or brokerage or business services\nn. importance or value\nn. a statement of recent transactions and the resulting balance\nn. the quality of taking advantage,"n. 报告, 解释, 估价, 理由, 利润, 算账, 帐目\nvi. 报帐, 解释, 导致, 报偿, 占, 杀死\nvt. 认为\n[计] 帐户, 帐号",,5,1,gk cet4 ky toefl ielts,498,1071,s:accounts/d:accounted/i:accounting/3:accounts/p:accounted,,
account activity,,,"[经] 帐户的进出活动, 帐务动态",,,,,0,0,,,
account analysis,,,[经] 帐户分析,,,,,0,0,,,
account balance,,,"[经] 结平的帐户, 两讫, 清讫",,,,,0,0,,,
account balanced,,,"[经] 结平帐户, 帐户清讫",,,,,0,0,,,
account bill,,,[计] 记帐清单\n[经] 帐单,,,,,0,0,,,
account book,, A book in which accounts are kept.,"帐簿\n[法] 帐簿, 会计簿",,,,,0,0,,,
account books,,,"[经] 帐簿, 会计簿册",,,,,0,0,,,
account bought,,,[经] 购入帐户,,,,,0,0,,,
account chart,,,[经] 会计科目一览表,,,,,0,0,,,
account classification,,,[经] 帐户(科目)分类,,,,,0,0,,,
account clerk,,,[经] 帐务员,,,,,0,0,,,
account code,,,[经] 帐簿代号,,,,,0,0,,,
account current,,,"往来帐户, 活期存款帐户\n[经] 往来帐户, 会计月报, 业务月报",,,,,0,0,,,
account day,,,交割日\n[经] 结算日,,,,,0,0,,,
account department,,,[经] 会计处(室),,,,,0,0,,,
account distribution memorandum,,,"[经] 帐户分配通知单, 入帐通知单",,,,,0,0,,,
account executive,,,[经] 客户执行人,,,,,0,0,,,
account file,,,"[计] 帐目文件, 记帐文件",,,,,0,0,,,
account flow chart,,,[经] 帐户流程图,,,,,0,0,,,
account for,,,对…负有责任；对…做出解释；说明……的原因；导致；（比例）占,,,,toefl ielts,0,0,,,
account for the year,,,[法] 年度结算,,,,,0,0,,,
account for...,,,"解释..., 说明..., 是...的原因/理由, (数量)占...",,,,,0,0,,,
account form,,,"[计] 计算方式\n[经] 帐式, 帐户式资产负债表",,,,,0,0,,,
account form of balance sheet,,,[经] 帐户式资产负债表,,,,,0,0,,,
account form of income statement,,,[经] 帐户式收益表,,,,,0,0,,,
account holder,,,"[经] 开户人, 有往来的客禾",,,,,0,0,,,
account in arrear,,,"[经] 余额结算, 拖欠帐户",,,,,0,0,,,
account in balance,,,[经] 结平的帐户,,,,,0,0,,,
account in transit,,,"[经] 末达帐, 在途帐",,,,,0,0,,,
account in trust,,,[经] 委托帐户,,,,,0,0,,,
account manual,,,[经] 会计手册,,,,,0,0,,,
account name,,,[计] 帐户名,,,,,0,0,,,
account note,,,[法] 帐单,,,,,0,0,,,
account number,,,"[计] 帐号\n[经] 帐户号码, 帐号",,,,,0,0,,,
account of advances,,,[经] 预付帐户,,,,,0,0,,,
account of bankruptcy,,,[经] 破产帐,,,,,0,0,,,
account of business,,,"[经] 损益表, 收支计算书",,,,,0,0,,,
account of credit sales,,,[经] 应收销售款帐户(科目),,,,,0,0,,,
account of disbursement,,,[经] 支出帐户(科目),,,,,0,0,,,
account of executors,,,[经] 遗产清册,,,,,0,0,,,
account of finance,,,[经] 财务帐,,,,,0,0,,,
account of goods sold,,,"[经] 帐目单, 销货帐目",,,,,0,0,,,
account of payments,,,[经] 支出表,,,,,0,0,,,
account of purchase,,,[经] 购货帐单,,,,,0,0,,,
account of receipts,,,[经] 收入表,,,,,0,0,,,
account of receipts and payments,,,[经] 收支表,,,,,0,0,,,
account of sales,,,[经] 销售帐(单),,,,,0,0,,,
account of the exchequer,,,"[经] 国库帐, 金库帐, 资金帐",,,,,0,0,,,
account of treasury,,,"[经] 公库帐, 金库帐, 国库帐",,,,,0,0,,,
account officer,,,[经] 会计主管,,,,,0,0,,,
account on the spot,,,[法] 现场报告,,,,,0,0,,,
account paid,,,"[经] 已付款, 帐款已付",,,,,0,0,,,
account payable,,,"应付款项\n[经] 应付帐款, 应付末付帐, 应伐款",,,,,0,0,,,
account payable division,,,[经] 应付帐款部门,,,,,0,0,,,
account payable ledger,,,[经] 应付款明细分类帐,,,,,0,0,,,
account payable ledger account,,,[经] 应付帐款明细分类帐帐户,,,,,0,0,,,
account payable register,,,[经] 应付帐款登记簿,,,,,0,0,,,
account payable to affiliated company,,,[经] 应付联营公司帐款,,,,,0,0,,,
account payee,,,[经] 转受款人帐户,,,,,0,0,,,
account point,,,[经] 存款帐户地点,,,,,0,0,,,
account policy,,,[计] 帐户策略,,,,,0,0,,,
account purchase,,,[经] 赊买,,,,,0,0,,,
account receivable,,,应收款项\n[经] 应收帐款,,,,,0,0,,,
account receivable assigned,,,[经] 应收帐款转让,,,,,0,0,,,
account receivable discounted,,,[经] 应收帐款贴现,,,,,0,0,,,
account receivable financing,,,[经] 应收帐款筹资,,,,,0,0,,,
account receivable ledger,,,[经] 应收款明细分类帐,,,,,0,0,,,
account receivable register,,,[经] 应收帐款登记簿,,,,,0,0,,,
account receivable turnover,,,[经] 应收帐款周转率,,,,,0,0,,,
account rendered,,,"[经] 报帐, 汇报, 结欠清单",,,,,0,0,,,
account representative,,,客户代表,,,,,0,0,,,
account section,,,[经] 会计科,,,,,0,0,,,
account settled,,,"[经] 决算, 清讫",,,,,0,0,,,
account sold,,,[经] 销售帐(报告),,,,,0,0,,,
account stated,,,[经] 认可帐目,,,,,0,0,,,
account statement,əˈkaunt ˈsteitmənt,, 会计财务报表,,,,,0,0,,,
account structure,,,[经] 帐户组织,,,,,0,0,,,
account symbol system,,,[经] 科目编号法,,,,,0,0,,,
account system,,,[经] 会计制度(系统),,,,,0,0,,,
account through the bank,,,[经] 通过银行结算,,,,,0,0,,,
account title,,,"[经] 帐目, 帐项科目, 帐户名称",,,,,0,0,,,
account title for annual expenditures,,,[经] 岁出科目,,,,,0,0,,,
account title for annual receipts,,,[经] 岁入科目,,,,,0,0,,,
account to give,,,[经] 支出帐目,,,,,0,0,,,
account to receive,,,[经] 收入帐目,,,,,0,0,,,
account transaction,,,[计] 帐目事务,,,,,0,0,,,
account transfer check,,,[法] 转帐支票,,,,,0,0,,,
account transfer memo,,,[经] 转帐通知单,,,,,0,0,,,
account transfer voucher,,,[法] 转帐传票,,,,,0,0,,,
account verification,,,[法] 会计鉴定; 帐目鉴定,,,,,0,0,,,
account year,,,"[经] 会计年度, 帐户年度",,,,,0,0,,,
account-ability,,,会计责任,,,,,0,0,,,
account-holder,,,开户人；顾客帐户,,,,,0,0,s:account-holders,,
account-holders,,plural of account-holder,(account-holder 的复数) 开户人；顾客帐户,,,,,0,0,0:account-holder/1:s,,
account-level,,,现存准程,,,,,0,0,,,
accountabilities,,plural of accountability\nn. responsibility to someone or for some activity,"(accountability 的复数) n. 负有责任, 可说明性\n[化] 衡算计量",,,,,0,0,0:accountability/1:s,,
accountability,ә.kauntә'biliti,n. responsibility to someone or for some activity,"n. 负有责任, 可说明性\n[化] 衡算计量",,,,gre,5194,4799,s:accountabilities,,
accountability systems,,,[经] 会计责任制,,,,,0,0,,,
accountability tank,,,[化] 衡算计量槽; 计量槽; 责任计量槽,,,,,0,0,,,
accountable,ә'kauntәbl,s. liable to account for one's actions,"a. 负有责任的, 可说明的, 可解释的\n[经] 负有责任的",,2,,,7192,5713,,,
accountable officer,,,"[经] 主计人页, 出纳人员",,,,,0,0,,,
accountable receipt,,,[法] 负有解释义务的收据,,,,,0,0,,,
accountable time,,,[计] 可计算时间,,,,,0,0,,,
accountable warant,,,[经] 负有责任的支付命令,,,,,0,0,,,
accountable warrant,,,"[法] 支付书, 支付令",,,,,0,0,,,
accountableness,,,n. accountable的变形,,,,,0,0,,,
accountably,ә'kauntәbli,adv. In an accountable manner.,"adv. 可辩解地, 可说明地",,,,,0,0,,,
accountancy,ә'kauntәnsi,n. the occupation of maintaining and auditing records and preparing financial reports for a business,"n. 会计工作, 会计学\n[经] 会计工作, 会计学术, 会计职业",,1,,,6720,35429,,,
accountancy firm,,,"[经] 会计机构, 会计公司",,,,,0,0,,,
accountancy law,,,[经] 会计法,,,,,0,0,,,
accountant,ә'kauntәnt,n. someone who maintains and audits business accounts,"n. 会计人员, 会计师\n[经] 会计师, 会计人员",,2,,gk ky toefl ielts,3280,5949,s:accountants,,
accountant bill,,,[经] 账单,,,,,0,0,,,
accountant bureau,,,"[经] 主计局, 会计局",,,,,0,0,,,
accountant general,,,"[经] 会计主任, 会计科科长",,,,,0,0,,,
accountant in bankruptcy,,,"[经] 破产核算员, 破产管理人",,,,,0,0,,,
accountant in charge,,,"[经] 主办会计师, 主任稽核",,,,,0,0,,,
accountant officer,,,[经] 会计主管,,,,,0,0,,,
accountant to the crown,,,[法] 政府会计员,,,,,0,0,,,
accountant's certificate,,,[经] 会计师执照,,,,,0,0,,,
accountant's department,,,"[经] 会计部门(处,科,室)",,,,,0,0,,,
accountant's index,,,[经] 会计(师)著作索引,,,,,0,0,,,
accountant's report,,,[经] 会计师查帐报告,,,,,0,0,,,
accountant's resposibility,,,[经] 会计师职责,,,,,0,0,,,
accountant's return,,,[经] 会计师报酬率,,,,,0,0,,,
accountant-general,,,会计主任,,,,,0,0,,,
accountants,,n someone who maintains and audits business accounts,会计人员,,,,ielts,0,0,0:accountant/1:s,,
accountantship,,n. the position of accountant,"n. 会计职务\n[经] 会计师(员)精神(道德,职务)",,,,,0,0,,,
accounted,,"v be the sole or primary factor in the existence, acquisition, supply, or disposal of something\nv keep an account of\nv to give an account or representation of in words\nv furnish a justifying analysis or explanation",未予说明的,,,,,0,0,0:account/1:dp,,
accountee,ә'kaunti:,,"[会]会计情报利用人, (信用证)开证申请人, 帐户主(由银行代其开信用证者)",,,,,0,0,,,
accountemps,,,abbr. company providing temporary financial;  banking;  EDP;  credit,,,,,0,0,,,
accounter,,, [医]计算器,,,,,0,0,,,
accounting,ә'kauntiŋ,n. a convincing explanation that reveals basic causes\nn. a system that provides quantitative information about finances\nn. a bookkeeper's chronological list of related debits and credits of a business; forms part of a ledger of accounts,"n. 会计学, 帐单, 清帐\n[计] 帐户处理, 记帐",,2,,toefl ielts,3070,3921,0:account/1:i/i:accounting,,
accounting act,,,[经] 会计法,,,,,0,0,,,
accounting activity,,,"[经] 会计工作, 会计业务",,,,,0,0,,,
accounting and financial audit,,,[经] 会计和财务审计,,,,,0,0,,,
accounting applications,,,[经] 在会计上的应用,,,,,0,0,,,
accounting approach,,,[经] 会计方法,,,,,0,0,,,
accounting archives,,,[经] 会计档案,,,,,0,0,,,
accounting as an information system,,,[经] 作为信息处理系统的会计,,,,,0,0,,,
accounting assistant,,,[经] 助理会计,,,,,0,0,,,
accounting assumption,,,[经] 会计假定,,,,,0,0,,,
accounting basis,,,[经] 会计基础,,,,,0,0,,,
accounting books,,,"[经] 会计簿籍, 会计帐册",,,,,0,0,,,
accounting by machine method,,,[经] 会计机器记帐法,,,,,0,0,,,
accounting capital,,,"[经] 资本, 会计上的资本",,,,,0,0,,,
accounting changes,,,[经] 会计变更,,,,,0,0,,,
accounting check,,,[计] 会计校验,,,,,0,0,,,
accounting circular,,,[法] 会计通告,,,,,0,0,,,
accounting classification,,,"[经] 会计科目分类, 统一帐户制度",,,,,0,0,,,
accounting clerk,,,[计] 记帐员,,,,,0,0,,,
accounting code,,,"[经] 会计科目编码, 帐户编号",,,,,0,0,,,
accounting computer,,,[经] 会计电脑,,,,,0,0,,,
accounting concept,,,"[经] 会计观念, 会计学概念, 会计基础理论",,,,,0,0,,,
accounting control,,,"[经] 会计控制, 会计监督",,,,,0,0,,,
accounting control system,,,[法] 核算管理制度,,,,,0,0,,,
accounting convention,,,[经] 会计惯例,,,,,0,0,,,
accounting cost,,,[经] 会计成本,,,,,0,0,,,
accounting cost control,,,"[经] 会计成本控制, 会计成本管理",,,,,0,0,,,
accounting cycle,,,[经] 会计循环,,,,,0,0,,,
accounting data,,,"[计] 会计数据, 费用计算数据\n[经] 会计数据, 会计资料",,,,,0,0,,,
accounting data process,,,[经] 会计数据(资料)处理,,,,,0,0,,,
accounting date,,,"[经] 会计结算日, 会计年结",,,,,0,0,,,
accounting department,,,"[经] 会计部门, 会计科",,,,,0,0,,,
accounting departmentalization,,,[经] 会计事务管理组织,,,,,0,0,,,
accounting depreciation,,,"[经] 会计折旧, 帐面折旧",,,,,0,0,,,
accounting detailed items,,,[经] 会计明细科目,,,,,0,0,,,
accounting device,,,[计] 计算装置,,,,,0,0,,,
accounting disposition of variances,,,[经] 差异的会计处理,,,,,0,0,,,
accounting division,,,"[经] 会计部门, 经营管理部",,,,,0,0,,,
accounting doctrine,,,[经] 会计学说,,,,,0,0,,,
accounting document,,,[经] 会计凭证,,,,,0,0,,,
accounting entity,,,"[经] 会计个体(主体), 会计单位",,,,,0,0,,,
accounting entry,,,[经] 会计分录,,,,,0,0,,,
accounting equation,,,"[经] 会计方程式, 会计恒等式",,,,,0,0,,,
accounting errors,,,[经] 会计差错,,,,,0,0,,,
accounting event,,,[经] 会计事项(业务),,,,,0,0,,,
accounting evidence,,,[经] 会计证据,,,,,0,0,,,
accounting file,,,[计] 会计文件,,,,,0,0,,,
accounting files,,,[经] 会计档案,,,,,0,0,,,
accounting firm,,,[经] 会计事务所,,,,,0,0,,,
accounting for a pooling,,,[经] 联营会计,,,,,0,0,,,
accounting for agency and branch,,,[经] 代理商和分支店会计,,,,,0,0,,,
accounting for agency operation,,,[经] 代理商会计,,,,,0,0,,,
accounting for assets acquisition,,,[经] 取得资产的会计处理,,,,,0,0,,,
accounting for branch office,,,"[经] 支店会计, 分公司会计",,,,,0,0,,,
accounting for branch operation,,,[经] 分店会计,,,,,0,0,,,
accounting for changing money value,,,[经] 币值波动会计,,,,,0,0,,,
accounting for estates and trusts,,,[经] 遗产与信托会计,,,,,0,0,,,
accounting for external reporting,,,[经] 外部报告会计(财务会计),,,,,0,0,,,
accounting for foreign operations,,,[经] 国外经营活动会计,,,,,0,0,,,
accounting for foreign subsidiaries,,,[经] 国外子公司会计,,,,,0,0,,,
accounting for idle time,,,[经] 停工时间的会计处理,,,,,0,0,,,
accounting for inflation,,,[经] 通货膨胀会计,,,,,0,0,,,
accounting for internal reporting,,,[经] 内部报告会计(管理会计),,,,,0,0,,,
accounting for inventories,,,[经] 存货会计,,,,,0,0,,,
accounting for management,,,[经] 管理会计,,,,,0,0,,,
accounting for management control,,,[经] 管理控制会计,,,,,0,0,,,
accounting for management planning,,,[经] 计划管理会计,,,,,0,0,,,
accounting for planning,,,[经] 计划编制的会计,,,,,0,0,,,
accounting for the estate income,,,[经] 遗产收益会计,,,,,0,0,,,
accounting for the estate principal,,,[经] 遗产本金会计,,,,,0,0,,,
accounting formula,,,"[经] 会计公式, 会计等式",,,,,0,0,,,
accounting function,,,[计] 会计功能\n[经] 会计职能,,,,,0,0,,,
accounting generalship,,,[经] 会计领导,,,,,0,0,,,
accounting identity,,,"[经] 会计恒等式, 会计方程式",,,,,0,0,,,
accounting income,,,"[经] 会计所得(收益), 帐面收益",,,,,0,0,,,
accounting information,,,"[经] 会计资料, 会计信息",,,,,0,0,,,
accounting information system,,,[经] 会计占息系统,,,,,0,0,,,
accounting item,,,"[经] 帐项, 帐目",,,,,0,0,,,
accounting journal,,,[计] 会计日志,,,,,0,0,,,
accounting language,,,[计] 会计语言,,,,,0,0,,,
accounting law,,,[经] 会计法,,,,,0,0,,,
accounting legislation,,,[经] 会计立法,,,,,0,0,,,
accounting logging,,,[计] 会计记录,,,,,0,0,,,
accounting machine,,,"[计] 会计机; 会计计算机\n[经] 会计机器, 电脑",,,,,0,0,,,
accounting management,,,[计] 记费管理\n[经] 会计管理,,,,,0,0,,,
accounting manager,,,[计] 记帐管理程序,,,,,0,0,,,
accounting manaual,,,"[经] 会计规程, 会计制度汇编, 会计手册",,,,,0,0,,,
accounting matrix,,,[经] 会计矩阵,,,,,0,0,,,
accounting matters,,,[经] 会计事项,,,,,0,0,,,
accounting mechanism,,,[经] 会计机构,,,,,0,0,,,
accounting method program,,,[经] 会计方法计划,,,,,0,0,,,
accounting models,,,[经] 会计模式,,,,,0,0,,,
accounting number,,,[计] 帐号,,,,,0,0,,,
accounting of capital construction,,,[经] 基本建设会计,,,,,0,0,,,
accounting of construction contractors,,,[经] 建筑承包单位(建筑安装业)会计,,,,,0,0,,,
accounting officer,,,[法] 会计人员,,,,,0,0,,,
accounting on the accrual basis,,,"[经] 权责发生制, 应收应付制, 应占制",,,,,0,0,,,
accounting on the cash basis,,,[经] 现收现付制,,,,,0,0,,,
accounting operations,,,"[经] 会计操作, 会计运算",,,,,0,0,,,
accounting organization,,,[经] 会计组织,,,,,0,0,,,
accounting package,,,[电] 会计套装软件,,,,,0,0,,,
accounting period,,,[计] 会计期\n[经] 会计期,,,,,0,0,,,
accounting period assumption,,,[经] 会计期假定,,,,,0,0,,,
accounting period convention,,,[经] 会计期惯例,,,,,0,0,,,
accounting period principle,,,[经] 会计期原则,,,,,0,0,,,
accounting personnel,,,[经] 会计人员,,,,,0,0,,,
accounting policy,,,[经] 会计政策,,,,,0,0,,,
accounting postulate,,,[经] 会计假定,,,,,0,0,,,
accounting practice,,,[经] 会计实务,,,,,0,0,,,
accounting price,,,"[经] 会计价格, 帐面价格",,,,,0,0,,,
accounting principle,əˈkaʊntɪŋ ˈprinsəpl,, [财]会计原理,,,,,0,0,,,
accounting principles,,,"[经] 会计原理, 会计原则",,,,,0,0,,,
accounting principles board,,,[经] 会计原则委员会,,,,,0,0,,,
accounting procedure,,,[计] 会计手续\n[经] 会计程序,,,,,0,0,,,
accounting process,,,"[经] 会计处理步序, 会计过程",,,,,0,0,,,
accounting profession,,,"[经] 会计职业, 会计职业界",,,,,0,0,,,
accounting program,,,[计] 记帐程序,,,,,0,0,,,
accounting rate,,,[经] 会计比率,,,,,0,0,,,
accounting rate of return,,,[经] 会计收益率(或称财务报表法),,,,,0,0,,,
accounting ratios,,,[经] 会计比率,,,,,0,0,,,
accounting recapitalization,,,[经] 会计上的调整资本,,,,,0,0,,,
accounting record,,,[计] 会计记录,,,,,0,0,,,
accounting records,,,[经] 会计记录(簿籍),,,,,0,0,,,
accounting reference period,,,[法] 帐目查询期,,,,,0,0,,,
accounting regulations,,,"[经] 会计规则, 会计规程",,,,,0,0,,,
accounting reliability,,,[经] 会计的可靠性,,,,,0,0,,,
accounting reorganization,,,[经] 会计上的改革(整顿),,,,,0,0,,,
accounting report,,,[经] 会计报告,,,,,0,0,,,
accounting reports,,,"[计] 会计报表, 计算报表",,,,,0,0,,,
accounting research bulletin,,,[经] 会计研究公报,,,,,0,0,,,
accounting research study,,,[经] 会计研究论文集,,,,,0,0,,,
accounting responsibility,,,[经] 会计责任,,,,,0,0,,,
accounting review,,,[经] 会计评论,,,,,0,0,,,
accounting routine,,,[计] 费用计算程序,,,,,0,0,,,
accounting rule,,,[经] 会计原则,,,,,0,0,,,
accounting series releases,,,[经] 会计论文集(美证交会期刊),,,,,0,0,,,
accounting standard,,,[经] 会计准则(标准),,,,,0,0,,,
accounting statement,,,[经] 会计报表(告),,,,,0,0,,,
accounting study,,,[经] 会计研究,,,,,0,0,,,
accounting subject,,,[经] 会计主体,,,,,0,0,,,
accounting system,,,"[计] 会计制度, 会计系统\n[经] 会计制度(系统)",,,,,0,0,,,
accounting system design,,,[经] 会计制度设计,,,,,0,0,,,
accounting system on the accural,,,[经] 权责发生制的会计制度,,,,,0,0,,,
accounting tabulating machine,,,[经] 会计制表机,,,,,0,0,,,
accounting technique,,,[经] 会计技术,,,,,0,0,,,
accounting terminology,,,"[经] 会计用语, 会计名词",,,,,0,0,,,
accounting terminology bulletin,,,[经] 会计名词公报,,,,,0,0,,,
accounting theory,,,[经] 会计理论,,,,,0,0,,,
accounting transaction,,,[经] 会计事项,,,,,0,0,,,
accounting treatment,,,[经] 会计处理,,,,,0,0,,,
accounting trends and techniques,,,[经] 会计趋势和会计技术,,,,,0,0,,,
accounting typists,,,[经] 会计打字员,,,,,0,0,,,
accounting unit,,,"[经] 会计单位, 记帐单位",,,,,0,0,,,
accounting uses of the computer,,,[经] 电脑在会计上的应用,,,,,0,0,,,
accounting valuation,,,[经] 会计估价,,,,,0,0,,,
accounting voucher,,,[经] 会计凭证,,,,,0,0,,,
accounting year,,,[经] 会计年度,,,,,0,0,,,
accounting-industry,,,会计行业,,,,,0,0,,,
accountings,ə'kaʊntɪŋ,,n. 会计，会计学；帐单\nv. 解释（account的ing形式）；叙述,,,,,0,0,,,
accountion,,,[计] 会计,,,,,0,0,,,
accountion information system,,,[计] 会计信息系统,,,,,0,0,,,
accounts,,"n a record or narrative description of past events\nn a short account of the news\nn a formal contractual relationship established to provide for regular banking or brokerage or business services\nn a statement that makes something comprehensible by describing the relevant structure or operation or circumstances etc.\nn grounds\nn importance or value\nn a statement of recent transactions and the resulting balance\nn the act of informing by verbal report\nn an itemized statement of money owed for goods shipped or services rendered\nn the quality of taking advantage\nv be the sole or primary factor in the existence, acquisition, supply, or disposal of something\nv keep an account of\nv to give an account or representation of in words\nv furnish a justifying analysis or explanation",n. 账号；会计账簿；账目（account的复数）,,,,,0,0,0:account/1:s3,,
accounts closing procedure,,,[经] 决算手续(程序),,,,,0,0,,,
accounts code list,,,"[经] 编号帐户一览表, 编号会计科目表",,,,,0,0,,,
accounts due,,,[经] 应收款,,,,,0,0,,,
accounts due from affiliated company,,,[经] 应收联营公司帐款,,,,,0,0,,,
accounts due on consignmentout,,,[经] 应收寄销(委托)商品帐户款,,,,,0,0,,,
accounts of application of funds,,,[经] 资金运(占)用科目(帐户),,,,,0,0,,,
accounts of receipts and payments,,,[经] 收支帐表,,,,,0,0,,,
accounts of source of funds,,,[经] 资金来源科目(帐户),,,,,0,0,,,
accounts outstanding,,,[经] 末清帐款,,,,,0,0,,,
accounts payable,,,[经] 应付帐款,,,,,0,0,,,
accounts payable account,,,[经] 应付帐款科目(帐户),,,,,0,0,,,
accounts payable ayatem,,,[电] 应付帐款系统,,,,,0,0,,,
accounts payable register,,,[经] 应付帐款登记簿,,,,,0,0,,,
accounts payable subsidiary ledger,,,[经] 应付帐款明细(分类)帐,,,,,0,0,,,
accounts payable to subsidiary company,,,[经] 应付附属公司帐款,,,,,0,0,,,
accounts payable trade,,,[经] 应付贸易帐款,,,,,0,0,,,
accounts payable-imported equipments,,,[经] 应付引进设备款,,,,,0,0,,,
accounts payable-others,,,[经] 其他应付款,,,,,0,0,,,
accounts payable-special funds,,,[经] 专项基金应付款,,,,,0,0,,,
accounts payable-supplies,,,[经] 应付购货款,,,,,0,0,,,
accounts receivable,,,[经] 应收帐款,,,,,0,0,,,
accounts receivable account,,,[经] 应收帐款帐户(科目),,,,,0,0,,,
accounts receivable aging schedule,,,[经] 应收帐款赊欠期间(帐龄)分析表,,,,,0,0,,,
accounts receivable assigned,,,[经] 已转让应收帐款,,,,,0,0,,,
accounts receivable discounted,,,[经] 应收帐款贴现,,,,,0,0,,,
accounts receivable factoring,,,[经] 应收帐款让售,,,,,0,0,,,
accounts receivable from affiliated company,,,[经] 应收联营公司帐款,,,,,0,0,,,
accounts receivable from installment sales,,,[经] 应收分期付款帐款,,,,,0,0,,,
accounts receivable from subsidiary company,,,[经] 应收附属公司帐款,,,,,0,0,,,
accounts receivable register,,,[经] 应收帐款登记簿,,,,,0,0,,,
accounts receivable subsidiary ledger,,,[经] 应收帐款明细(分类)帐,,,,,0,0,,,
accounts receivable trade,,,[经] 应收客帐,,,,,0,0,,,
accounts receivable turnover,,,[经] 应收帐款周转率,,,,,0,0,,,
accounts receivable-customers,,,[经] 应收销货款,,,,,0,0,,,
accounts receivable-other,,,[经] 其他应收款,,,,,0,0,,,
accounts receivable-special funds,,,[经] 专项基金应收款,,,,,0,0,,,
accounts with persons,,,"[经] 对人帐户, 人称帐户",,,,,0,0,,,
accounts-receivable,,,应收帐款,,,,,0,0,,,
accouple,,v. t. To join; to couple.,结合,,,,,0,0,,,
accouplement,ә'kʌplmәnt,"n. The act of coupling, or the state of being coupled;\n   union.\nn. That which couples, as a tie or brace.","n. 连接, 结合",,,,,0,0,,,
accourt,ə'kɔ:t,v. t. To treat courteously; to court.,"vt. [古语]款待, 招待",,,,,0,0,,,
accoustic,,,a. 音响的,,,,,0,0,,,
accouter,ә'ku:tә,v. provide with military equipment,"vt. 供以服装, 供以军用品, 装备",,,,,0,0,i:accoutering/p:accoutered/3:accouters/d:accoutered,,
accoutered,ə'kuːtə,imp. & p. p. of Accoutre,"vt. 装备；供以军用品, 供以服装",,,,,0,0,,,
accoutering,ə'kuːtə,p. pr. & vb. n. of Accoutre,"vt. 装备；供以军用品, 供以服装",,,,,0,0,,,
accouterment,ә'ku:tәmәnt,"n clothing that is worn or carried, but not part of your main clothing","n. 穿着, 配备, 饰物",,,,,0,0,,,
accouterments,ә'ku:tәmәnts,"n clothing that is worn or carried, but not part of your main clothing","n. 军人的配备, 服装",,,,,0,30656,,,
accouters,əˈku:təz,v provide with military equipment,"v. 供以服装, 供以军用品, 装备( accouter的第三人称单数 )",,,,,0,0,,,
accoutre,ә'ku:tә,v provide with military equipment,"vt. 供以服装, 供以军用品, 装备",,,,,0,0,i:accoutring/p:accoutred/3:accoutres/d:accoutred,,
accoutred,ə'kuːtə, of Accoutre,vt. 装备；供以军用品；供以服装,,,,,0,0,0:accoutr/1:pd,,
accoutrement,ә'ku:tәmәnt,"n clothing that is worn or carried, but not part of your main clothing","n. 装备, 配备",,,,,23939,21429,s:accoutrements,,
accoutrements,ә'ku:tәmәnts,"n clothing that is worn or carried, but not part of your main clothing","n. 军人的配备, 服装",,,,,0,0,0:accoutrement/1:s,,
accoutres,,v provide with military equipment,"vt. 供以服装, 供以军用品, 装备",,,,,0,0,1:3/0:accoutre,,
accoutring,ə'kuːtə, of Accoutre,vt. 装备；供以军用品；供以服装,,,,,0,0,1:i/0:accoutre,,
accoy,ə'kɔi,v. t. To render quiet; to soothe.\nv. t. To subdue; to tame; to daunt.,vt. [英国古语]使镇定；使平静；抑制,,,,,0,0,,,
accp,,,abbr. 美国胸内科医生学会（American College of Chest Physicians）,,,,,0,0,,,
accpeter,,,"[法] 承兑人, 接受著, 承揽人",,,,,0,0,,,
accpeter for honour,,,[法] 参加承兑人,,,,,0,0,,,
accpeting bank,,,[法] 承兑银行,,,,,0,0,,,
accpeting house,,,[法] 承兑行,,,,,0,0,,,
accptance criteria,,,[化] 验收标准,,,,,0,0,,,
accptance standard,,,[化] 验收标准,,,,,0,0,,,
Accra,ә'krɑ:,n. the capital and largest city of Ghana with a deep-water port,n. 阿克拉(加纳首都),,,,,40159,0,,,
accredit,ә'kredit,v. grant credentials to\nv. provide or send (envoys or embassadors) with official credentials\nv. ascribe an achievement to,"vt. 信托, 确认, 归结于, 委派\n[经] 发行信用证, 信托, 委托",,1,,toefl,21319,16480,d:accredited/i:accrediting/s:accredits/3:accredits/p:accredited,,
accredit party,,,[经] 信用证受益方,,,,,0,0,,,
accreditable,,,a. accredit的变形,,,,,0,0,,,
accreditated,,,vt. accreditate的变形,,,,,0,0,,,
accreditation,ә.kredi'teiʃәn,n. the act of granting credit or recognition (especially with respect to educational institution that maintains suitable standards),"n. 委派, 信托, 鉴定合格\n[法] 立案, 备案, 任命",,,,,12749,10209,s:accreditations,,
accreditations,,plural of accreditation\nn. the act of granting credit or recognition (especially with respect to educational institution that maintains suitable standards),"(accreditation 的复数) n. 委派, 信托, 鉴定合格\n[法] 立案, 备案, 任命",,,,,0,0,0:accreditation/1:s,,
accredited,ә'kreditid,s. given official approval to act,v. 认可（accredit的过去分词形式）,,,,,22055,17448,0:accredit/1:dp/d:accredited/p:accredited,,
accredited agent,,,[经] 发行信用证代理人,,,,,0,0,,,
accredited buyer,,,[经] 开证申请人,,,,,0,0,,,
accredited director,,,n. 委任代表,,,,,0,0,,,
accredited investor,,,[经] 有资信的投资者,,,,,0,0,,,
accredited journalist,,,[法] 特派新闻记者,,,,,0,0,,,
accredited law school,,,[法] 备案的法学院,,,,,0,0,,,
accredited representative,,,"[法] 被委任的代表, 授权代理人",,,,,0,0,,,
accreditee,,,[经] 信用证受益者,,,,,0,0,,,
accrediting,,v grant credentials to\nv provide or send (envoys or embassadors) with official credentials\nv ascribe an achievement to,n. 本金增值\nvt. 认可；相信；归功于（accredit的现在分词）,,,,,0,25662,0:accredit/1:i,,
accrediting party,,,[经] 信用证开发方,,,,,0,0,,,
accreditor,,,开信用证申请人(即买方),,,,,0,0,,,
accredits,əˈkredɪts,v grant credentials to\nv provide or send (envoys or embassadors) with official credentials\nv ascribe an achievement to,v. 相信( accredit的第三人称单数 ); 委托; 委任; 把…归结于,,,,,0,0,0:accredit/1:s3,,
accrementition,,"n. The process of generation by development of\n   blastema, or fission of cells, in which the new formation is in all\n   respect like the individual from which it proceeds.",[医] 增生,,,,,0,0,,,
accrementitious,,,[网络] 累积,,,,,0,0,,,
accrescence,ə'kresns,n. Continuous growth; an accretion.,n. 添加；成长,,,,,0,0,,,
accrescent,ә'kresәnt,a. Growing; increasing.\na. Growing larger after flowering.,"a. 成长的, 增大的",,,,,0,0,,,
accrete,æ'kri:t,v. grow together (of plants and organs)\nv. grow or become attached by accretion,"vi. 连生, 合生, 附依\nvt. 使依附, 使连接\na. 合生的",,,,gre,42751,27629,d:accreted/p:accreted/3:accretes/i:accreting,,
accreted,æˈkri:tid,v grow together (of plants and organs)\nv grow or become attached by accretion,v. 共生( accrete的过去式和过去分词 ); 合生; 使依附; 使连接,,,,,0,0,0:accrete/1:dp,,
accretes,æˈkri:ts,v grow together (of plants and organs)\nv grow or become attached by accretion,v. 共生( accrete的第三人称单数 ); 合生; 使依附; 使连接,,,,,0,0,0:accrete/1:3,,
accretin,,,[医] 阿克里丁(垂体前叶生长激素制剂),,,,,0,0,,,
accreting,æˈkri:tɪŋ,v grow together (of plants and organs)\nv grow or become attached by accretion,v. 共生( accrete的现在分词 ); 合生; 使依附; 使连接,,,,,0,0,0:accrete/1:i,,
accretion,æ'kri:ʃәn,n. an increase by natural growth or addition\nn. something contributing to growth or increase\nn. (astronomy) the formation of a celestial object by the effect of gravity pulling together surrounding objects and gases,"n. 自然增大, 添加, 添加物, 连生\n[化] 停滞堆积",,,,gre,22082,17492,s:accretions,,
accretion disk,əˈkri:ʃən disk,, 吸积盘,,,,,0,0,,,
accretion lines,,,"[医] 增积线, 钙化线, 雷济厄斯氏线",,,,,0,0,,,
accretion of population,,,[医] 人口增加,,,,,0,0,,,
accretionary,,s marked or produced by accretion,生长的\n堆积的\n粘连的,,,,,0,0,,,
accretionary growth,,,[医] 增加生长,,,,,0,0,,,
accretions,ək'ri:ʃnz,n. an increase by natural growth or addition\nn. something contributing to growth or increase\nn. (astronomy) the formation of a celestial object by the effect of gravity pulling together surrounding objects and gases,n. 堆积( accretion的复数形式 ); <植>连生; 添加生长; <天>吸积,,,,,0,0,0:accretion/1:s,,
accretive,,s growing by accretion,[医] 增积的; 粘连的,,,,,0,0,,,
accretor,,,[网络] 加冕者,,,,,0,0,,,
Accrington,'ækriŋtən,,n. 阿克林顿（英国英格兰西北部一座城镇）,,,,,33390,0,,,
accroach,ə'krəutʃ,"v. t. To hook, or draw to one's self as with a hook.\nv. t. To usurp, as jurisdiction or royal prerogatives.",vt. 非法占有；强占,,,,,0,0,i:accroaching,,
accroaching,,"-ing form of accroach\nv. t. To hook, or draw to one's self as with a hook.\nv. t. To usurp, as jurisdiction or royal prerogatives.",(accroach 的现在分词) vt. 非法占有；强占,,,,,0,0,0:accroach/1:i,,
accroachment,,n. An encroachment; usurpation.,n. accroach的变形,,,,,0,0,,,
accroides,,n an alcohol-soluble resin from Australian trees; used in varnishes and in manufacturing paper,[机] 禾木胶,,,,,0,0,,,
accroides (gum),,,[化] 禾木胶,,,,,0,0,,,
accroides gum,,, [化] 禾木胶,,,,,0,0,,,
accroides resin,,,[网络] 树脂,,,,,0,0,,,
accruable,,,a. accrue的变形,,,,,0,0,,,
accrual,ә'kru:әl,n the act of accumulating,"n. 自然增长, 自然增长额\n[经] 应计额, 发生额",,,,,28515,32798,s:accruals,,
accrual accounting,,,[经] 权责发生制会计,,,,,0,0,,,
accrual basis,,,"[经] 应计制, 应计基础, 权责发生制",,,,,0,0,,,
accrual basis accounting,,,[经] 权责发生制会计,,,,,0,0,,,
accrual basis principle,,,[经] 权责发生制原则,,,,,0,0,,,
accrual concept,,,[经] 应计观念,,,,,0,0,,,
accrual convention,,,[经] 权责应计惯例,,,,,0,0,,,
accrual date,,,[经] 应计日期,,,,,0,0,,,
accrual method,,,[经] 应计法,,,,,0,0,,,
accrual method of accounting,,,[经] 会计的应计法,,,,,0,0,,,
accrual method of revenue recognition,,,[经] 营业收入的权责发生确定法,,,,,0,0,,,
accrual of discount,,,[经] 应计贴现,,,,,0,0,,,
accrual of interest,,,[经] 应付(计)利息,,,,,0,0,,,
accrual postulate,,,[经] 应计的假定,,,,,0,0,,,
accrual system,,,[经] 权责发生制,,,,,0,0,,,
accruals,ə'kru:əlz,n. the act of accumulating,n. 获利( accrual的复数形式 ); 利息; 自然增长; 自然增长物,,,,,0,0,0:accrual/1:s,,
accrue,ә'kru:,v. grow by addition\nv. come into the possession of,"vi. 自然增加, 产生\n[经] 应计, 产生, 出现",,1,,gre,8867,12166,i:accruing/d:accrued/3:accrues/p:accrued,,
accrued,ә'krud,s. periodically accumulated over time,a. 应计的；增值的；权责已发生的,,,,,25814,30830,0:accrue/1:dp/d:accrued/p:accrued,,
accrued account,,,[经] 应计帐户,,,,,0,0,,,
accrued and deferred accounts,,,[经] 应计和递延帐户,,,,,0,0,,,
accrued assets,,,"[经] 应计资产, 应收未收款项",,,,,0,0,,,
accrued basis,,,"[经] 应计制, 应计基础, 权责发生制",,,,,0,0,,,
accrued bond interest,,,[经] 应计债券利息,,,,,0,0,,,
accrued bond interest receivable,,,[经] 应计未收债券利息,,,,,0,0,,,
accrued capital,,,[法] 累积资本,,,,,0,0,,,
accrued charge,,,[经] 应计(付)费用,,,,,0,0,,,
accrued charges,,,"[法] 积欠费用, 应付费用",,,,,0,0,,,
accrued commission reveivable,,,[经] 应计未收手续费(佣金),,,,,0,0,,,
accrued cumulative dividends,,,[经] 应计累计股利,,,,,0,0,,,
accrued debit account,,,[经] 应收款帐户(科目),,,,,0,0,,,
accrued depreciation,,,[经] 应计折旧,,,,,0,0,,,
accrued dividend,,,[经] 应计股利,,,,,0,0,,,
accrued expenditure,,,[经] 应付开支,,,,,0,0,,,
accrued expense,,, 应计费用，预提费用,,,,,0,0,,,
accrued expenses,,,[经] 应计费用,,,,,0,0,,,
accrued expenses payable,,,[经] 应计未付费用,,,,,0,0,,,
accrued factory payroll account,,,[经] 应付工厂工资帐户(科目),,,,,0,0,,,
accrued income,,,[经] 应计收益,,,,,0,0,,,
accrued income receivable,,,[经] 应计未收收益,,,,,0,0,,,
accrued interest,,,[经] 应计利息,,,,,0,0,,,
accrued interest on bonds,,,[经] 应计未付债券息,,,,,0,0,,,
accrued interest on mortages,,,[经] 应计未付抵押借款利息,,,,,0,0,,,
accrued interest on notes payable,,,[经] 应计未付期票息,,,,,0,0,,,
accrued interest payable,,,[经] 应计未付利息,,,,,0,0,,,
accrued interest receivable,,,[经] 应计未收利息,,,,,0,0,,,
accrued items,,,[经] 应计项目,,,,,0,0,,,
accrued leave,,,[法] 积存假期,,,,,0,0,,,
accrued liabilities,,,[经] 应计负债应计未付项目,,,,,0,0,,,
accrued payable,,,[经] 应计未付薪工,,,,,0,0,,,
accrued payroll,,,[经] 应计未付薪金,,,,,0,0,,,
accrued personal property taxes,,,[经] 应计未付个人动产税,,,,,0,0,,,
accrued profits,,,[经] 应计未收利益,,,,,0,0,,,
accrued real eatate taxes,,,[经] 应计未付不动产税; 应计未收项目,,,,,0,0,,,
accrued receivable,,,[经] 应计未收项目; 应计租金,,,,,0,0,,,
accrued rent,,,[经] 应计租金,,,,,0,0,,,
accrued rental,,,[法] 累计租金总额,,,,,0,0,,,
accrued revenue,,,[经] 应计未付薪金,,,,,0,0,,,
accrued salaries payable,,,[经] 应计未付薪金,,,,,0,0,,,
accrued taxes,,,[经] 应计未付税捐,,,,,0,0,,,
accrued taxes estimated,,,[经] 估计应付税捐,,,,,0,0,,,
accrued wages,,,[经] 应计未付工资,,,,,0,0,,,
accruement,ә'kru:mәnt,n the act of accumulating,"n. 获利, 利息, 自然增长",,,,,0,0,,,
accrues,əˈkru:z,v grow by addition\nv come into the possession of,v. 增加( accrue的第三人称单数 ); （通过自然增长）产生; 获得; （使钱款、债务）积累,,,,,0,0,0:accrue/1:3,,
accruing,,p. pr. & vb. n. of Accrue,自然增长\n积累（accrue的现在分词）,,,,,0,0,0:accrue/1:i,,
accruing costs,,,[法] 自然增加的讼费,,,,,0,0,,,
accruing rihgt,,,[法] 自然扩大的权利,,,,,0,0,,,
accrul basis,,,[法] 获利基础,,,,,0,0,,,
accs,,,abbr. 亚洲校园信息化研究项目组（Asian Campus Computing Survey）；空调离合器循环开关（Air Conditoning Cycling Switch）；自动呼叫卡业务（Automatic Calling Card Service）；航天指挥控制系统（Aerospace Command Control System）；空中桥梁，空运线（air cargo community system）,,,,,0,0,,,
accss,,"n. a command that is the primary provider of air combat weapon systems to the United States Air Force; operates fighter, bomber, reconnaissance, battle-management, and rescue aircraft",n. 通路;进入<br />v. 存取;访问;取数,,,,,0,0,,,
acct,,,abbr. 美国挑战性课程技术协会（Association for Challenge Course Technology）；帐目（account）,,,,,0,0,,,
acctal resin,,,[机] 缩醛树脂,,,,,0,0,,,
accts,,,Airline Coordinating Committee for Telephone Service 航空公司电话服务协调委员会,,,,,0,0,,,
accu,,,abbr. 联合国教科文组织亚洲文化中心（Asian Cultural Center of UNESCO）,,,,,0,0,,,
accueil,,,n. [法语]接待处；招待,,,,,0,0,,,
acculturalization,,,[网络] 涵化；涵化论；转化文化,,,,,0,0,,,
acculturate,ә'kʌltʃәreit,v. assimilate culturally,vi. 适应新的文化习俗\nvt. 使适应新的文化习俗,,,,,0,25945,p:acculturated/d:acculturated/i:acculturating/3:acculturates,,
acculturated,əˈkʌltʃəˌreitid,v assimilate culturally,v. 适应文化使适应文化( acculturate的过去式和过去分词 ),,,,,0,0,0:acculturate/1:pd,,
acculturates,əˈkʌltʃəˌreits,v assimilate culturally,v. 适应文化使适应文化( acculturate的第三人称单数 ),,,,,0,0,1:3/0:acculturate,,
acculturating,əˈkʌltʃəˌreitɪŋ,v assimilate culturally,v. 适应文化使适应文化( acculturate的现在分词 ),,,,,0,0,1:i/0:acculturate,,
acculturation,ә.kʌltʃә'reiʃәn,n. all the knowledge and values shared by a society\nn. the process of assimilating new ideas into an existing cognitive structure,"n. 文化互渗, 文化适应",,,,,0,11780,,,
acculturational,,a of or relating to acculturation,a. acculturation的变形,,,,,0,0,,,
acculturative,,a of or relating to acculturation,文化适应的,,,,,0,33348,,,
acculture,,,[网络] 养殖,,,,,0,0,,,
accultured,,,[网络] 被认证,,,,,0,0,,,
acculturize,ә'kʌltʃәraiz,,v. 使...接受外来文化,,,,,0,0,,,
ACCUM,,,[计] 累加器,,,,,0,0,,,
accumbency,ə'kʌmbənsi,n. The state of being accumbent or reclining.,n. accumbent的变形,,,,,0,0,,,
accumbent,ә'kʌmbәnt,s. lying down; in a position of comfort or rest,a. 横卧的,,,,,0,0,,,
accumlation,,,[计] 累加,,,,,0,0,,,
accumlation distribution unit,,,[计] 累加分配器,,,,,0,0,,,
accumlator,,,[计] 累加器,,,,,0,0,,,
accumlator jump instruction,,,[计] 累加器转移指令,,,,,0,0,,,
accumulate,ә'kju:mjuleit,v. collect or gather,"v. 积聚, 堆积",,2,,gk cet4 cet6 ky toefl ielts gre,4997,5083,d:accumulated/i:accumulating/3:accumulates/p:accumulated,,
accumulate at interest,,,"[经] 利息积累, 利息繁殖",,,,,0,0,,,
accumulated,,v get or gather together\nv collect or gather\ns periodically accumulated over time,a. 累计的；累积的；达到,,,,,11405,12345,0:accumulate/1:dp/d:accumulated/p:accumulated,,
accumulated account,,,[法] 累积帐户,,,,,0,0,,,
accumulated amortization,,,[经] 累计摊销,,,,,0,0,,,
accumulated amount of 1,,,[经] 一的累积额,,,,,0,0,,,
accumulated capital,,,[经] 累计资本,,,,,0,0,,,
accumulated case,,,[法] 累积案件,,,,,0,0,,,
accumulated damage,,,[化] 累积损伤,,,,,0,0,,,
accumulated deficit,,,"[经] 累计亏空, 赤字累计",,,,,0,0,,,
accumulated depletion,,,"[经] 累计耗竭, 累计储量递减",,,,,0,0,,,
accumulated depreciation,,,[经] 累积折旧,,,,,0,0,,,
accumulated dividends,,,"[经] 累计股利, 累计拖欠股利",,,,,0,0,,,
accumulated earnings,,,[经] 累计收益(盈余),,,,,0,0,,,
accumulated earnings tax,,,[经] 累计收益税,,,,,0,0,,,
accumulated error,,,[计] 积累误差,,,,,0,0,,,
accumulated expenditure,,,[经] 累计支出,,,,,0,0,,,
accumulated fund,,,[经] 累计基金,,,,,0,0,,,
accumulated income,,,[经] 累计收益,,,,,0,0,,,
accumulated interest,,,[经] 累计利息,,,,,0,0,,,
accumulated loss,,,[法] 累积损失,,,,,0,0,,,
accumulated of funds,,,[法] 资金累积,,,,,0,0,,,
accumulated patent amortization,,,[经] 累计专利摊销,,,,,0,0,,,
accumulated pitch error,,,[机] 累积节距误差,,,,,0,0,,,
accumulated plastic strain,,,[化] 累积塑性应变,,,,,0,0,,,
accumulated profit,,,[经] 累计利润,,,,,0,0,,,
accumulated profit tax,,,[经] 累计利润税,,,,,0,0,,,
accumulated proprietorship,,,[法] 累积所有权,,,,,0,0,,,
accumulated reproducer,,,[电] 累计复制机,,,,,0,0,,,
accumulated round-off,,,[计] 累计舍入,,,,,0,0,,,
accumulated surplus,,,[经] 累计盈余(公积),,,,,0,0,,,
accumulated total punch,,,[计] 累计穿孔机,,,,,0,0,,,
accumulated total punching,,,[电] 累计总打孔数,,,,,0,0,,,
accumulated value,,,[经] 累加值,,,,,0,0,,,
accumulated wealth,,,[经] 累计财富,,,,,0,0,,,
accumulates,əˈkju:mjuleits,v get or gather together\nv collect or gather,"v. 堆积, 积累( accumulate的第三人称单数 ); （数量）逐渐增加, （质量）渐渐提高",,,,,0,0,0:accumulate/1:3,,
accumulating,,v get or gather together\nv collect or gather,[计] 累加,,,,,40536,32355,0:accumulate/1:i/i:accumulating,,
accumulating counter,,,[计] 累加计数器,,,,,0,0,,,
accumulating reproducer,,,[计] 累加复孔机,,,,,0,0,,,
accumulation,ә.kju:mju'leiʃәn,n. the act of accumulating\nn. (finance) profits that are not paid out as dividends but are added to the capital base of the corporation,"n. 积聚, 累积, 积聚物\n[医] 蓄积, 累积",,1,,toefl,5822,8460,s:accumulations,,
accumulation account,,,[经] 累计帐户,,,,,0,0,,,
accumulation disease,,,"[医] 贮积病, 沉着病",,,,,0,0,,,
accumulation distribution,,,[经] 累计分配,,,,,0,0,,,
accumulation factor,,,[经] 累计系数,,,,,0,0,,,
accumulation layer,,,[电] 积层,,,,,0,0,,,
accumulation mode,,,[计] 累加态,,,,,0,0,,,
accumulation of capital,,,[经] 资本的积累,,,,,0,0,,,
accumulation of discount,,,[经] 折价的累计(累积),,,,,0,0,,,
accumulation of excess cash balance,,,[经] 过量现金结存,,,,,0,0,,,
accumulation of funds,,,[经] 资金积累,,,,,0,0,,,
accumulation plan,,,[经] 积聚(购储)方案,,,,,0,0,,,
accumulation policy,,,[经] 积聚保险,,,,,0,0,,,
accumulation principle,,,[机] 蓄积原理,,,,,0,0,,,
accumulation register,,,[计] 累加寄存器,,,,,0,0,,,
accumulation schedule,,,[经] 累计表,,,,,0,0,,,
accumulation settlement,,,[经] 累计结算,,,,,0,0,,,
accumulation trust,,,"[经] 储畜信托, 积累信托",,,,,0,0,,,
accumulation units,,,[经] 积累单位,,,,,0,0,,,
accumulation-quotient register,,,[计] 累加-商寄存器,,,,,0,0,,,
accumulational,әkjuːmjuˊleiʃәnәl,,a. 堆积的,,,,,0,0,,,
accumulations,əˌkju:mjəˈleɪʃənz,n. an increase by natural growth or addition\nn. several things grouped together or considered as a whole\nn. the act of accumulating,n. 积累( accumulation的复数形式 ); 堆积物; 累积量; <会计>（利润、息金带来的）资本增益,,,,,0,0,0:accumulation/1:s,,
accumulative,ә'kju:mjulәtiv,s. increasing by successive addition\ns. marked by acquiring or amassing,"a. 积聚而成的, 累积的\n[经] 累积的, 累计的",,,,,44701,35226,,,
accumulative action,,,[机] 累积作用,,,,,0,0,,,
accumulative carry,,,[计] 累加进位,,,,,0,0,,,
accumulative crystallization,,,[化] 聚集结晶,,,,,0,0,,,
accumulative desire,,,[经] 积聚愿望,,,,,0,0,,,
accumulative effect,,,[化] 累积效果,,,,,0,0,,,
accumulative error,,,[计] 累积误差\n[化] 累积误差; 累计误差,,,,,0,0,,,
accumulative estimation,,,[计] 累积估计,,,,,0,0,,,
accumulative evidence,,,"[法] 复证, 累积证据",,,,,0,0,,,
accumulative formations,,,[机] 堆集形成,,,,,0,0,,,
accumulative legacy,,,"[法] 累积遗赠, 双重遗赠",,,,,0,0,,,
accumulative offence,,,[法] 累犯,,,,,0,0,,,
accumulative penalty,,,"[法] 累积刑罚, 加重处罚",,,,,0,0,,,
accumulative reception,,,[计] 累积接收,,,,,0,0,,,
accumulative sampling,,,[化] 聚集取样,,,,,0,0,,,
accumulative sentence,,,"[法] 与前刑合并的判决, 累积判决, 累积服刑判决",,,,,0,0,,,
accumulative sinking fund,,,[经] (或cumulative sinking)累计偿债基金,,,,,0,0,,,
accumulative solution,,,[计] 累积解,,,,,0,0,,,
accumulative stock,,,[经] 股息累计股本,,,,,0,0,,,
accumulative total,,,[计] 累加总和,,,,,0,0,,,
accumulative trust,,,[法] 累积信托,,,,,0,0,,,
accumulatively,әˊkjuːmjulәtivli,,adv. 累积地,,,,,0,0,,,
accumulativeness,,,n. accumulative的变形,,,,,0,0,,,
accumulator,ә'kju:mjuleitә,n. (computer science) a register that has a built-in adder that adds an input number to the contents of the register,"n. 积聚者, 蓄能器, 蓄电池\n[计] 累加器",,,,,13491,35579,s:accumulators,,
accumulator address,,,[计] 累加器地址,,,,,0,0,,,
accumulator addressing mode,,,[计] 累加器寻址方式,,,,,0,0,,,
accumulator air,,,[机] 空气蓄压器,,,,,0,0,,,
accumulator bos,,,[机] 蓄电(池)槽,,,,,0,0,,,
accumulator car,,,[化] 贮藏车,,,,,0,0,,,
accumulator cell,,,[机] 蓄电池,,,,,0,0,,,
accumulator jar,,,[机] 蓄电瓶,,,,,0,0,,,
accumulator jump instruction,,,[计] 累加器转移指令,,,,,0,0,,,
accumulator latch,,,[计] 累加闩锁,,,,,0,0,,,
accumulator locomotive,,,[机] 蓄电池机车,,,,,0,0,,,
accumulator of gas,,,[医] 气体蓄积器,,,,,0,0,,,
accumulator plate,,,[机] 蓄电(池极)板,,,,,0,0,,,
accumulator pocket,,,[化] 储气筒袋,,,,,0,0,,,
accumulator register,,,[计] 累加寄存器,,,,,0,0,,,
accumulator room,,,[机] 蓄电池室,,,,,0,0,,,
accumulator shift instruction,,,[计] 累加器移位指令,,,,,0,0,,,
accumulator still,,,[机] 缓冲釜,,,,,0,0,,,
accumulator tank,,,"[机] 储蓄槽, 蓄电(池)槽",,,,,0,0,,,
accumulator tanks,,,"[经] 存贮罐, 集油罐",,,,,0,0,,,
accumulator tester,,,[机] 蓄电池检验器,,,,,0,0,,,
accumulator transfer instruction,,,[电] 累积器跳越指令,,,,,0,0,,,
accumulator tray,,,[机] 蓄电盘,,,,,0,0,,,
accumulator tube,,,[化] 储气筒管,,,,,0,0,,,
accumulator-separator,,,[化] 蓄电池隔板,,,,,0,0,,,
accumulators,,plural of accumulator\nn. (computer science) a register that has a built-in adder that adds an input number to the contents of the register,"(accumulator 的复数) n. 积聚者, 蓄能器, 蓄电池\n[计] 累加器",,,,,0,0,0:accumulator/1:s,,
accupril,əku:p'rɪl,, [医]喹那普利（抗高血压药）,,,,,0,0,,,
accur,ə'kɜ:,,abbr. accuratissime (Latin=most accurately) （拉丁语）最精确的,,,,,0,0,d:accurred/s:accurs,,
accura,,,n. 射门角度,,,,,0,0,,,
accuracies,ˈækjurəsiz,n. the quality of being near to the true value\nn. (mathematics) the number of significant figures given in a number,"n. 精确（性）, 准确（性）( accuracy的复数形式 )",,,,,0,0,0:accuracy/1:s,,
accuracy,'ækjurәsi,n. the quality of being near to the true value\nn. (mathematics) the number of significant figures given in a number,"n. 精确, 正确\n[计] 准确度",,,,gk cet4 cet6 ky toefl ielts gre,3958,4076,s:accuracies,,
accuracy class,,,[计] 精度等级,,,,,0,0,,,
accuracy constraint,,,[计] 精度约束,,,,,0,0,,,
accuracy control character,,,[计] 准确度控制字符,,,,,0,0,,,
accuracy control system,,,[计] 准确度控制系统,,,,,0,0,,,
accuracy index,,,[计] 精度指数,,,,,0,0,,,
accuracy of finishing,,,[机] 最后加工精度,,,,,0,0,,,
accuracy of foundation,,,[化] 基础的精确度,,,,,0,0,,,
accuracy of instrument,,,[化] 仪表精确度,,,,,0,0,,,
accuracy of operation,,,[计] 运算精度,,,,,0,0,,,
accuracy of reading,,,[机] 读数准确度,,,,,0,0,,,
accuracy rating,,,[计] 精度标称值\n[经] 准确率评定,,,,,0,0,,,
accuracy rating of an instrument,,,[电] 仪器的额定准确度,,,,,0,0,,,
accuracy rating of instrument,,,[电] 仪器准确度范围,,,,,0,0,,,
accuracy time,,,[计] 准确度时间,,,,,0,0,,,
accuracy variable,,,[计] 精度变量,,,,,0,0,,,
accurate,'ækjurәt,"a. conforming exactly or almost exactly to fact or to a standard or performing with total accuracy\ns. (of ideas, images, representations, expressions) characterized by perfect conformity to fact or truth; strictly correct","a. 正确的, 精确的\n[经] 准确的, 精确的",,3,1,cet4 cet6 ky toefl ielts gre,2738,2728,,,
accurate adjustment,,,[计] 精密调整,,,,,0,0,,,
accurate calculator,,,"[经] 计算高手, 能手",,,,,0,0,,,
accurate to dimension,,,[化] 符合加工尺寸,,,,,0,0,,,
accurately,'ækjurәtli,r. with few mistakes\nr. strictly correctly,"adv. 正确地, 精确地",,,1,,4484,4898,,,
accurately-defined system,,,[计] 精确定义的系统,,,,,0,0,,,
accurateness,'ækjureitnis,n. The state or quality of being accurate; accuracy;\n   exactness; nicety; precision.,n. 正确度,,,,,0,0,,,
accurize,'ækjəraiz,,vt. [美国英语]= accurise,,,,,0,0,,,
accurred,,past participle of accur,(accur 的过去分词) abbr. accuratissime (Latin=most accurately) （拉丁语）最精确的,,,,,0,0,0:accur/1:d,,
accurs,,plural of accur,(accur 的复数) abbr. accuratissime (Latin=most accurately) （拉丁语）最精确的,,,,,0,0,0:accur/1:s,,
accurse,,v. t. To devote to destruction; to imprecate misery or evil\n   upon; to curse; to execrate; to anathematize.,被咒的,,,,,0,0,,,
accursed,ә'kә:sid,s. under a curse,"a. 被咒的, 注定完蛋的, 讨厌的",,,,,35086,28057,,,
accursedly,ə'kə:sidli,,adv. accursed的变形,,,,,0,0,,,
accursedness,ə'kə:sidnis,,n. accursed的变形,,,,,0,0,,,
accursing,,,[网络] 准确,,,,,0,0,,,
accurso,,,n. (Accurso)人名；(意)阿库尔索,,,,,0,0,,,
accurst,ә'kә:st,s under a curse,"a. 被咒的, 注定完蛋的, 讨厌的",,,,,0,0,,,
accus,'əkəs,,"abbr. accusative 对格（的）, 宾格（的）",,,,,0,0,,,
accusable,ә'kju:zәbl,a. Liable to be accused or censured; chargeable with a\n   crime or fault; blamable; -- with of.,"a. 可指责的, 可指控的\n[法] 可指控的, 可指责的",,,,,0,0,,,
accusal,ә'kju:zәl,n a formal charge of wrongdoing brought against a person; the act of imputing blame or guilt,n. 谴责；控告；罪名（等于accusation）,,,,,0,0,,,
accusant,ә'kju:sәnt,n. An accuser.,"n. 指控者\n[法] 原告, 控告人, 指责者",,,,,0,0,,,
accusation,ækju:'zeiʃәn,n. a formal charge of wrongdoing brought against a person; the act of imputing blame or guilt\nn. an assertion that someone is guilty of a fault or offence,"n. 控告, 指控, 指责\n[法] 控告, 起诉, 告发",,2,,toefl,5025,4870,s:accusations,,
accusation evidence,,,[法] 控告的证据,,,,,0,0,,,
accusation of crime,,,[法] 被指控犯罪,,,,,0,0,,,
accusations,ˌækju:ˈzeɪʃənz,n. a formal charge of wrongdoing brought against a person; the act of imputing blame or guilt\nn. an assertion that someone is guilty of a fault or offence,n. 指责( accusation的复数形式 ); 指控; 控告; （被告发、控告的）罪名,,,,,0,0,0:accusation/1:s,,
accusatival,ә.kju:zә'taivәl,a. Pertaining to the accusative case.,a. 宾格的,,,,,0,0,,,
accusative,ә'kju:zәtiv,n. the case of nouns serving as the direct object of a verb\ns. containing or expressing accusation,a. 宾格的\nn. 宾格,,,,,0,0,,,
accusative case,,,宾格,,,,,0,0,,,
accusatives,ə'kjuːzətɪv,,adj. 宾格的\nn. 宾格,,,,,0,0,,,
accusatorial,әkju:zә'tɒ:riәl,a. specifically indicating a form of prosecution in which one is publicly accused of and tried for a crime and in which the judge is not also the prosecutor,a. 控告人一方的,,,,,0,0,,,
accusatorially,,adv. By way accusation.,adv. accusatorial的变形,,,,,0,0,,,
accusatorily,,,[网络] 指责,,,,,0,0,,,
accusatory,ә'kju:zәtәri,s containing or expressing accusation,"a. 控诉的, 指责的\n[法] 控诉的, 起诉的, 告发的",,,,,39630,24222,,,
accuse,ә'kju:z,v. bring an accusation against; level a charge against,"vt. 指责, 控告, 归咎于\nvi. 指责, 控告",,4,1,gk cet4 cet6 ky toefl ielts gre,1893,2024,d:accused/p:accused/i:accusing/3:accuses,,
accuse falsely,,,[法] 诬告,,,,,0,0,,,
accuse of,əˈkju:z ɔv,, 指责，控告,,,,,0,0,,,
accuse sb as,,,控告某人是…,,,,,0,0,,,
accuse sb in an action,,,"控告某人,对某人提出起诉",,,,,0,0,,,
accuse sb of sth,,,控告某人做了某事,,,,,0,0,,,
accuse sb. of a crime,,,"[法] 控告某人有罪, 加罪于某人",,,,,0,0,,,
accused,ә'kju:zd,n. a defendant in a criminal proceeding,n. 被告,,1,,,5476,9385,0:accuse/1:dp/d:accused/p:accused,,
accused as witness,,,[法] 作为证人的被告,,,,,0,0,,,
accused person,,,"[法] 被检控人, 被控告人, 被告",,,,,0,0,,,
accuser,ә'kju:zә,n. someone who imputes guilt or blame,"n. 控诉者, 指责者\n[法] 原告, 指控人, 控告者",,,,ielts,23013,12584,s:accusers,,
accusers,əˈkju:zəz,n. someone who imputes guilt or blame,n. 原告( accuser的复数形式 ),,,,,0,0,0:accuser/1:s,,
accuses,əˈkju:ziz,"v bring an accusation against; level a charge against\nv blame for, make a claim of wrongdoing or misbehavior against","v. 指责, 谴责, 控告( accuse的第三人称单数 )",,,,,0,0,0:accuse/1:3,,
accusing,ә'kju:ziŋ,"v bring an accusation against; level a charge against\nv blame for, make a claim of wrongdoing or misbehavior against\ns containing or expressing accusation","a. 指责的, 非难的",,,,,23613,27255,0:accuse/1:i/i:accusing,,
accusing party,,,"[法] 控诉方, 控告方",,,,,0,0,,,
accusingly,ә'kju:ziŋli,r. in an accusing manner,adv. 责难地,,,,,26842,26411,,,
accusive,,,[网络] 引诱,,,,,0,0,,,
accustom,ә'kʌstәm,v make psychologically or physically used (to something),vt. 使习惯于,,1,,cet4 cet6 ky toefl,14055,7584,d:accustomed/p:accustomed/3:accustoms/i:accustoming,,
accustom oneself to,,,使自己习惯于…,,,,,0,0,,,
accustomation,"ə,kʌstə'meiʃən",,n. accustom的变形,,,,,0,0,,,
accustomed,ә'kʌstәmd,a. (often followed by `to') in the habit of or adapted to\ns. commonly used or practiced; usual,"a. 惯常的, 习惯了的",,1,,gk cet4 cet6 ky toefl,6431,8524,d:accustomed/0:accustomed/1:dp/p:accustomed,,
accustomed to,əˈkʌstəmd tu:,, 习惯于···,,,,,0,0,,,
accustomedness,,n. Habituation.,n. accustomed的变形,,,,,0,0,,,
accustoming,ə'kʌstəm,p. pr. & vb. n. of Accustom,vt. 使习惯于,,,,,0,0,0:accustome/1:i,,
accustoms,əˈkʌstəmz,v make psychologically or physically used (to something),v. （使）习惯于( accustom的第三人称单数 ),,,,,0,0,0:accustom/1:3,,
accutane,,,n. 青春痘特效药,,,,,0,0,,,
accutron,'ækju:trɒn,,n. 阿克特隆电子表,,,,,0,0,,,
ACD,,,[计] 自动呼叫分配,,,,,0,0,,,
acda,,,abbr. 军备监督和裁军署（Arms Control and Disarmament Agency）,,,,,0,0,,,
acdiophilic,,,a. 嗜酸的,,,,,0,0,,,
ACDL,,,[计] 异步电路设计语言,,,,,0,0,,,
acdsee,,,n. 看图软件,,,,,0,0,,,
ace,eis,n. one of four playing cards in a deck having a single pip on its face\nn. someone who is dazzlingly skilled in any field\nn. a serve that the receiver is unable to reach\nv. score an ace against,"n. 幺点, 好手, 少许, 发球得分\na. 一流的, 杰出的\n[计] 应答允许, 自适应计算机试验, 自动呼叫设备, 自动执行控制",,2,,,4892,13343,s:aces/i:acing/p:aced/3:aces/d:aced,,
ace bandage,,,[医] 布织绷带,,,,,0,0,,,
ace in the hole,,,"底牌,王牌,出奇制胜;应急法宝,锦囊妙计",,,,,0,0,,,
ACE inhibitor,,,血管紧张素转化酶抑制剂,,,,,0,0,,,
ace of clubs,,,[网络] 巨型棍棒；王牌俱乐部,,,,,0,0,,,
ace of diamonds,,,[网络] 一张方块,,,,,0,0,,,
ace of hearts,,, 灵犬艾茜,,,,,0,0,,,
ace of spades,,, 黑桃A; 黑人; 寡妇,,,,,0,0,,,
ace-high,'eis'hai,,"a. 受崇敬的, 受喜爱的",,,,,0,0,,,
ace-in-the-hole,,,最后王牌；杀手锏,,,,,0,0,,,
ace-taminophenol,,,[化] 乙酰氨基苯酚,,,,,0,0,,,
ACE.,,,[医] 肾上腺皮质浸膏,,,,,0,0,,,
aceanthrene,,,[化] 醋蒽,,,,,0,0,,,
aceanthrenequinone,,,[化] 醋蒽醌,,,,,0,0,,,
acebrochol,,,醋布洛可,,,,,0,0,,,
acebutolol,,n an oral beta blocker (trade name Sectral) used in treating hypertension,[化] 醋丁洛尔,,,,,0,0,,,
acec,,,abbr. Army Communications and Electronic Command (USA) 陆军通信与电子司令部（美国）; Alcoholism Counseling and Education Center 酒精中毒咨询与教育中心; Alcohol Counseling and Education Center 酒精顾问与教育中心; Arabia Consulting Engineering Center （沙特）阿拉伯咨询工程中心,,,,,0,0,,,
acecainide,,,[化] 乙酰卡尼,,,,,0,0,,,
acecarbromal,,,[化] 醋卡溴脲; 乙酰二乙溴乙酰脲,,,,,0,0,,,
aceclidine,,,醋克立定,,,,,0,0,,,
acecoline,,,[医] 氯化乙酰胆硷,,,,,0,0,,,
aced,,v succeed at easily\nv score an ace against\nv play (a hole) in one stroke\nv serve an ace against (someone),vt. 发球得分（ace的过去式与过去分词形式）,,,,,0,0,,,
acedapsone,,,[化] 醋氨苯砜; 二乙酰氨苯砜,,,,,0,0,,,
acedia,ә'si:diә,n apathy and inactivity in the practice of virtue (personified as one of the deadly sins),"n. 倦怠, 漠然\n[医] 淡漠忧郁症",,,,,0,0,,,
acediasulfone,,,[化] 醋地砜,,,,,0,0,,,
acedicon,,,[医] 阿西迪康(乙酰可待因异构物的商品名),,,,,0,0,,,
acedious,,,[网络] 厌恶,,,,,0,0,,,
acedronoles,,,[机] 醋椿脑染料,,,,,0,0,,,
acee,,," [计]= accessor environment element,[RACF]存取者环境元",,,,,0,0,,,
aceee,,,abbr. American Council for an Energy Efficient Economy 美国能源有效经济利用理事会,,,,,0,0,,,
acefylline piperazine,,,[化] 哌醋茶碱嗪,,,,,0,0,,,
aceglatone,,,[化] 醋葡醛内酯,,,,,0,0,,,
aceglutamide,,,[化] 醋谷胺,,,,,0,0,,,
aceh,,,n. 亚齐省（印度尼西亚最西部的一个省）,,,,,0,0,,,
Acehnese,,,[网络] 亚齐人；济人；亚齐语,,,,,0,0,,,
acehpatemet,,,[机] 甲氨磷,,,,,0,0,,,
aceidnental psychosis,,,[医] 灾害性精神病,,,,,0,0,,,
aceko-black,,,[机] 醋黑,,,,,0,0,,,
acela,,,阿西乐特快（Acela Express）,,,,,0,0,,,
Aceldama,ә'keldәmә,"n. The potter's field, said to have lain south of Jerusalem,\n   purchased with the bribe which Judas took for betraying his Master, and\n   therefore called the field of blood. Fig.: A field of bloodshed.","n. (<<圣经>>中的)血田, 流血之地",,,,,0,0,,,
Acele,,,阿西尔醋酯纤维,,,,,0,0,,,
acelerated filtration,,,[机] 加速过泸,,,,,0,0,,,
acelia,,,"[医] 无腹[畸形], 无体腔[畸形]",,,,,0,0,,,
acellular,ei'seljulә,a not made up of or divided into cells,"a. 非细胞的,非细胞组成的",,,,,0,43366,,,
acellular cementum,,,[医] 无细胞牙骨质,,,,,0,0,,,
acellular slime mold,eiˈseljulə slaɪm məuld,, 非集胞粘菌,,,,,0,0,,,
acelomate,,,[医] 无体腔的,,,,,0,0,,,
acelosis,,,"[医] 无腹[畸形], 无体腔[畸形]",,,,,0,0,,,
acelous,'æsləs,, [医]无凹（面）的,,,,,0,0,,,
acemecholine chloride,,,[医] 氯化乙酰甲胆硷,,,,,0,0,,,
acemetacin,,,[化] 阿西美辛,,,,,0,0,,,
acen,,,n. (Acen)人名；(西)阿森,,,,,0,0,,,
acenaphthene,",æsә'næfθi:n",,"n. [化]苊,萘嵌戊烷",,,,,0,0,,,
acenaphthene quinone,,,[化] 苊醌,,,,,0,0,,,
acenaphthenone,,,[化] 苊酮,,,,,0,0,,,
acenaphthenyl,",æsә'næfθәnil",,苊基,,,,,0,0,,,
acenaphthenylene,,,"[化] 1,2-亚苊基",,,,,0,0,,,
acenaphthenylidene,,,"[化] 1,1-亚苊基",,,,,0,0,,,
acenaphthylene,,,[化] 苊烯,,,,,0,0,,,
acendrada,ә'sendrәdә,,白泥灰岩,,,,,0,0,,,
acene,,,[化] 并苯,,,,,0,0,,,
acenesthesia,,,"[医] 存在感觉缺失, 普通感觉缺失",,,,,0,0,,,
acenocoumarin,,,[化] 醋硝香豆素; 新抗凝,,,,,0,0,,,
acenocoumarol,,,[化] 醋硝香豆素; 新抗凝,,,,,0,0,,,
acentric,ә'sentric,a. lacking a centromere\ns. not centered or having no center,"a. 无中心的\n[医] 偏心的, 非正中的; 非中枢的",,,,,0,0,,,
acentric chromosome,əˈsentrik ˈkrəʊməˌsəʊm,, 无着丝粒染色体,,,,,0,0,,,
acentric factor,,,[化] 偏心因子,,,,,0,0,,,
acentric occlusion,,,[医] 离[正]中Ж,,,,,0,0,,,
acentrous,,,无体椎,,,,,0,0,,,
aceognosia,,,"[医] 治疗知识, 治疗论",,,,,0,0,,,
aceology,,,[医] 药疗学,,,,,0,0,,,
acep,,,abbr. 美国急救医师学会（american college of emergency physicians）,,,,,0,0,,,
aceperinaphthane,,,[化] 醋代萘烷,,,,,0,0,,,
aceperone,,,[化] 醋哌隆,,,,,0,0,,,
acephalemia,,,[医] 头部血液缺乏,,,,,0,0,,,
acephalia,,n absence of the head (as in the development of some monsters),[医] 无头[畸形],,,,,0,0,,,
Acephalina,,,无头亚目,,,,,0,0,,,
acephalism,,n absence of the head (as in the development of some monsters),[医] 无头[畸形],,,,,0,0,,,
acephalobrachia,,,[医] 无头无臂[畸形],,,,,0,0,,,
acephalobrachius,,,[医] 无头无臂畸胎,,,,,0,0,,,
acephalocardia,,,[医] 无头无心[畸形],,,,,0,0,,,
acephalocardius,,,[医] 无头无心畸胎,,,,,0,0,,,
acephalochiria,,,[医] 无头无手[畸形],,,,,0,0,,,
acephalochirus,,,[医] 无头无手畸胎,,,,,0,0,,,
acephalocyst,,"n. A larval entozoon in the form of a subglobular or\n   oval vesicle, or hydatid, filled with fluid, sometimes found in the\n   tissues of man and the lower animals; -- so called from the absence of\n   a head or visible organs on the vesicle. These cysts are the immature\n   stages of certain tapeworms. Also applied to similar cysts of different\n   origin.",[医] 无头囊,,,,,0,0,,,
acephalocystis,,,[医] 无头囊,,,,,0,0,,,
Acephalocystis granulosus,,,[医] 细粒棘球绦虫,,,,,0,0,,,
acephalocystis plana,,,[医] 腱鞘及肌结石,,,,,0,0,,,
acephalocystis racemosa,,,[医] 葡萄胎,,,,,0,0,,,
acephalogaster,,,[医] 无头胸上腹畸胎,,,,,0,0,,,
acephalogastria,,,[医] 无头胸上腹[畸形],,,,,0,0,,,
acephalopodia,,,[医] 无头无足[畸形],,,,,0,0,,,
acephalopodius,,,[医] 无头无足畸胎,,,,,0,0,,,
acephalorachia,,,[医] 无头无脊柱[畸形],,,,,0,0,,,
acephalorrhachus,,,[医] 无头无脊柱畸胎,,,,,0,0,,,
acephalostomia,,,[医] 无头无口[畸形],,,,,0,0,,,
acephalostomus,,,[医] 无头无口畸胎,,,,,0,0,,,
acephalothoracia,,,[医] 无头无胸[畸形],,,,,0,0,,,
acephalothorus,,,[医] 无头无胸畸胎,,,,,0,0,,,
acephalous,ә'sefәlәs,s. lacking a head or a clearly defined head,"a. 无头的, 没有首领的\n[医] 无头的",,,,,0,0,,,
acephalus,,,[医] 无头畸胎,,,,,0,0,,,
acephalus dibrachius,,,[医] 双臂[不全性]无头畸胎,,,,,0,0,,,
acephalus dipus,,,[医] 双腿[不全性]无头畸胎,,,,,0,0,,,
acephalus monobrachius,,,[医] 单臂无头畸胎,,,,,0,0,,,
acephalus monopus,,,[医] 单腿无头畸胎,,,,,0,0,,,
acephalus Paracephalus,,,[医] 不全颅无脑畸胎,,,,,0,0,,,
acephalus sympus,,,[医] 无头并足畸胎,,,,,0,0,,,
acephaly,,n absence of the head (as in the development of some monsters),[医] 无头[畸形],,,,,0,0,,,
acephate,,,[化] 高灭磷,,,,,0,0,,,
acephatemet,,,甲胺磷,,,,,0,0,,,
acepromazine,,,[化] 乙酰丙嗪; 乙酰普马嗪,,,,,0,0,,,
aceptance of work,,,[化] 加工验收,,,,,0,0,,,
acequia,ә'seikjә,,n. (美国西南部的)灌溉水渠,,,,,0,42339,,,
acequia madre,,,[网络] 阿塞基亚马德雷,,,,,0,0,,,
acequias,,,n. （美国西南部的）灌溉水渠( acequia的名词复数 ),,,,,0,0,,,
acer,,n. type genus of the Aceraceae; trees or shrubs having winged fruit,"n. 宏碁（公司名, 主要生产个人电脑产品）",,,,,28195,0,s:acers,,
Acer argutum,,,[网络] 锐齿槭,,,,,0,0,,,
Acer campestre,,,[网络] 栓皮槭；田园槭；田野槭,,,,,0,0,,,
Acer circinatum,,,[网络] 藤槭；藤枫；槭树藤蔓,,,,,0,0,,,
Acer glabrum,,,[网络] 光槭,,,,,0,0,,,
Acer japonicum,,,[网络] 羽扇槭；日本槭；日本羽扇槭,,,,,0,0,,,
Acer L.,,,[医] 槭属,,,,,0,0,,,
Acer macrophyllum,,,[网络] 大叶槭；大叶枫；槭树科槭属,,,,,0,0,,,
Acer negundo,,,[网络] 复叶槭；糖槭；棒叶槭,,,,,0,0,,,
Acer negundo Californicum,,,[网络] 宏碁加拿大黑,,,,,0,0,,,
Acer palmatum,,,鸡爪枫；掌叶槭；鸡爪槭,,,,,0,0,,,
Acer pennsylvanicum,,,[网络] 宏碁宾夕法尼亚,,,,,0,0,,,
Acer platanoides,,,[网络] 挪威枫；挪威槭；桐状槭,,,,,0,0,,,
Acer pseudoplatanus,,,埃及榕,,,,,0,0,,,
Acer rubrum,,,美国红枫,,,,,0,0,,,
acer saccharinum,,,[机] 糖槭,,,,,0,0,,,
Acer saccharum,,,[网络] 糖槭；糖枫；糖槭树,,,,,0,0,,,
Acer spicatum,,,[网络] 宏碁,,,,,0,0,,,
acer tannin,,,[化] 槭叶单宁,,,,,0,0,,,
Acer trifidum H. et A.,,,[医] 三角枫,,,,,0,0,,,
Aceraceae,,n a family of trees and shrubs of order Sapindales including the maples,[医] 槭[树]科,,,,,0,0,,,
Aceranthus sagittatus S. et Z.,,,[医] 淫羊藿,,,,,0,0,,,
acerate,'æsәrәt,s. narrow and long and pointed; as pine leaves,a. 针状的\n[医] 尖的,,,,,0,0,,,
acerate leaf,,,[网络] 硬叶,,,,,0,0,,,
acerathere,ei'serәθiә,,无角犀,,,,,0,0,,,
aceratosis,"ә,serә'tәusis",,"角化不全, 无角化",,,,,0,0,,,
acerb,ә'sә:b,s. sour or bitter in taste\ns. harsh or corrosive in tone,"a. 酸涩的, 尖锐的, 刻薄的\n[机] 涩的",,,,,0,0,,,
acerbate,'æsәbeit,v. make sour or bitter,"vt. 使变酸, 使发怒, 使气恼\na. 恼怒的",,,,,0,0,i:acerbating/p:acerbated/3:acerbates/d:acerbated,,
acerbated,ˈæsəbeitid,v cause to be bitter or resentful\nv make sour or bitter,"v. 使发怒, 使烦恼( acerbate的过去式和过去分词 )",,,,,0,0,1:pd/0:acerbate,,
acerbates,ˈæsəbeits,v cause to be bitter or resentful\nv make sour or bitter,"v. 使发怒, 使烦恼( acerbate的第三人称单数 )",,,,,0,0,1:3/0:acerbate,,
acerbating,'eɪsɜ:beɪtɪŋ,v cause to be bitter or resentful\nv make sour or bitter,"a. 使发怒的, 使烦恼的\nv. 使发怒, 使烦恼( acerbate的现在分词 )",,,,,0,0,1:i/0:acerbate,,
acerbic,ә'sә:bik,s sour or bitter in taste\ns harsh or corrosive in tone,"a. 酸的, 尖刻的",,,,gre,32859,23834,,,
acerbically,,,酸地\n尖酸地,,,,,0,45519,,,
acerbine,,,[医] 阿瑟宾(治灼伤药),,,,,0,0,,,
acerbities,,plural of acerbity\nn. a sharp bitterness\nn. a sharp sour taste,"(acerbity 的复数) n. 涩, 酸, 尖刻\n[化] 涩度",,,,,0,0,0:acerbity/1:s,,
acerbity,ә'sә:biti,n. a sharp bitterness\nn. a sharp sour taste,"n. 涩, 酸, 尖刻\n[化] 涩度",,,,gre,44484,0,s:acerbities,,
acerbly,,,adv. acerb的变形,,,,,0,0,,,
acerbophobia,,,[医] 酸味恐怖,,,,,0,0,,,
acerdol,,,[化] 高锰酸钙,,,,,0,0,,,
acerebral,,,[医] 去大脑的,,,,,0,0,,,
acerebral tonus,,,[医] 去脑紧张,,,,,0,0,,,
aceric,,"a. Pertaining to, or obtained from, the maple; as, aceric\n   acid.",[医] 槭树的,,,,,0,0,,,
aceric acid,,,[化] 槭汁酸\n[医] 槭树酸,,,,,0,0,,,
acerin,,,[化] 槭素\n[医] 槭素(有抗菌作用),,,,,0,0,,,
aceritol,,,[化] 槭糖醇,,,,,0,0,,,
acero,,,n. (Acero)人名；(意)阿切罗；(西)阿塞罗,,,,,0,0,,,
acerola,",æsә'rәjlә",n tropical American shrub bearing edible acid red fruit resembling cherries\nn acid red or yellow cherry-like fruit of a tropical American shrub very rich in vitamin C,n. [植]金虎尾,,,,,0,0,,,
acerophobia,,,酸味恐怖,,,,,0,0,,,
acerose,'æsәrәus,s narrow and long and pointed; as pine leaves,a. 针状的,,,,,0,0,,,
acerotous,,,[医] 无蜡的,,,,,0,0,,,
acerous,'æsәrәs,"a. Same as Acerose.\na. Destitute of tentacles, as certain mollusks.\na. Without antennae, as some insects.",[机] 针状的,,,,,0,0,,,
acers,,plural of acer\nn. type genus of the Aceraceae; trees or shrubs having winged fruit,"(acer 的复数) n. 宏碁（公司名, 主要生产个人电脑产品）",,,,,0,0,0:acer/1:s,,
acert,,,abbr. Advisory Council for Education of Romanies and other Travellers 吉普赛人和其它旅行者教育咨询委员会,,,,,0,0,,,
acervate,ә'sә:vәt,a. pertaining to a growth of fungi that forms a heaped-up mass,a. 成堆的,,,,,0,0,,,
acervation,",æsə'veiʃən",n. A heaping up; accumulation.,n. acervate的变形,,,,,0,0,,,
acervuli,,,"[医] 脑沙, 松果体石",,,,,0,0,,,
acervuline,,a. Resembling little heaps.,"[医] 堆集的, 集合的",,,,,0,0,,,
acervuloma,,,[医] 沙瘤,,,,,0,0,,,
acervulus,,n small asexual fruiting body resembling a cushion or blister consisting of a mat of hyphae that is produced on a host by some fungi,"[医] 脑沙, 松果体石",,,,,0,0,,,
ACES,,n the smallest whole number or a numeral representing this number\nn one of four playing cards in a deck having a single pip on its face\nn someone who is dazzlingly skilled in any field\nn proteolytic enzyme that converts angiotensin I into angiotensin II\nn a major strategic headquarters of NATO; safeguards an area extending from Norway to Turkey\nn a serve that the receiver is unable to reach\nv succeed at easily\nv score an ace against\nv play (a hole) in one stroke\nv serve an ace against (someone),[计] 自动代码评价系统,,,,,0,0,0:ace/1:s,,
acesal,ә'sesәl,,"阿舍沙耳, 水杨酰乙酰水杨酸(治风湿病)",,,,,0,0,,,
acescence,,n. Alt. of Acescency,[医] 酸度; 变酸,,,,,0,0,,,
acescency,,n. The quality of being acescent; the process of acetous\n   fermentation; a moderate degree of sourness.,[化] 微酸味,,,,,0,0,,,
acescent,ә'sesәnt,a. Turning sour; readily becoming tart or acid; slightly\n   sour.\nn. A substance liable to become sour.,a. 变酸的\n[化] 微酸的,,,,,0,0,,,
acesodyne,"ә'sesә,dain",,"n. 止痛, 止痛药\na. 止痛的",,,,,0,0,,,
acesodynous,,,[医] 止痛的,,,,,0,0,,,
acess door,,,[化] 入检门,,,,,0,0,,,
acestoma,",æsi'stәumә",,n. 肉芽块,,,,,0,0,,,
acesulfame,,,[化] 乙酰舒泛,,,,,0,0,,,
acesulfame potassium,,, [医]乙酰氨基磺酸钾,,,,,0,0,,,
acesulfame-k,,, [医]乙酰舒泛钾<甜味剂>,,,,,0,0,,,
acesulpham k,,,[机] 合成糖精,,,,,0,0,,,
acet,ә'set,,[化] 次乙基; 乙酰,,,,,18370,0,,,
acet-,,,[医] 乙酰,,,,,0,0,,,
aceta,,,"[医] 醋, 醋剂",,,,,0,0,,,
acetabula,,n the cup-shaped hollow in the hipbone into which the head of the femur fits to form a ball-and-socket joint,pl. 髋臼,,,,,0,0,,,
acetabular,,s of the cup-shaped socket that receives the head of the thigh bone,[医] 髋臼的; 腹吸盘的,,,,,0,0,,,
acetabular notch,,,[医] 髋臼切迹,,,,,0,0,,,
acetabularia,"'æsә,tæbjj'læriә",,n. [植]伞藻,,,,,0,0,,,
acetabulectomy,,,[医] 髋臼切除术,,,,,0,0,,,
acetabuliform,",æsi'tæbjulәfɔ:m","a. Shaped like a shallow cup; saucer-shaped; as, an\n   acetabuliform calyx.",a. 碟状的,,,,,0,0,,,
acetabuloplasty,,,[医] 髋臼成形术,,,,,0,0,,,
acetabulum,æsә'tæbjulәm,n. the cup-shaped hollow in the hipbone into which the head of the femur fits to form a ball-and-socket joint,"n. 髋臼, 吸盘\n[医] 髋臼; 腹吸盘",,,,,0,0,,,
acetabutar,,,杯状的,,,,,0,0,,,
acetacetate,æsi'tæsiteit,,乙酰乙酸盐(或酯),,,,,0,0,,,
acetacetatic acid,,,[建] 乙酰醋酸,,,,,0,0,,,
acetacetic acid,,,[化] 乙酰乙酸,,,,,0,0,,,
acetacetic ester,,,[化] 乙酰乙酸酯; (专指)乙酰乙酸乙酯,,,,,0,0,,,
acetacetic ether,,,[建] 乙酰醋酸乙酯,,,,,0,0,,,
acetal,'æsitæl,n. any organic compound formed by adding alcohol molecules to aldehyde molecules,n. 乙缩醛\n[化] 乙缩醛; 乙醛缩二乙醇; (类名)醛缩醇; 缩醛(醛缩二醇),,,,,0,0,,,
acetal phosphatide,,,[医] 缩醛磷脂,,,,,0,0,,,
acetal resin,,,[化] 缩醛树脂,,,,,0,0,,,
acetal resins,,,[机] 缩醛树脂,,,,,0,0,,,
acetal(dehyde) resin,,,[化] 乙醛树脂; 聚甲醛树脂,,,,,0,0,,,
acetalation,,,[化] 缩醛化; 缩醛化作用,,,,,0,0,,,
acetaldazine,,,[化] 乙醛连氮(-N:N-为偶氮;=N·N=为连氮),,,,,0,0,,,
acetaldebyde reductase,,,[医] 乙醛还原酶,,,,,0,0,,,
acetaldehydase,",æsi'tældә,haideis",,n. [生化]乙醛酶,,,,,0,0,,,
acetaldehyde,",æsi'tældәhaid",n. a colorless volatile water-soluble liquid aldehyde used chiefly in the manufacture of acetic acid and perfumes and drugs,"[化] 乙醛\n[医] 乙醛, 醋醛",,,,,0,44531,,,
acetaldehyde ammomia,,,[机] 醛氨,,,,,0,0,,,
acetaldehyde ammonia,,,[化] 乙醛合氨,,,,,0,0,,,
acetaldehyde cyanhydrin,,,[化] 乳腈; 乙醛合氰化氢; 2-羟基丙腈,,,,,0,0,,,
acetaldehyde dehydrogenase,,,[医] 乙醛脱氢酶,,,,,0,0,,,
acetaldehyde monoperacetate,,,[化] 乙醛合单过乙酸,,,,,0,0,,,
acetaldehyde phenylhydrazone,,,[化] 乙醛苯腙,,,,,0,0,,,
acetaldehyde resin,,,[机] 乙醛树脂,,,,,0,0,,,
acetaldehyde semicarbazone,,,[化] 乙醛缩氨基脲,,,,,0,0,,,
acetaldehyde sodium bisulfite,,,[化] 乙醛合亚硫酸氢钠,,,,,0,0,,,
acetaldol,'æsitældәul,n unsaturated aldol,"(=aldol)丁间醇醛, 3-羟基丁醛",,,,,0,0,,,
acetaldoxime,",æsitæl'dɔksaim",,乙醛肟,,,,,0,0,,,
acetalization,,,[化] 缩醛作用; 缩醛化作用,,,,,0,0,,,
acetals,,n. any organic compound formed by adding alcohol molecules to aldehyde molecules,缩醛,,,,,0,0,,,
acetamide,æsi'tæmaid,n a colorless solid amide of acetic acid used as a solvent and in the synthesis of organic compounds,n. [化] 乙酰胺,,,,,0,0,,,
acetamide chlcride,,,[建] 二氯乙酰氨,,,,,0,0,,,
acetamide chloride,,,"[化] 二氯代乙酰胺; 1,1-二氯代乙胺",,,,,0,0,,,
acetamidine,",æsi'tæmidin",,乙脒,,,,,0,0,,,
acetamidine hydrochloride,,,[化] 盐酸乙脒,,,,,0,0,,,
acetamido,,,[建] 乙酰氨基,,,,,0,0,,,
acetamido-,,,"[化] 乙酰氨基\n[医] 乙酰氨基, 乙酰胺基",,,,,0,0,,,
acetamido-ethylsalicylic acid,,,"[医] 乙酰氨基乙基水杨酸, 本扎西丁",,,,,0,0,,,
acetamidoacetic acid,,,[化] 醋尿酸; N-乙酰甘氨酸,,,,,0,0,,,
acetamidoantipyrine,,,[医] 乙酰氨基安替比体,,,,,0,0,,,
acetamidochloride,,,"[化] 二氯代乙酰胺; 1,1-二氯乙胺",,,,,0,0,,,
acetamidoeugenol,,,[化] 醋胺丁香酚,,,,,0,0,,,
acetamidoglucal,,,[化] 乙酰氨基葡烯糖,,,,,0,0,,,
acetamidosalol,,,"[医] 乙酰氨基萨罗, 非乃撒, 萨罗芬",,,,,0,0,,,
acetamino-,,,[化] 乙酰氨基,,,,,0,0,,,
acetamino-toluene,,,[医] 乙酰氨基甲苯,,,,,0,0,,,
acetaminobenzoie acid,,,[建] 乙酰氨基苯(甲)酸,,,,,0,0,,,
acetaminofluorene,,,[医] 乙酰氨基芴(乙酰氨基二苯骈五环),,,,,0,0,,,
acetaminophen,",æsi'tæminәfәn","n. an analgesic for mild pain but not for inflammation; also used as an antipyretic; (Datril, Tylenol, Panadol, Phenaphen, Tempra, and Anacin III are trademarks of brands of acetaminophen tablets)","n. 乙酰, 退热净, 氨基酚\n[化] 对乙酰氨基酚; 扑热息痛",,,,,0,24522,,,
acetaminophenol,",æsitæminәu'fi:nәl",,乙酰氨基苯酚,,,,,0,0,,,
acetaminophenyl salicylate,,,"[医] 水杨酸乙酰氨基苯酯, 萨罗芬",,,,,0,0,,,
acetaminosalol,,,[化] 醋氨沙洛,,,,,0,0,,,
Acetanier,",æsi'tæniә",,[美]阿西塔尼尔(木浆粕),,,,,0,0,,,
acetanil,,,[建] 乙酰替苯氨,,,,,0,0,,,
acetanilid,",æsi'tænilid",n a white crystalline compound used as an analgesic and also as an antipyretic,n. 止痛(退热)剂,,,,,0,0,,,
acetanilid glycerol,,,[医] 乙酰苯胺甘油,,,,,0,0,,,
acetanilide,æsi'tænilaid,n. a white crystalline compound used as an analgesic and also as an antipyretic,n. 退热冰\n[化] N-乙酰苯胺; 退热冰,,,,,0,0,,,
acetanilide butyl,,,[医] 丁基乙酰苯胺,,,,,0,0,,,
acetaniside,",æsi'tænisaid",,(=methoxyacetanilide)甲氧基乙酰替苯胺,,,,,0,0,,,
acetanliide,,,"[机] 乙酰替苯氨, 退热冰",,,,,0,0,,,
acetannin,",æsi'tænin",,乙酰鞣酸,,,,,0,0,,,
acetarious,",æsi'teәriәs","a. Used in salads; as, acetarious plants.","a. 凉拌用的, 拌生菜食用的",,,,,0,0,,,
acetarsol,",æse'tɑ:sɔl",,(=acetarsone)乙酰胺胂,,,,,0,0,,,
acetarson,,,"[医] 乙酰胂胺, 醋酰胺胂, 乙酰氨基羟基苯胂酸, 阿西塔胂",,,,,0,0,,,
acetarsone,",æsә'tɑ:sәjn",,"n. [药](用于治疗阿米巴病的)乙酰胂胺,阿西塔胂",,,,,0,0,,,
acetas,,,"[医] 乙酸盐, 醋酸盐",,,,,0,0,,,
acetate,'æsiteit,n. a salt or ester of acetic acid,n. 醋酸盐\n[化] 醋酸盐(或酯、根),,,,,17413,24503,s:acetates,,
acetate acid,,,[计] 醋酸,,,,,0,0,,,
acetate base,,,[计] 醋酸盐磁基带\n[化] 醋酸纤维片基,,,,,0,0,,,
acetate butyl,,,[医] 醋酸丁脂,,,,,0,0,,,
acetate butyrate rayon,,,[化] 乙酸·丁酸人造丝,,,,,0,0,,,
acetate disc,,,[电] 醋酸盐圆盘,,,,,0,0,,,
acetate disk,,,[网络] 醋酸盘,,,,,0,0,,,
acetate dope,,,[化] 乙酸酯涂布漆; 乙酸纤维酯涂布漆,,,,,0,0,,,
acetate dye,,,[化] 醋酯纤维染料,,,,,0,0,,,
acetate fiber,,,[机] 乙酸纤维,,,,,0,0,,,
acetate film,,,[化] 醋酯纤维薄膜,,,,,0,0,,,
acetate green,,,[化] 乙酸绿(在铬绿中掺入黄色乙酸铅),,,,,0,0,,,
acetate leaching,,,"[医] 醋酸铅, 乙酸铅",,,,,0,0,,,
acetate of lime,,,[化] 醋石,,,,,0,0,,,
acetate process,,,[化] 醋酯纤维法,,,,,0,0,,,
acetate rayon,,,[化] 醋酸人造丝,,,,,0,0,,,
acetate silk,,,[化] 醋酸人造丝,,,,,0,0,,,
acetate staple fiber,,,[化] 醋酸短纤,,,,,0,0,,,
acetate tape,,,[电] 醋酸盐卷带,,,,,0,0,,,
acetate-activating enzyme,,,[化] 乙酸激活酶,,,,,0,0,,,
acetated,'æsiteitid,a. Combined with acetic acid.,a. 用醋酸处理过的,,,,,0,0,,,
acetates,,n. a salt or ester of acetic acid\nn. a fabric made from fibers of cellulose acetate,"n. [有化] 醋酸盐, [有化] 乙酸盐；醋酸纤维素",,,,,0,0,0:acetate/1:s,,
acetazolamide,",æsetә'zɔlәmaid",,"n. [药]乙酰唑胺,醋唑磺胺(利尿剂)",,,,,0,0,,,
acetbromamide,,,[化] 溴乙酰胺,,,,,0,0,,,
acetbromanilide,,,[化] 乙酰溴苯胺\n[医] 溴乙酰苯胺,,,,,0,0,,,
acetcarmine,,,"[医] 乙酰卡红, 乙酰胭脂红",,,,,0,0,,,
acetcne trichloride,,,[机] 三氯代丙酮,,,,,0,0,,,
acetenyl,"ә'setә,nil",,(=ethynyl)乙炔基,,,,,0,0,,,
aceteugenol,,,[医] 乙酰丁香酚,,,,,0,0,,,
acethemin,,,[医] 乙酰氯化血红素,,,,,0,0,,,
acethydrazide,"ә,set'haidrәzaid",,乙酰肼,,,,,0,0,,,
acethydroximic acid,,,[化] 乙羟肟酸,,,,,0,0,,,
aceti,,,阿切蒂（人名）,,,,,0,0,,,
acetiamine,,,[化] 乙酰硫胺,,,,,0,0,,,
acetic,ә'si:tik,a. relating to or containing acetic acid,"a. 醋的, 乙酸的\n[医] 醋酸的, 醋的",,,,,27572,32264,,,
acetic acid,ә'si:tik,,"n. [化]乙酸, 醋酸",,,,,0,0,,,
acetic acid amide,,,[医] 乙酰胺,,,,,0,0,,,
acetic acid potassium ferrocyanide test,,,[医] 乙酸[和]亚铁氰化钾试验(检蛋白质),,,,,0,0,,,
acetic acid reaction,,,"[医] 醋酸反应, 里瓦耳塔氏反应(鉴别漏出液与渗出液)",,,,,0,0,,,
acetic acid rubber,,,[化] 乙酸凝固橡胶,,,,,0,0,,,
acetic acid test,,,[医] 乙酸试验(检尿白蛋白),,,,,0,0,,,
acetic acidand boiling test,,,[医] 乙酸煮沸试验(检尿白蛋白),,,,,0,0,,,
acetic aldehyde,,,"[医] 乙醛, 醋醛",,,,,0,0,,,
acetic anhydride,,,[化] 乙酐; 乙酸酐; 氧化乙酰\n[医] 醋酸酐,,,,,0,0,,,
acetic ester,,,[机] 乙酰乙酸乙酯,,,,,0,0,,,
acetic ether,,,[化] 乙酸乙酯; 醋酸乙酯\n[医] 乙酸乙酯,,,,,0,0,,,
acetic fermentation,,,[化] 醋酸发酵\n[医] 醋酸发酵,,,,,0,0,,,
acetic hydroperoxide,,,"[机] 乙酰化过氧氢, 过醋酸",,,,,0,0,,,
acetic oxide,,,[化] 乙酐; 乙酸酐; 氧化乙酰,,,,,0,0,,,
acetic peracid,,,[化] 过乙酸; 过醋酸,,,,,0,0,,,
acetic peroxide,,,[化] 乙酰化过氧; 过氧化乙酰,,,,,0,0,,,
acetic thickinase,,,[机] 乙酸硫激,,,,,0,0,,,
acetic thiokinase,,,[化] 乙酸硫激酶,,,,,0,0,,,
aceticoceptor,,,"[医] 乙酸受体, 乙酸基团",,,,,0,0,,,
acetidin,,,[化] 乙酸乙酯,,,,,0,0,,,
acetidine,,,[医] 乙酸乙酯,,,,,0,0,,,
acetification,ә.setifi'keiʃәn,"n. The act of making acetous or sour; the process of\n   converting, or of becoming converted, into vinegar.","n. 成醋作用, 醋化作用\n[化] 醋化作用; 成醋作用",,,,,0,0,,,
acetificator,,,醋化剂,,,,,0,0,,,
acetified,ə'setɪfaɪ,imp. & p. p. of Acetify,vt. 使醋化；变酸\nvi. 醋化；变酸,,,,,0,0,1:pd/0:acetify,,
acetifier,"ә'seti,faiә",n. An apparatus for hastening acetification.,[化]醋化器,,,,,0,0,,,
acetifies,,v make sour or more sour\nv turn acidic,"v. （使）醋化, （使）变酸( acetify的第三人称单数 )",,,,,0,0,1:3/0:acetify,,
acetiflcation,,,"[机] 醋化作用, 成醋作用",,,,,0,0,,,
acetify,ә'setifai,v make sour or more sour\nv turn acidic,"v. [化](使)醋化, (使)变酸",,,,,0,0,i:acetifying/p:acetified/3:acetifies/d:acetified,,
acetifying,ə'setɪfaɪ,p. pr. & vb. n. of Acetify,vt. 使醋化；变酸\nvi. 醋化；变酸,,,,,0,0,1:i/0:acetify,,
acetimeter,",æsi'timitә",n. An instrument for estimating the amount of acetic acid\n   in vinegar or in any liquid containing acetic acid.,n. 醋酸比重计,,,,,0,0,,,
acetimetric,,,[医] 醋酸定量的,,,,,0,0,,,
acetimetry,",æsi'timitri","n. The act or method of ascertaining the strength of\n   vinegar, or the proportion of acetic acid contained in it.",乙酸测定(法),,,,,0,0,,,
acetimidate,",æsi'timideit",,亚氨逐乙酸酯,,,,,0,0,,,
acetimido,,,[机] 乙酰氨叉,,,,,0,0,,,
acetimido-,,,[化] 乙酰亚氨基,,,,,0,0,,,
acetimidochloride,,,[化] 偕氯代乙亚胺; 1-氯乙亚胺,,,,,0,0,,,
acetimidoquinone,,,[化] N-乙酰亚氨基醌,,,,,0,0,,,
acetimidoyl,,,[化] 亚氨代乙酰基; 1-亚氨乙基,,,,,0,0,,,
Acetimornas Orla-Jensen,,,[医] 醋酸杆菌属,,,,,0,0,,,
acetin,'æsitin,n any of three liquid acetates that are formed when acetic acid and glycerin are heated together,"n. [化]醋精,甘油醋酸酯,乙酸甘油酯",,,,,0,0,,,
acetine,,,醋精,,,,,0,0,,,
acetiromate,,,醋替罗酯,,,,,0,0,,,
acetize,'æsətaiz,v. i. To acetify.,vi. 【化学】酸化；变酸,,,,,0,0,,,
acetnaphthalide,,,[化] 乙酰萘胺,,,,,0,0,,,
aceto,,,"[机] 乙酰, 乙川",,,,,0,0,,,
aceto-,,,[医] 乙酰,,,,,0,0,,,
aceto-acetic acid,,,[医] 乙酰乙酸,,,,,0,0,,,
aceto-acetic ester,,,[医] 乙酰乙酸乙酯,,,,,0,0,,,
aceto-aldehyde ammonia,,,[化] 乙醛氨,,,,,0,0,,,
aceto-carmine,,,[医] 乙酰卡红,,,,,0,0,,,
aceto-carmine stain,,,[医] 醋酸卡红染剂,,,,,0,0,,,
aceto-xylene,,,[机] 乙酰二甲苯,,,,,0,0,,,
acetoacetanilide,",æsitәæsi'tænilaid",,"N-乙酰乙酰替苯胺, N-丁间酮酰苯胺",,,,,0,0,,,
acetoacetate,",æsitә'æsiteit",,乙酰乙酸,,,,,0,0,,,
acetoacetate decarboxylase,,,[化] 乙酰乙酸脱羧酶,,,,,0,0,,,
acetoacetate thiokinase,,,[化] 乙酰乙酸硫激酶,,,,,0,0,,,
acetoacetic acid,,,[化] 乙酰乙酸; 乙酰醋酸,,,,,0,0,,,
acetoacetic ester,,,[化] 乙酰醋酸酯; 乙酰醋酸乙酯,,,,,0,0,,,
acetoacetic ester synthesis,,,[机] 乙酰醋酸酯合成,,,,,0,0,,,
acetoacetic ether,,,[机] 乙酰醋酸乙酯,,,,,0,0,,,
acetoacetyl,",æsitәuә'si:til",,coenzyme A [生化]乙酰乙酰辅酶A,,,,,0,0,,,
acetoacetyl aniline,,,[化] N-乙酰乙酰苯胺; N-乙酰乙酰基苯胺,,,,,0,0,,,
acetoacetyl coenzyme A,,,[化] 乙酰乙酰辅酶A,,,,,0,0,,,
acetoacetyl conenzyme a,,,[机] 乙酰乙酰辅A,,,,,0,0,,,
acetoacetyl-CoA,,,[化] 乙酰乙酰辅酶A,,,,,0,0,,,
acetoacetyl-CoA deacylase,,,[化] 乙酰乙酰辅酶A脱酰酶,,,,,0,0,,,
acetoacetyl-CoA thiolase,,,[化] 乙酰乙酰辅酶A硫解酶,,,,,0,0,,,
acetoamidophenol,,,[化] 乙酰氨基苯酚,,,,,0,0,,,
Acetobacter,,,[医] 醋酸杆菌属,,,,,0,0,,,
Acetobacter aceti,,,[医] 醋酸杆菌,,,,,0,0,,,
acetobacter melanoganum,,,[机] 黑色醋杆菌,,,,,0,0,,,
Acetobacteriaceae,,,[医] 醋酸杆菌科,,,,,0,0,,,
acetobenzoic (acid)anhydride,,,[化] 乙酸·苯酸酐; 乙酸·苯甲酸酐,,,,,0,0,,,
acetobenzoie acid anhydride,,,[机] 醋酸苯酸酐,,,,,0,0,,,
acetobenzoie anhydride,,,[机] 醋酸苯酸酐,,,,,0,0,,,
acetobromal,,,[医] 乙酰[基]溴醛,,,,,0,0,,,
acetobromamide,",æsitә'brәumәmaid",,乙酰溴胺,,,,,0,0,,,
acetobromanilide,,,[医] 溴乙酰苯胺,,,,,0,0,,,
acetobromglucose,,,"[化] 乙酰溴葡糖; 醋溴葡糖; 1-溴-2,3,4,6-四乙酰葡糖",,,,,0,0,,,
acetobromide,,,"[医] 乙酰溴化物, 溴醋酸盐",,,,,0,0,,,
acetobromoglucose,,,"[化] 乙酰溴葡糖; 醋溴葡糖; 1-溴-2,3,4,6-四乙酰葡糖",,,,,0,0,,,
acetobutyl alcohol,,,[化] 乙酰丁醇,,,,,0,0,,,
acetobutyl bacteria,,,[化] 丙酮丁醇菌,,,,,0,0,,,
acetobutyric acid,,,[化] 乙酰丁酸,,,,,0,0,,,
acetocarmine,,,乙酸胭脂红,,,,,0,0,,,
acetocaustin,",æsitә'kɔ:stin",,三氯乙酸,,,,,0,0,,,
acetochloral,",æsitә'klɔ:rәl",,"三氯乙醛, 氯醛",,,,,0,0,,,
acetochloroamide,,,[化] 乙酰氯胺,,,,,0,0,,,
acetochloroanilide,",æsitәu,klɔrә'ænilaid",,"N-乙酰氯苯胺, N-氯代乙酰苯胺",,,,,0,0,,,
acetocinnamone,,,[化] 亚苄基丙酮; 乙酰肉桂酮,,,,,0,0,,,
acetocopal,",æsitәu'kәupәl",,醋酸,,,,,0,0,,,
acetocoumarin,,,[机] 乙酰香豆素,,,,,0,0,,,
acetocyclohexane,,,[化] 乙酰环己烷; 环己乙酮,,,,,0,0,,,
acetocyclopentane,,,[机] 乙酰环戊烷,,,,,0,0,,,
acetocyclopropane,,,[机] 乙酰环丙烷,,,,,0,0,,,
acetodehydrogenase,,,[医] 乙酰脱氢酶,,,,,0,0,,,
acetodibromoamide,,,"[化] N,N-二溴乙酰胺",,,,,0,0,,,
acetoform,"ә'si:tә,fɔ:m",,"环六亚甲基四胺, 乌洛托品",,,,,0,0,,,
acetogen,,,n. [微] 产乙酸菌,,,,,0,0,,,
acetoglyceral,,,[化] 乙环甘油,,,,,0,0,,,
acetoglyceride,",æsitәu'^lisә,raid",,乙酸甘油酯,,,,,0,0,,,
acetoglycocoll,",æsitәu'^likәkɔl",,"乙酰甘氨酸, 乙酰氨基乙酸",,,,,0,0,,,
acetoguaiacone,,,[化] 乙酰愈创木酮,,,,,0,0,,,
acetohexamide,æsәtә'heksәmaid,,n. [药]乙酰苯磺酰环己脲(口服降血糖药),,,,,0,0,,,
acetohydroxamic acid,,,[化] 醋羟胺酸; 乙酰氧肟酸,,,,,0,0,,,
acetoin,ә'setɔin,,"(=3-hydroxy-2-butanone)乙偶姻, 3-羟基丁酮-[2], 乙酰甲基原醇(增香剂)",,,,,0,0,,,
acetoiodide,,,"[医] 乙酰碘化物, 碘醋酸盐",,,,,0,0,,,
acetokinase,",æsitәu'kaineis",,乙酰激酶,,,,,0,0,,,
acetol,'æsitәul,,"(=1-hydrozy-2-propanone)丙酮醇, 乙酰甲醇, 1-羟基-2-丙酮",,,,,0,0,,,
acetolactic acid,,,[化] 乙酰乳酸,,,,,0,0,,,
acetolase,e'setɔleis,,醋酸(生成)酶,,,,,0,0,,,
acetoluide,",æsitә'lu:id",,"乙酰替甲苯胺, N-乙酰甲苯胺",,,,,0,0,,,
acetolysis,",æsi'tɔlisis",,"乙酰解, 醋解",,,,,0,0,,,
acetomel,,,[医] 醋蜜剂,,,,,0,0,,,
acetomenaphthone,,,"[化] 维生素K-4醋酸酯; 2-甲基-1,4-萘二酚二乙酸酯\n[医] 乙酰甲萘醌, 二乙酸氢化甲萘醌, 醋维生素K-3, 维生素K-4",,,,,0,0,,,
acetomeroctol,"æsitә,mi'rɔktɔl",,乙酸汞辛酚,,,,,0,0,,,
acetometer,",æsi'tɔmitә",n. Same as Acetimeter.,n. [化]醋酸计,,,,,0,0,,,
acetometry,",æsi'tɔmitri",,醋酸(比重)测定法,,,,,0,0,,,
acetominophen,,, [医]对乙酰氨基酚,,,,,0,0,,,
Acetomonas,,,醋单胞菌属,,,,,0,0,,,
acetomorphine,",æsitәu'mɔ:fi:n",,"二乙酰玛啡, 海洛因",,,,,0,0,,,
acetomycin,,,[化] 醋霉素,,,,,0,0,,,
aceton,,,n. 丙酮,,,,,0,0,,,
aceton(ic) acid,,,[化] α-羟基异丁酸; (俗称)醋酮酸,,,,,0,0,,,
acetonaemia,",æsitәu'ni:miә",,n. [医]丙酮血(症),,,,,0,0,,,
acetonaphthalide,,,[化] 乙酰萘胺,,,,,0,0,,,
acetonaphthone,",æsitә'næfθәun",,萘乙酮,,,,,0,0,,,
acetonaphtone,,,[医] 萘乙酮,,,,,0,0,,,
acetonasthma,",æsitәu'næsmә",,丙酮性气喘,,,,,0,0,,,
acetonate,,,丙酮酸盐,,,,,0,0,,,
acetonation,,,[化] 丙酮化作用(引入丙酮基)\n[医] 丙酮化合[作用],,,,,0,0,,,
acetone,'æsitәun,n. the simplest ketone; a highly inflammable liquid widely used as an organic solvent and as material for making plastics,n. 丙酮\n[化] 丙酮,,,,,36938,35236,,,
acetone acid,,,[机] 醋酮酸,,,,,0,0,,,
acetone alcohol,,,[化] 丙酮醇,,,,,0,0,,,
acetone amine,,,[化] 丙酮胺,,,,,0,0,,,
acetone boby,,,[机] 酮体,,,,,0,0,,,
acetone bodies,,,[医] 酮体,,,,,0,0,,,
acetone body,,,[化] 酮体,,,,,0,0,,,
acetone chloroform,,,"[化] 丙酮氯仿; 偕三氯叔丁醇; 氯丁醇\n[医] 三氯叔丁醇, 氯丁醇",,,,,0,0,,,
acetone colllodion,,,[医] 丙酮火棉胶,,,,,0,0,,,
acetone compounds,,,[医] 丙酮化合物,,,,,0,0,,,
acetone cyanohydrin,,,[化] 丙酮氰醇; 丙酮合氰化氢; 2-甲基-2-羟基丙腈,,,,,0,0,,,
acetone dichloride,,,"[化] 二氯代丙酮; 2,2-二氯丙烷",,,,,0,0,,,
acetone diethyl-sulfone,,,"[医] 丙酮缩二乙砜, 二乙眠砜",,,,,0,0,,,
acetone extract,,,[化] 丙酮抽出物,,,,,0,0,,,
acetone extraction,,,[机] 丙酮提取,,,,,0,0,,,
acetone fermentation,,,[化] 丙酮发酵,,,,,0,0,,,
acetone glucose,,,[化] 丙酮糖,,,,,0,0,,,
acetone glycerol,,,[化] 丙酮甘油; 亚异丙基甘油,,,,,0,0,,,
acetone monochloride,,,[化] 一氯代丙酮,,,,,0,0,,,
acetone number,,,[化] 酮值,,,,,0,0,,,
acetone oil,,,[机] 丙酮油,,,,,0,0,,,
acetone oxime,,,[化] 丙酮肟,,,,,0,0,,,
acetone phenylhydrazone,,,[化] 丙酮苯腙,,,,,0,0,,,
acetone phrolysis,,,[机] 丙酮热解,,,,,0,0,,,
acetone powder,,,[医] 丙酮制粉,,,,,0,0,,,
acetone pyrolysis,,,[化] 丙酮热解,,,,,0,0,,,
acetone raffinate,,,[机] 内酮提余物,,,,,0,0,,,
acetone resin,,,[化] 丙酮树脂,,,,,0,0,,,
acetone semicarbazone,,,[化] 丙酮缩氨基脲,,,,,0,0,,,
acetone sugar,,,[化] 丙酮糖,,,,,0,0,,,
acetone sulfite,,,[化] 丙酮合亚硫酸氢钠,,,,,0,0,,,
acetone tetrachloride,,,[化] 四氯代丙酮,,,,,0,0,,,
acetone trichloride,,,[化] 三氯代丙酮,,,,,0,0,,,
acetone yeast,,,[机] 丙酮酵母,,,,,0,0,,,
acetone-benzol dewaxing plant,,,[机] 丙酮苯脱蜡装置,,,,,0,0,,,
acetone-benzol process,,,[化] 丙酮-苯法; 丙酮-苯脱蜡法,,,,,0,0,,,
acetone-bromofone,,,[医] 丙酮溴仿,,,,,0,0,,,
acetone-butyl alcohol fermentation,,,[化] 丙酮丁醇发酵,,,,,0,0,,,
acetone-chloroform,,,[医] 丙酮氯仿,,,,,0,0,,,
acetone-diacetic acid,,,[化] 丙酮二乙酸; 4-庚酮二酸,,,,,0,0,,,
acetone-dicarboxylic acid,,,[化] 丙酮二羧酸; 3-戊酮二酸,,,,,0,0,,,
acetone-dicarboxylie acid,,,"[机] 丙酮二羧酸, 成酮",,,,,0,0,,,
acetone-insoluble antigen,,,[医] 丙酮不溶性抗原,,,,,0,0,,,
acetone-insoluble lipoids,,,[医] 丙酮不溶性脂类,,,,,0,0,,,
acetone-methylene chloride solvent,,,[机] 丙酮二氯甲烷溶剂,,,,,0,0,,,
acetone-sodium bisulfide,,,[化] 丙酮合亚硫酸氢钠,,,,,0,0,,,
acetone-sodium bisulfite,,,[机] 丙酮亚硫酸氢钠,,,,,0,0,,,
acetonemia,,n an abnormal increase of ketone bodies in the blood as in diabetes mellitus,[医] 丙酮血[症],,,,,0,0,,,
acetonglycosuria,",æsi,tәun^laikәs'juәriә",,丙酮糖尿,,,,,0,0,,,
acetonic,æsi'tәunik,a of or relating to acetone,丙酮的,,,,,0,0,,,
acetonide,"'æsitә,naid",,丙酮化合物,,,,,0,0,,,
acetonie,,,[机] 丙酮的,,,,,0,0,,,
acetonie acid,,,[机] 醋酮酸,,,,,0,0,,,
acetonines,'æsitәnainz,,[机] 丙酮宁,,,,,0,0,,,
acetonitrate,,,[医] 乙酰硝酸盐,,,,,0,0,,,
acetonitril test,,,"[医] 乙腈试验, 氰化甲烷试验(检甲状腺机能亢进)",,,,,0,0,,,
acetonitrile,"ə,siːtə(ʊ)'naɪtraɪl; ,æsɪtəʊ-",,n. [有化] 乙腈；氰化甲烷,,,,,0,0,,,
acetonitrile reaction,,,"[医] 乙腈反应, 亨特氏反应(检甲状腺机能亢进)",,,,,0,0,,,
acetonization,,,[化] 丙酮化; 丙酮化作用,,,,,0,0,,,
acetonoresorcin,",æsitәunәuri'zɔ:sin",,丙酮雷琐辛,,,,,0,0,,,
acetonoresorcinol,,,丙酮雷琐辛,,,,,0,0,,,
acetonum,,,[医] 丙酮,,,,,0,0,,,
acetonumerator,,,[医] 尿丙酮定量器,,,,,0,0,,,
acetonuria,",æsitә'njuәriә",n excessive amounts of ketone bodies in the urine as in diabetes mellitus or starvation,(=oxonuria)丙酮尿,,,,,0,0,,,
acetonyl,'æsitәnil,,"丙酮基, 乙酰甲基",,,,,0,0,,,
acetonyl benzyl hydroxycoumarin,,,[化] 杀鼠灵,,,,,0,0,,,
acetonyl urea,,,[机] 丙酮基,,,,,0,0,,,
acetonyl-acetone,,,"[建] 丙酮基丙酮, 己二酮",,,,,0,0,,,
acetonylacetone,,,"[化] 2,5-己二酮",,,,,0,0,,,
acetonylamine,,,[化] 丙酮基胺,,,,,0,0,,,
acetonylidene,",æsitәu'nilә,di:n",,亚丙酮基,,,,,0,0,,,
acetonylmalonic acid,,,[化] 丙酮基丙二酸,,,,,0,0,,,
acetophane,,,阿西妥芬; 醋酯薄膜,,,,,0,0,,,
acetophen,,,[医] 阿西托芬(内含水杨酸、非那西汀、咖啡因、苯巴比妥和莨菪浸膏),,,,,0,0,,,
acetophenanthrene,,,[化] 乙酰菲,,,,,0,0,,,
acetophenazine,,,[化] 醋奋乃静; 乙酰奋乃静,,,,,0,0,,,
acetophenetide,",æsitәj'fenәtaid",,n. [化]乙酰氧乙苯胺,,,,,0,0,,,
acetophenetidide,,,[化] 乙酰氧乙苯胺,,,,,0,0,,,
acetophenetidin,",æsitәfe'netidin",n a white crystalline compound used as an analgesic and also as an antipyretic,n. [化]乙酰氧乙苯胺,,,,,0,0,,,
acetophenetidine,,,[化] N-乙酰乙氧基苯胺; N-乙酰对乙氧基苯胺; 非那西汀,,,,,0,0,,,
acetophenine,,,"[化] 醋吩宁; 2,4,6-三苯基吡啶",,,,,0,0,,,
acetophenol,",æsitә'fenɔl",,[机] 乙酰苯酚,,,,,0,0,,,
acetophenone,",æsitә'fenәun",,"n. [化]乙酰苯,苯乙酮,苯基甲基甲酮",,,,,0,0,,,
acetophenone phenetidine citrate,,,[医] 枸橼酸苯乙酮非那替汀,,,,,0,0,,,
acetophenone-p-phenetidine,,,"[医] 苯乙酮缩非那替汀, 玛拉林",,,,,0,0,,,
acetophenonephenetidin,,,玛拉林,,,,,0,0,,,
acetophilcus,",æsitә'filkәs",,[生态]栖海岸的,,,,,0,0,,,
acetopyrine,",æsitә'pairin",,[药]乙酰比林,,,,,0,0,,,
acetopyrrothin,,,[化] 乙二硫吡咯菌素,,,,,0,0,,,
acetorthotoluid,,,[医] 邻乙酰氨基甲苯,,,,,0,0,,,
acetosal,"ә'si:tә,sæl",,"(=aspirin, acetylsalicylic acid)乙酰水杨酸, 阿司匹林",,,,,0,0,,,
acetosalicyile acid,,,[机] 乙酰水杨酸,,,,,0,0,,,
acetosalicylic acid,,,[化] 乙酰水杨酸; 阿司匹林,,,,,0,0,,,
acetose,'æsitәus,s tasting or smelling like vinegar,"a. 酸的, 醋一样酸的",,,,,0,0,,,
acetosol,"ә'si:tә,sәl",,阿泽托佐(用于醋酯纤维原液着色的溶剂染料),,,,,0,0,,,
acetosoluble,",æsitәu'sɔljubl",,可溶于醋酸的,,,,,0,0,,,
acetosoluble albumin,,,"[医] 醋溶性白蛋白, 帕坦氏白蛋白",,,,,0,0,,,
acetostearin,",æsitәu'stiәrin",,乙酰硬脂酸甘油酯,,,,,0,0,,,
acetosulfone sodium,,,[化] 磺胺苯砜钠,,,,,0,0,,,
acetotoluide,,,[化] N-乙酰甲苯胺,,,,,0,0,,,
acetotoluidide,",æsitәu'tɔljudaid",,(=acetotoluide)N-乙酰甲苯胺,,,,,0,0,,,
acetous,'æsitәs,s tasting or smelling like vinegar,"a. 醋的, 酸的\n[医] 醋的",,,,,0,0,,,
acetovanillon,",æsitәu'vænә,lәn",,"夹竹桃麻素, 加拿大麻素, 乙酰香兰酮, 香兰基甲基酮",,,,,0,0,,,
acetovanilone,,,香荚兰乙酮,,,,,0,0,,,
acetoxan,,,[化] 木醋杆菌素,,,,,0,0,,,
acetoxime,",æsi'tɔksi:m",,丙酮肟,,,,,0,0,,,
acetoxolone,,,[化] 甘草次酸醋酸酯,,,,,0,0,,,
Acetoxon,",æsi'tɔksɔn",,乙酯磷(杀虫[螨]剂),,,,,0,0,,,
acetoxy,,,[化] 乙酸基; 乙酰氧基,,,,,0,0,,,
acetoxy-acetophenone,,,[机] 醋酸基乙酰苯,,,,,0,0,,,
acetoxy-benzoic acid,,,[机] 醋酸基苯酸,,,,,0,0,,,
acetoxyacetic acid,,,[化] 乙酸基乙酸,,,,,0,0,,,
acetoxyacetone,",æsitɔksi'æsitәun",,[建] 醋酸基丙酮,,,,,0,0,,,
acetoxycapric acid,,,[建] 醋酸基癸酸,,,,,0,0,,,
acetoxycaprylic acid,,,[建] 醋酸基辛酸,,,,,0,0,,,
acetoxyl,,,[化] 乙酸基; 乙酰氧基,,,,,0,0,,,
acetoxylation,",æsitәuksi'leiʃәn",,"乙酸化(作用), 乙酰氧基化(作用)",,,,,0,0,,,
acetoxylide,,,"[化] 2,4-二甲基乙酰苯胺",,,,,0,0,,,
acetoxypregnenolone,,,[化] 乙酸基孕烯醇酮,,,,,0,0,,,
acetozone,",æsitәu'zәun",,(=acetylbenzoylperoxide)过氧化乙酰苯甲酰,,,,,0,0,,,
acetparaminosalol,,,[医] 对乙酰氨基萨罗,,,,,0,0,,,
acetparaphenetidine,,,[医] 非那西汀,,,,,0,0,,,
acetparatoluid,,,[医] 对乙酰氨基甲苯,,,,,0,0,,,
acetphenetide,,,[化] N-乙酰乙氧苯胺; 乙酰氨基苯乙醚,,,,,0,0,,,
acetphenetidide,,,[化] N-乙酰乙氧苯胺; 乙酰氨基苯乙醚,,,,,0,0,,,
acetphenetidin,,n a white crystalline compound used as an analgesic and also as an antipyretic,"[化] N-乙酰乙氧基苯胺\n[医] 乙酰对氨苯乙醚, 非那西汀",,,,,0,0,,,
acetphenetidine,,,[化] N-乙酰乙氧基苯胺,,,,,0,0,,,
acetphenolisatin,,,[化] 双醋酚丁; 一轻松,,,,,0,0,,,
acetpyrogall,",æsitpairәu'^æl",,"乙酰没食子酚, 酚三乙酸酯",,,,,0,0,,,
acetpyrogallol,,,[医] 三乙酰焦├酚,,,,,0,0,,,
acetract,"'æsi,trækt",,"醋浸剂, 醋酸抽出物",,,,,0,0,,,
acetrizoate,,,[医] 乙酰氨基三碘苯甲酸盐,,,,,0,0,,,
acetrizoate sodium,,,[化] 醋碘苯酸钠,,,,,0,0,,,
acetrizoic acid,,,"[化] 醋碘苯酸\n[医] 醋碘苯酸(3-乙酰氨基-2,4,6-三碘苯甲酸)",,,,,0,0,,,
acettoluide,,,[化] N-乙酰甲苯胺,,,,,0,0,,,
acetulan,,,[化] 乙酰化羊毛脂醇,,,,,0,0,,,
acetum,ә'si:tәm,n a dilute solution of acetic acid that is used as a solvent (e.g. for a drug)\nn sour-tasting liquid produced usually by oxidation of the alcohol in wine or cider and used as a condiment or food preservative,"n. [化]醋酸溶液, 醋",,,,,0,0,,,
acetum acerrimum,,,[医] 浓醋酸,,,,,0,0,,,
acetum aromaticum,,,[医] 芳香醋,,,,,0,0,,,
acetum bezoardicum,,,[医] 牛黄醋,,,,,0,0,,,
acetum cantharidini,,,[医] 斑蝥素醋,,,,,0,0,,,
acetum ipecacuanhae,,,[医] 吐根醋,,,,,0,0,,,
acetum lobeliae,,,[医] 北美山梗菜醋,,,,,0,0,,,
acetum mylabridis,,,[医] 斑蝥醋,,,,,0,0,,,
acetum opii,,,[医] 鸦片醋,,,,,0,0,,,
acetum plumbi,,,"[医] 硷式醋酸铅溶液, 次醋酸铅溶液, 子钦",,,,,0,0,,,
acetum pyrolignosum crudum,,,"[医] 粗木醋, 木醋",,,,,0,0,,,
acetum pyrolignosum rectificatum,,,[医] 精制木醋,,,,,0,0,,,
acetum saturni,,,"[医] 硷式醋酸铅溶液, 次醋酸铅溶液",,,,,0,0,,,
acetum scillae,,,[医] 海葱醋,,,,,0,0,,,
acetum urgineae,,,[医] 海葱醋,,,,,0,0,,,
acetuous,,,[网络] 弯曲的,,,,,0,0,,,
aceturic acid,,,[化] 醋甘氨酸,,,,,0,0,,,
acetycarbinol,,,[化] 乙酰甲醇,,,,,0,0,,,
acetyhydroperoxide,",æsiti,haidrә:pә'rɔksaid",,"乙酰化过氧氢, 过醋酸",,,,,0,0,,,
acetyisulfuric acid,,,[建] 乙酰硫酸,,,,,0,0,,,
acetyl,'æsitil,n. the organic group of acetic acid (CH3CO-),n. 乙酰(基)\n[化] 乙酰; 乙酰基,,,,,41973,0,s:acetyls,,
acetyl acid number,,,[机] 乙酰值,,,,,0,0,,,
acetyl alanine,,,[化] N-乙酰丙氨酸,,,,,0,0,,,
acetyl aminophenol,,,[医] 乙酰氨基酚,,,,,0,0,,,
acetyl atoxyl,,,[化] 乙酰对氨基苯胂酰,,,,,0,0,,,
"acetyl atoxyl,acetylarsanilic acid",,,[化] 对乙酰胺基苯胂酸,,,,,0,0,,,
acetyl benzaconine,,,"[医] 乙酰苯甲酰乌头原硷, 乌头硷",,,,,0,0,,,
acetyl benzene,,,"[医] 乙酰苯, 苯乙酮",,,,,0,0,,,
acetyl benzoin,,,[机] 乙酰苯偶姻,,,,,0,0,,,
acetyl benzoyl peroxide,,,[化] 过氧化乙酰苯甲酰; 乙酰过氧化苯甲酰,,,,,0,0,,,
acetyl biuret,,,[化] 乙酰基缩二脲,,,,,0,0,,,
acetyl brilliant blue,,,[机] 乙酰亮蓝,,,,,0,0,,,
acetyl bromide,,,[化] 乙酰溴,,,,,0,0,,,
acetyl butylaniline,,,[化] N-乙酰丁苯胺,,,,,0,0,,,
acetyl butyryl,,,"[化] 乙酰丁酰; 2,3-己二酮",,,,,0,0,,,
acetyl camphor,,,[机] 乙酰梓脑,,,,,0,0,,,
acetyl caproyl,,,"[化] 乙酰己酰; 2,3-辛二酮",,,,,0,0,,,
acetyl carbinol,,,[医] 乙酰甲醇,,,,,0,0,,,
acetyl carbromal,,,[化] 醋卡溴脲,,,,,0,0,,,
acetyl cellulose,,,[化] 乙酰纤维素; 醋酸纤维素; 醋酸纤维素酯,,,,,0,0,,,
acetyl chloride,,,"[化] 乙酰氯\n[医] 氯化乙酰, 乙酰氯",,,,,0,0,,,
acetyl CoA,,,乙酰辅酶a,,,,,0,0,,,
acetyl coenzyme A,,,[化] 乙酰辅酶A,,,,,0,0,,,
acetyl coenzyme protein,,,[建] 乙酰辅蛋白质,,,,,0,0,,,
acetyl colors,,,[机] 乙酰染料,,,,,0,0,,,
acetyl cyanide,,,[化] 乙酰氰; 丙酮腈,,,,,0,0,,,
acetyl dichlorohydrin,,,[化] 乙酰二氯丙醇,,,,,0,0,,,
acetyl dioxide,,,[医] 二氧化乙酰,,,,,0,0,,,
acetyl diphenylamine,,,[化] N-乙酰二苯胺,,,,,0,0,,,
acetyl eugenol,,,[化] 丁子香酚乙酸酯; 乙酰丁子香酚,,,,,0,0,,,
acetyl formazyl,,,[化] 乙酰苯┦基,,,,,0,0,,,
acetyl gasoline,,,[机] 乙炔汽油,,,,,0,0,,,
acetyl glycocoll,,,"[建] 乙酰替甘氨酸, 乙酰氨基醋酸",,,,,0,0,,,
acetyl group,,,[机] 乙酰基,,,,,0,0,,,
acetyl H acid,,,[化] 乙酰H酸,,,,,0,0,,,
acetyl iodide,,,"[化] 乙酰碘\n[医] 碘化乙酰, 乙酰碘",,,,,0,0,,,
acetyl isocyanide,,,[医] 异氰化乙酰,,,,,0,0,,,
acetyl ketene,,,[机] 二烯酮,,,,,0,0,,,
acetyl naphthylamine,,,[化] 乙酰萘胺,,,,,0,0,,,
acetyl nitrate,,,[化] 硝酸乙酰酯; 硝乙酐; 硝酸乙酸酐,,,,,0,0,,,
acetyl number,,,[化] 乙酰值\n[医] 乙酰值,,,,,0,0,,,
acetyl oxide,,,[化] 乙酰化氧; 乙酐; 乙酸酐,,,,,0,0,,,
acetyl paramidophenol salicylate,,,[医] 对乙酰氨基萨罗,,,,,0,0,,,
acetyl Peroxide,,,[医] 过氧化乙酰,,,,,0,0,,,
acetyl phosphate,,,[化] 乙酰磷酸,,,,,0,0,,,
acetyl piperidine,,,[化] 乙酰哌啶,,,,,0,0,,,
acetyl propionyl,,,[机] 乙酰丙酰,,,,,0,0,,,
acetyl pure yellow,,,[机] 乙酰纯黄,,,,,0,0,,,
acetyl radical,,,= acetyl group,,,,,0,0,,,
acetyl salol,,,[医] 乙酰萨罗,,,,,0,0,,,
acetyl saponification number,,,[化] 乙酰皂化值,,,,,0,0,,,
acetyl scarlet,,,[机] 乙酰猩红,,,,,0,0,,,
acetyl sulfamethoxypyrazine,,,[化] 醋磺胺甲氧嗪; 磺胺乙酰甲氧吡嗪,,,,,0,0,,,
acetyl tannin,,,[医] 乙酰鞣酸,,,,,0,0,,,
acetyl thiokinase,,,[化] 乙酰硫激酶,,,,,0,0,,,
acetyl thymol,,,[医] 乙酰麝香草酚,,,,,0,0,,,
acetyl toluidine,,,[化] N-乙酰甲苯胺,,,,,0,0,,,
acetyl tribromsalol-,,,[医] 乙酰三溴萨罗,,,,,0,0,,,
acetyl valeryl,,,[机] 乙酰戊酰,,,,,0,0,,,
acetyl value,,,"[化] 乙酰值\n[医] 乙酰价, 乙酰值",,,,,0,0,,,
acetyl-anisidine,,,[化] N-乙酰茴香胺; N-乙酰甲氧基苯胺,,,,,0,0,,,
acetyl-beta-methylcholine,,,[医] 乙酰-β-甲胆硷,,,,,0,0,,,
acetyl-beta-methylcholine bromide,,,[医] 溴化乙酰-β-甲胆硷,,,,,0,0,,,
acetyl-CoA,,,[化] 乙酰辅酶A,,,,,0,0,,,
acetyl-CoA carboxylase,,,[化] 乙酰辅酶A羧化酶,,,,,0,0,,,
acetyl-CoA transacetylase,,,[化] 乙酰辅酶A转乙酰酶; 乙酰辅酶A转乙酰基酶,,,,,0,0,,,
acetyl-isobutyryl,,,"[化] 2,3-异己二酮",,,,,0,0,,,
acetyl-isovaleryl,,,"[化] 2,3-异庚二酮",,,,,0,0,,,
acetyl-l-carnitine,,, [医]乙酰左旋肉（毒）碱，乙酰左旋卡尼汀<血管扩张药>,,,,,0,0,,,
acetyl-malic acid,,,[化] 乙酰基苹果酸; 乙酰基丁二酸,,,,,0,0,,,
acetyl-propionyl,,,"[化] 乙酰丙酰; 2,3-戊二酮",,,,,0,0,,,
acetyl-resorcin,,,[化] 乙酰苯间二酚; 间苯二酚一乙酸酯; 间乙酸基苯酚,,,,,0,0,,,
acetyl-salicylaldehyde,,,[建] 乙酰水杨醛,,,,,0,0,,,
acetyl-salicylic acid,,,[化] 乙酰水杨酸; 阿司匹灵; 邻乙酸基苯甲酸,,,,,0,0,,,
acetyl-sulfisoxazole,,,[医] 乙酰磺胺异┧唑,,,,,0,0,,,
acetylable,,,[机] 可乙酰化的,,,,,0,0,,,
acetylacannabinol,,,[化] 乙酰大麻酚,,,,,0,0,,,
acetylacetate,",æsiti'læsiteit",,[机] 乙酰醋酸盐,,,,,0,0,,,
acetylacetic acid,,,[化] 乙酰乙酸,,,,,0,0,,,
acetylacetic ester,,,[化] 乙酰乙酸酯; 乙酰乙酸酯类; (专指)乙酰乙酸乙酯,,,,,0,0,,,
acetylacetic ether,,,[化] 乙酰乙酸乙酯,,,,,0,0,,,
acetylacetle ester,,,[机] 乙酰醋酸酯,,,,,0,0,,,
acetylacetonate,",æsiti'læsitәu,neit",,乙酰丙酮化物,,,,,0,0,,,
acetylacetone,",æsiti'læsitәun",,"乙酰丙酮, 戊间二酮",,,,,0,0,,,
acetyladenylate,",æsitilædi'nileit",,乙酰腺苷酸,,,,,0,0,,,
acetylamidoazotoluene,,,"[建] 乙酰氨基偶氮甲苯, 偶氮皮肤药",,,,,0,0,,,
acetylamine,",æsiti'læmin",,乙酰胺,,,,,0,0,,,
acetylamino,",æsiti'læminәu",,(=acetylamine)乙酰氨基,,,,,0,0,,,
acetylamino acid,,,[医] 乙酰氨基酸,,,,,0,0,,,
acetylamino salol,,,[化] 乙酰氨基萨罗; 萨罗汾,,,,,0,0,,,
acetylaminoacetic acid,,,[化] 醋甘氨酸,,,,,0,0,,,
acetylaminobenzene sulfonamide,,,"[医] 对乙酰氨基苯磺酰胺, 磺胺乙酰",,,,,0,0,,,
acetylaminobenzoic acid,,,[医] 乙酰氨基苯甲酸,,,,,0,0,,,
acetylaminohexose,,,[医] 乙酰氨基己糖,,,,,0,0,,,
acetylaminohydroxyphenyl arsonic acid,,,"[医] 乙酰氨基羟基苯胂酸, 乙酰胂胺, 醋酰胺胂",,,,,0,0,,,
acetylanthranil,,,[化] 乙酰氨茴内酐; N-乙酰邻氨基苯酸内酯; N-乙酰邻氨基苯甲酸内酯,,,,,0,0,,,
acetylanthranilic acid,,,[化] N-乙酰邻氨基苯酸; N-乙酰邻氨基苯甲酸,,,,,0,0,,,
acetylanthranilie acid,,,[建] 乙酰替邻氨基苯酸,,,,,0,0,,,
acetylarsan,",æsiti'lɑ:sәn",,亚乙酰拉胂(治梅毒药),,,,,0,0,,,
acetylase,",æsiti'leis",,n. [生化]乙酰基转移酶,,,,,0,0,,,
acetylate,",æsiti'leit",v. receive substitution of an acetyl group\nv. introduce an acetyl group into (a chemical compound),"[机] 乙酰化, 乙酰化物",,,,,0,0,d:acetylated/p:acetylated/i:acetylating/3:acetylates,,
acetylated,,v receive substitution of an acetyl group\nv introduce an acetyl group into (a chemical compound),[机] 乙酰化了的,,,,,0,0,0:acetylate/1:dp,,
acetylated cotton,,,[化] 乙酰化棉,,,,,0,0,,,
acetylated lanolin,,,[化] 乙酰化羊毛,,,,,0,0,,,
acetylated paper,,,[机] 乙酰纸,,,,,0,0,,,
acetylates,ˌæsitiˈleits,v receive substitution of an acetyl group\nv introduce an acetyl group into (a chemical compound),v. 加乙酰基于( acetylate的第三人称单数 ),,,,,0,0,1:3/0:acetylate,,
acetylating,ˌæsitiˈleitɪŋ,v receive substitution of an acetyl group\nv introduce an acetyl group into (a chemical compound),v. 加乙酰基于( acetylate的现在分词 ),,,,,0,0,0:acetylate/1:i,,
acetylating agent,,,[化] 乙酰化剂,,,,,0,0,,,
acetylating mixture,,,[机] 乙酰化(混合),,,,,0,0,,,
acetylation,"ә,seti'leiʃәn",n the process of introducing an acetyl group into a compound,乙酰化作用,,,,,0,0,,,
acetylation flask,,,[医] 乙酰化瓶,,,,,0,0,,,
acetylation number,,,[化] 乙酰值; 乙酰化值,,,,,0,0,,,
acetylation value,,,[化] 乙酰值; 乙酰化值,,,,,0,0,,,
acetylative,,,a. acetylate的变形,,,,,0,0,,,
acetylator,,,[化] 乙酰化器,,,,,0,0,,,
acetylatoxyl,,,"[医] 阿撤西丁, 对乙酰氨基苯砷酸钠",,,,,0,0,,,
acetylbenzene,,,[化] 苯乙酮,,,,,0,0,,,
acetylbenzoate,,,[化] 乙酸·苯甲酸酐; 苯甲酸乙酰酯,,,,,0,0,,,
acetylbenzoic acid,,,[化] 乙酰基苯甲酸,,,,,0,0,,,
acetylbenzoie acid,,,[建] 乙酰基苯(甲)酸,,,,,0,0,,,
acetylbenzoyl,,,[化] 乙酰苯酰; 苯丙二酮; 丙酮酰苯; 甲基·苯基二酮; 甲基·苯基二甲酮,,,,,0,0,,,
acetylbenzoyl peroxide,,,[化] 过氧化乙酰苯甲酰; 乙酰过氧化苯甲酰,,,,,0,0,,,
acetylbenzoyl-peroxide,,,[化] 过氧化乙酰苯甲酰,,,,,0,0,,,
acetylcarbamide,,,[化] 乙酰碳酰二胺,,,,,0,0,,,
acetylcarbromal,",æsitilkɑ:'brәumæl",,"(=abasin)乙酰二乙基溴化乙酰脲, 阿巴辛(镇静剂)",,,,,0,0,,,
acetylcellulose,",æsitil'seljulәus",,[机] 乙酸纤维素,,,,,0,0,,,
acetylchloride,",æsitil'klɔ:raid",,乙酰氯,,,,,0,0,,,
acetylcholine,ә.si:til'kәuli:n,n. a neurotransmitter that is a derivative of choline; released at the ends of nerve fibers in the somatic and parasympathetic nervous systems,n. 乙酰胆碱\n[化] 乙酰胆碱,,,,,30004,28747,,,
acetylcholine bromide,,,[化] 溴乙酰胆碱; 溴化乙酰胆碱\n[医] 溴化乙酰胆硷,,,,,0,0,,,
acetylcholine Chloride,,,[医] 氯化乙酰胆硷,,,,,0,0,,,
acetylcholine esterase,,,"[医] 乙酰胆硷酯酶, 胆硷酯酶",,,,,0,0,,,
acetylcholinesterase,",æsitilkәuli'nestәreis",,n. [生化]乙酰胆碱酯酶,,,,,0,0,,,
acetylco,"ә'si:til,kәj",,"A, acetyl coenzyme A[生化]乙酰辅酶A",,,,,0,0,,,
acetylcresotinic acid,,,"[医] 甲基乙酰水杨酸, 厄伐辛",,,,,0,0,,,
acetylcysteine,",æsitil'sisti:in",,乙酰半胱氨酸,,,,,0,0,,,
acetyldigitoxin,,,[医] 乙酰洋地黄毒甙,,,,,0,0,,,
acetyldigitoxins,,,[化] 醋洋地黄毒苷; 乙酰洋地黄毒苷,,,,,0,0,,,
acetyldigoxin,,,醋地高辛,,,,,0,0,,,
acetyldihydrocodeine,,,醋氢可待因,,,,,0,0,,,
acetyldihydrocodeinone,,,[医] 乙酰二氢可待因酮,,,,,0,0,,,
acetylene,ә'setili:n,n. a colorless flammable gas used chiefly in welding and in organic synthesis,"n. 乙炔, 电石气\n[化] 乙炔; 双亚乙基",,,,,40535,33732,s:acetylenes,,
acetylene acid,,,[机] 炔属酸,,,,,0,0,,,
acetylene alconol,,,[机] 炔属醇,,,,,0,0,,,
acetylene black,,,[化] 乙炔黑,,,,,0,0,,,
acetylene bond,,,[化] 炔键; 三键,,,,,0,0,,,
acetylene bromide,,,[化] 乙炔基溴,,,,,0,0,,,
acetylene buoy,,,[机] 乙炔浮,,,,,0,0,,,
acetylene burner,,,[化] 乙炔灯,,,,,0,0,,,
acetylene chlorobromide,,,[化] 乙炔化氯溴,,,,,0,0,,,
acetylene chloroiodide,,,[机] 乙炔化氯碘,,,,,0,0,,,
acetylene coupling,,,[化] 格拉塞偶合; 乙炔偶合,,,,,0,0,,,
acetylene cutting,,,[化] 乙炔切割,,,,,0,0,,,
acetylene cylinder,,,[化] 乙炔罐,,,,,0,0,,,
acetylene dibromide,,,[化] 二溴乙烯,,,,,0,0,,,
acetylene flasher,,,[机] 乙炔闪光器,,,,,0,0,,,
acetylene fluorobromide,,,[机] 乙炔化氟溴,,,,,0,0,,,
acetylene fluorochloride,,,[化] 乙炔化氟氯,,,,,0,0,,,
acetylene gas,,,[机] 乙炔气,,,,,0,0,,,
acetylene gas generator,,,[机] 乙炔发生器,,,,,0,0,,,
acetylene gas producer,,,[机] 乙炔发生器,,,,,0,0,,,
acetylene generator,,,[化] 乙炔发生器\n[医] 乙炔发生器,,,,,0,0,,,
acetylene hydrocarbon,,,[化] 炔烃,,,,,0,0,,,
acetylene lamp,,,[机] 乙炔灯,,,,,0,0,,,
acetylene link,,,"[机] 炔键, 三键",,,,,0,0,,,
acetylene method,,,"[医] 乙炔法, 电石气法(测定心室输出量)",,,,,0,0,,,
acetylene polymer,,,[机] 乙炔聚合物,,,,,0,0,,,
acetylene reduction test,,,[机] 乙炔还原试验,,,,,0,0,,,
acetylene series,,,[化] 炔烃\n[医] 炔系列,,,,,0,0,,,
acetylene smoke,,,[机] 乙炔墨,,,,,0,0,,,
acetylene stripper,,,[化] 乙炔汽提塔,,,,,0,0,,,
acetylene tetrabromide,,,[化] 均四溴乙烷; 四溴化乙炔,,,,,0,0,,,
acetylene tetrachloride,,,"[化] 均四氯乙烷; 四氯化乙炔\n[医] 四氯乙炔, 四氯乙烷",,,,,0,0,,,
acetylene urea,,,[化] 乙炔脲,,,,,0,0,,,
acetylene welding,,,[机] 乙炔熔接,,,,,0,0,,,
acetylene welding set,,,[化] 乙炔焊装置; 乙炔气焊装置,,,,,0,0,,,
acetylene-oxygen flame,,,[化] 乙炔-氧气焰; 氧炔焰,,,,,0,0,,,
acetylenebromide,",æsitilini'brәumaid",,[机] 乙炔基溴,,,,,0,0,,,
acetylenecarboxylic acid,,,[化] 乙炔基羧酸; 丙炔酸,,,,,0,0,,,
acetylenecarboxylie acid,,,"[机] 乙炔基羧酸, 丙炔酸",,,,,0,0,,,
acetylenechloride,",æsitilini'klɔ:raid",,乙炔基氯,,,,,0,0,,,
acetylenedibromide,,,[化] 乙炔化二溴; 对称二溴乙烯; 对称二溴代乙烯; 二溴乙烯,,,,,0,0,,,
acetylenedicarboxamide,,,[化] 乙炔双碳酰胺; 水霉素,,,,,0,0,,,
acetylenedicarboxylic acid,,,[化] 乙炔二羧酸; 丁炔二酸,,,,,0,0,,,
acetylenedichloride,,,"[化] 乙炔化二氯; 对称二氯乙烯; 对称二氯代乙烯; 二氯乙烯; 1,2-二氯乙烯",,,,,0,0,,,
acetylenedihalide,,,"[建] 乙炔化二卤, 恒二卤代乙烯, 二卤乙烯",,,,,0,0,,,
acetylenediiodide,",æsitilinidai'aiәdaid",,"[建] 乙炔化二碘, 恒二碘代乙烯, 二碘乙烯",,,,,0,0,,,
acetylenedinitrile,",æsitilini,dai'naitrail",,"乙炔二氰, 丁炔二腈",,,,,0,0,,,
acetylenedivinyl,,,"[化] 乙炔基丁间二烯; 3,5-己二烯-1-炔",,,,,0,0,,,
acetylenehalide,,,[机] 乙炔基卤,,,,,0,0,,,
acetyleneicdide,,,[机] 乙炔基碘,,,,,0,0,,,
acetylenelamp,әˊsetiliːnˊlæmp,,n. 电石灯,,,,,0,0,,,
acetylenes,,plural of acetylene\nn. a colorless flammable gas used chiefly in welding and in organic synthesis,"(acetylene 的复数) n. 乙炔, 电石气\n[化] 乙炔; 双亚乙基",,,,,0,0,0:acetylene/1:s,,
acetylenetetrachloride,",æsitilini,tetrә'klɔ:raid",,[机] 乙炔化四氯,,,,,0,0,,,
acetylenetetrahalide,,,[化] 均四卤乙烷; 四卤化乙炔,,,,,0,0,,,
acetylenetetraiodide,,,[机] 乙炔化四碘,,,,,0,0,,,
acetylenic,ә'seti'lenik,a. of or related to acetylene,[机] 炔的,,,,,0,0,,,
acetylenic acid,,,"[医] 乙炔酸, 炔酸",,,,,0,0,,,
acetylenic alcohol,,,[机] 炔(属)醇,,,,,0,0,,,
acetylenic bond,,,[化] 炔键; 三键,,,,,0,0,,,
acetylenic carbon,,,[机] 炔键碳,,,,,0,0,,,
acetylenic compound,,,[机] 炔属化合物,,,,,0,0,,,
acetylenic halide,,,"[机] 炔属卤化物, 卤代炔",,,,,0,0,,,
acetylenic ketone,,,[机] 炔(属)酮,,,,,0,0,,,
acetylenic link,,,"[机] 炔键, 三键",,,,,0,0,,,
acetylenic link(age),,,[化] 炔键; 三键,,,,,0,0,,,
acetylenic polymer,,,[化] 乙炔类聚合物,,,,,0,0,,,
acetylenic thioether,,,[机] 乙炔型硫醚,,,,,0,0,,,
acetylentie polyhalide,,,[机] 炔属多卤化物,,,,,0,0,,,
acetylenyl,ә'setilenil,,乙炔基,,,,,0,0,,,
acetylenyl carbinol,,,[化] 乙炔基甲醇,,,,,0,0,,,
acetylenylbenzene,әsetilenil'benzi:n,,乙炔基苯,,,,,0,0,,,
acetylesterase,",æsiti'lestә,reis",,乙酰酯酶,,,,,0,0,,,
acetylethanolamine,",æsiti,leθәnә'læmin",,乙酰基乙醇胺,,,,,0,0,,,
acetylferrocene,,,[化] 二茂铁基·甲基酮; 二茂铁基·甲基甲酮; 乙酰基二茂铁,,,,,0,0,,,
acetylfluoride,",æsitil'fluәraid",,乙酰氟,,,,,0,0,,,
acetylformic acid,,,[化] 乙酰甲酸; 丙酮酸,,,,,0,0,,,
acetylfuratrizine,,,[化] 醋呋三嗪,,,,,0,0,,,
acetylgasoline,",æsitil'^æsәlin",,乙炔(酰)汽油,,,,,0,0,,,
acetylglucosamine,",әsetil,^lukә'sæmin",,乙酰氨基葡萄糖,,,,,0,0,,,
acetylglycocoll,,,[化] 醋甘氨酸; N-乙酰甘氨酸,,,,,0,0,,,
acetylglyeine,,,[机] 乙酰甘氨酸,,,,,0,0,,,
acetylhomocysteinethiolactone,"æsetil,hәumәsistiniθaiәu'læktәun",,乙酰基高半胱氨酸硫内脂,,,,,0,0,,,
acetylhydroperoxide,,,[化] 乙酰化过氧氢; 过醋酸,,,,,0,0,,,
acetylhydroperozide,,,"[建] 乙酰化过氧氢, 过醋酸",,,,,0,0,,,
acetylic,",æsә'tilik",a of or related to acetic acid,a. 乙酰基群的,,,,,0,0,,,
acetylide,",æsiti'laid",,n. [化]乙炔化物,,,,,0,0,,,
acetylidene,æsi'tilidi:n,,异乙炔,,,,,0,0,,,
acetylimino,æsiti'liminәu,,"[建] 乙酰氨叉, 乙酰亚氨基",,,,,0,0,,,
acetylimino-,,,[化] 乙酰亚氨基,,,,,0,0,,,
acetyliminodiacetic acid,,,[化] 乙酰亚氨基二乙酸,,,,,0,0,,,
acetylindophenol,æsitilindәu'fi:nɔl,,乙酰靛酚,,,,,0,0,,,
acetyliodide,",æsitil'aiәdaid",,乙酰碘,,,,,0,0,,,
acetylisable,æsiti'laizәbl,,[机] 可乙酰化的,,,,,0,0,,,
acetylise,,,[网络] 乙炔,,,,,0,0,,,
acetylisoeugenol,æsitilisәu'ju:dʒinɔl,,乙酰异丁子香酚,,,,,0,0,,,
acetylith,'æsitiliθ,,电石,,,,,0,0,,,
acetylization,",æsitili'zeiʃәn",,乙酰化作用,,,,,0,0,,,
acetylization flask,,,[机] 乙酰化用烧瓶,,,,,0,0,,,
acetylize,,v receive substitution of an acetyl group\nv introduce an acetyl group into (a chemical compound),[机] 乙酰化,,,,,0,0,,,
acetylizer,",æsiti'lizә",,乙酰化器,,,,,0,0,,,
acetylizing,,v receive substitution of an acetyl group\nv introduce an acetyl group into (a chemical compound),"[机] 乙酰化的, 乙酰化作用",,,,,0,0,,,
acetylizing agent,,,[化] 乙酰化剂,,,,,0,0,,,
acetylketene,,,[化] 双烯酮,,,,,0,0,,,
acetylmethadol,,,醋美沙醇,,,,,0,0,,,
acetylmethyl carbinol,,,[医] 乙酰甲基原醇,,,,,0,0,,,
acetylmethyl-carbinol,,,[医] 乙酰甲基原醇,,,,,0,0,,,
acetylmethylcarbinol,,,[化] 乙偶姻,,,,,0,0,,,
acetylmorphine,",æsitil'mɔ:fi:n",,乙酰吗啡,,,,,0,0,,,
acetylnaphthylamine,"æsitil,næf'θailәmi:n",,乙酰萘胺,,,,,0,0,,,
acetylorthocresotinic acid,,,"[医] 邻甲基乙酰水杨酸, 厄伐辛",,,,,0,0,,,
acetylorthocumaric acid,,,"[医] 乙酰香豆素酸, 替耳马林",,,,,0,0,,,
acetyloxide,",æsiti'ɔksaid",,"氧化乙酰, 醋(乙)酐",,,,,0,0,,,
acetyloxyphenol,",æsetil,ɔksi'fi:nɔl",,"乙酸雷琐辛, 间苯二酚一乙酸酯",,,,,0,0,,,
acetylperoxide,",æsitil,pә'rɔksaid",,乙酰化过氧,,,,,0,0,,,
acetylpheneturide,,,[化] 乙酰苯丁酰脲,,,,,0,0,,,
acetylphenol,",æsiti'fi:nɔl",,[机] 乙酰苯酚,,,,,0,0,,,
acetylphenylhydrazine,",æsetil,fenil'haidrәzi:n",,乙酰苯肼,,,,,0,0,,,
acetylphosphatase,",æsetil'fɔsfәteis",,乙酰磷酸酶,,,,,0,0,,,
acetylphosphate,",æsitil'fɔsfeit",,乙酰磷酸[盐],,,,,0,0,,,
acetylphosphoric acid,,,[医] 乙酰磷酸,,,,,0,0,,,
acetylpropionic acid,,,"[化] 乙酰丙酸\n[医] 乙酰丙酸, 块茎糖酸",,,,,0,0,,,
acetylpropyl alcohol,,,[化] 乙酰丙醇,,,,,0,0,,,
acetylpyrazine,",æsitil'pairәzi:n",,乙酰吡嗪,,,,,0,0,,,
acetylpyridine,",æsitil'pairidi:n",,乙酰吡啶,,,,,0,0,,,
acetyls,,plural of acetyl\nn. the organic group of acetic acid (CH3CO-),(acetyl 的复数) n. 乙酰(基)\n[化] 乙酰; 乙酰基,,,,,0,0,0:acetyl/1:s,,
acetylsalicylate,",æsitil,sә'lisileit",,n. [化]乙酰水杨酸盐(或酯),,,,,0,0,,,
acetylsalicylic,,,a. 乙酰水杨酸的,,,,,0,0,,,
acetylsalicylic acid,,,"[化] 乙酰水杨酸; 阿司匹林\n[医] 乙酰水杨酸, 阿司匹林",,,,,0,0,,,
acetylsalicylsalicylic acid,,,[化] 乙酰水杨酰水杨酸,,,,,0,0,,,
acetylsalol,",æsitil'sælәul",,"乙酰萨罗, 乙酰水杨酸苯酯",,,,,0,0,,,
acetylshikonin,,,[医] 乙酰紫草根素,,,,,0,0,,,
acetylspiramycin,",æsitilspirә'maisin",,[药]乙酰螺旋霉素,,,,,0,0,,,
acetylstrophanthidin,,,[医] 乙酰毒毛旋花子甙原,,,,,0,0,,,
acetylsulfadiazine,,,[医] 乙酰磺胺嘧啶,,,,,0,0,,,
acetylsulfafurazole,,,醋磺胺异恶唑,,,,,0,0,,,
acetylsulfaguanidine,,,[医] 乙酰磺胺脒,,,,,0,0,,,
acetylsulfalene,,,醋磺胺林,,,,,0,0,,,
acetylsulfamethoxazole,,,醋磺胺甲恶唑,,,,,0,0,,,
acetylsulfamethoxypyridazine,,,[医] 乙酰磺胺甲氧嗪,,,,,0,0,,,
acetylsulfanilamide,",æsitil,sʌlfә'nilәmid",,乙酰氨苯磺胺,,,,,0,0,,,
acetylsulfathiazole,,,[医] 乙酰磺胺噻唑,,,,,0,0,,,
acetylsulfisoxazole,,,[化] 醋磺胺异┭唑,,,,,0,0,,,
acetylsulfonamide,,,[医] 乙酰磺胺,,,,,0,0,,,
acetylsulfuric acid,,,[化] 乙酰硫酸,,,,,0,0,,,
acetyltannic acid,,,[化] 乙酰鞣酸\n[医] 乙酰鞣酸,,,,,0,0,,,
acetyltannin,",æsitil'tænin",,乙酰鞣酸,,,,,0,0,,,
acetylthiohydantoin,",æsitilθaiәuhai'dæntәuin",,"[俗]乙酰海硫因, 1-乙酰基乙内酰硫脲",,,,,0,0,,,
acetylthymol,",æsiti'θaimɔl",,乙酰百里香酚,,,,,0,0,,,
acetyltoluene,æsitil'tɔlui:n,,乙酰甲苯,,,,,0,0,,,
acetyltransferase,,,乙酰转移酶\n转乙酰酶,,,,,0,0,,,
acetyltryptophan,æsitil'triptәfәn,,乙酰氨酸,,,,,0,0,,,
acetylurea,",æsitil'juәriә",,乙酰脲,,,,,0,0,,,
acevaltralte,,,醋戊曲酯,,,,,0,0,,,
acevedo,,,阿塞韦多\n阿塞韦多,,,,,0,0,,,
aceves,,,n. (Aceves)人名；(西)阿塞韦斯,,,,,0,0,0:aceve/1:3s,,
acey-deucey,,,n. （十五子棋戏(backgammon）的一种玩法)幺二,,,,,0,0,,,
acey-deucy,'eɪsi:dj'u:sɪ,,n. （十五子棋戏(backgammon）的一种玩法)幺二,,,,,0,0,,,
ACF,,,"[计] 存取控制设备, 存取控制字段, 高级通信功能",,,,,0,0,,,
ACFG,,,[计] 自动函数生成程序,,,,,0,0,,,
ACG,,,[计] 自动代码生成程序,,,,,0,0,,,
acga,,,abbr. Australian Cane Growers Association 澳大利亚甘蔗种植协会; Arizona Cotton Growers Association 亚利桑那州棉花种植协会; Australian Citrus Growers Association 澳大利亚柑橘种植协会; Association for Corporate Growth 社团发展协会,,,,,0,0,,,
acgih,,,abbr. 美国政府工业卫生学家会议（American Conference of Governmental Industrial Hygienists）,,,,,0,0,,,
acgme,,, [医][=Accreditation Council on Graduate Medical Education]研究生医学教育鉴定委员会,,,,,0,0,,,
ACH,,n. Alt. of Ache,[计] 自动化票证交换所\n[医] 肾上腺皮质激素,,,,,18783,28410,s:aches/3:aches,,
ACH index,,,[医] 臂胸髋指数,,,,,0,0,,,
acha,,,n. (Acha)人名；(西)阿查；(阿拉伯、喀)阿沙\nabbr. 美国医院管理人员学会（american college healthassociation）,,,,,0,0,,,
achacachi,,, [地名] [玻利维亚] 阿查卡奇,,,,,0,0,,,
Achaea,ә'ki:ә,n a region of ancient Greece on the north coast of the Peloponnese,n. 亚该亚(希腊伯罗奔尼撒半岛北部的古省),,,,,0,0,,,
Achaean,ә'ki:әn,n. a member of one of four linguistic divisions of the prehistoric Greeks\nn. the ancient Greek inhabitants of Achaea\na. of or relating to Achaea or its ancient Greek people,"a. 亚加亚的, 希腊的\nn. 亚加亚人, 希腊人",,,,,0,0,s:achaeans,,
Achaeans,,plural of Achaean\nn. a member of one of four linguistic divisions of the prehistoric Greeks\nn. the ancient Greek inhabitants of Achaea\na. of or relating to Achaea or its ancient Greek people,"(Achaean 的复数) a. 亚加亚的, 希腊的\nn. 亚加亚人, 希腊人",,,,,0,0,0:achaean/1:s,,
Achaemenian,",ækə'mi:niən",,n. 阿契美尼德人；阿契美尼德语(阿契美尼德人使用的波斯语)\na. 阿契美尼德人的；阿契美尼德语的,,,,,0,0,,,
Achaemenid,ə'ki:mənid; ə'kem-,,n. 阿契美尼德王族成员\na. 阿契美尼德人的；阿契美尼德王族的,,,,,0,46919,s:achaemenids,,
Achaemenids,,plural of Achaemenid,(Achaemenid 的复数) n. 阿契美尼德王族成员\na. 阿契美尼德人的；阿契美尼德王族的,,,,,0,0,0:achaemenid/1:s,,
achage,,,achage (uncountable)\n(rare) The state or condition of having aches.\n,,,,,0,0,,,
Achaia,ә'kaiә,,n. 亚该亚(希腊伯罗奔尼撒半岛北部的古省),,,,,0,0,,,
Achaian,ә'kaiәn,n a member of one of four linguistic divisions of the prehistoric Greeks,"a. 亚该亚的, 希腊的\nn. 亚该亚人, 希腊人",,,,,0,0,,,
achalasia,",ækә'leiziә",,n. [医]弛缓不能,,,,,0,0,,,
achalasia of the cardia,,,[医] [胃]贲门弛缓不能,,,,,0,0,,,
Achalme's bacillus,,,"[医] 阿夏耳姆氏杆菌, 产气荚膜杆菌, 魏氏杆菌",,,,,0,0,,,
achan,'eikən,,n. 亚干（圣经中犹太部落成员）,,,,,0,0,,,
Achard-Castaigne method,,,[医] 阿-卡二氏法(亚甲蓝试验),,,,,0,0,,,
Achard-Castaigne's test,,,[医] 亚甲蓝试验(检肾渗透性),,,,,0,0,,,
Achard-Thiers syndrome,,,[医] 阿-提二氏综合征(多毛妇女的糖尿病),,,,,0,0,,,
acharnement,ɑ:ʃɑ:nә'mɑ:ŋ,n. Savage fierceness; ferocity.,"n. <法>凶猛, 激烈,猛烈",,,,,0,0,,,
acharya,,,n. (Acharya)人名；(印、巴基、尼)阿查里雅,,,,,0,0,,,
achascophytum,",әkæs'kɔfitәm",,具不裂干果植物,,,,,0,0,,,
Achates,ә'keiti:z,,"n. 阿凯提斯, 忠实的朋友",,,,,0,0,,,
achatina,,, [医]玛瑙螺属,,,,,0,0,,,
achatine,",ækә'tainә",,(=achatinus)并行色的,,,,,0,0,,,
achatz,,, [人名] 阿卡兹,,,,,0,0,,,
achcha,,," （表示同意、接受、明白等）嗯, 唔, 噢",,,,,0,0,,,
ache,eik,n. a dull persistent (usually moderately intense) pain\nv. have a desire for something or someone who is not present\nv. be the source of pain,"n. 疼痛\nvi. 痛, 哀怜, 渴望",,2,,zk gk cet4 ky,8267,7717,p:ached/i:aching/d:ached/3:aches,,
ache for,,,"渴望,想念",,,,,0,0,,,
ache with desire to do sth,,,渴望做某事,,,,,0,0,,,
achean,ə'ki:ən,"a & n. See Achaean, Achaian.","a. ,n. ＝Achaean",,,,,0,0,,,
acheb,'ækib,,"n. [生]短生植被区,短暂型植被",,,,,0,0,,,
achebe,,,阿契贝（尼日利亚英语作家）,,,,,0,0,,,
ached,eɪkt,imp. & p. p. of Ache,疼痛,,,,,0,0,0:ache/1:pd,,
acheilia,,,[医] 无唇[畸形],,,,,0,0,,,
acheilous,,,[医] 无唇的,,,,,0,0,,,
acheilus,,,[医] 无唇畸胎,,,,,0,0,,,
acheiropodia,,,[医] 无手足[畸形],,,,,0,0,,,
acheirous,,,[医] 无手的,,,,,0,0,,,
acheirus,,,[医] 无手畸胎,,,,,0,0,,,
Achelous,",æki'lәjәs",,n. [希神]河神,,,,,0,0,,,
achenbach,,,n. (Achenbach)人名；(德)阿亨巴赫；(英)阿肯巴克,,,,,0,0,,,
achenbaum,,,n. (Achenbaum)人名；(英)阿肯鲍姆,,,,,0,0,,,
achene,ә'ki:n,n. small dry indehiscent fruit with the seed distinct from the fruit wall,n. 瘦果\n[医] 瘦果,,,,,0,0,,,
achenial,ə'ki:niəl,a. Pertaining to an achene.,a. achene的变形,,,,,0,0,,,
achenium,,"n. A small, dry, indehiscent fruit, containing a single\n   seed, as in the buttercup; -- called a naked seed by the earlier\n   botanists.",[医] 瘦果,,,,,0,0,,,
achenocarp,æ'kinәukɑ:p,,不裂干果,,,,,0,0,,,
achenodium,æki'nәudiәm,,双瘦果,,,,,0,0,,,
acher,,,n. 阿切尔（男子名）,,,,,0,0,,,
achernar,'eikənɑ:,,n. [天] 水委一；阿却尔纳星（位于波江座）,,,,,0,0,,,
Acheron,'ækәrɒn,n. (Greek mythology) a river in Hades across which the souls of the dead were carried by Charon,"n. 冥河, 阴间, 地狱",,,,,0,0,,,
Acherontia,,,[网络] 鬼脸天蛾属；人面天蛾属；鬼脸天蛾这一属,,,,,0,0,,,
Acherontia atropos,,,[网络] 赭带鬼脸天蛾；骷髅天蛾,,,,,0,0,,,
aches,eikiz,n a dull persistent (usually moderately intense) pain\nv feel physical pain\nv have a desire for something or someone who is not present\nv be the source of pain,n. 疼痛( ache的名词复数 )\nv. 渴望( ache的第三人称单数 ),,,,,0,0,0:ach/1:s3,,
Acheson,'ætʃisn,n. United States statesman who promoted the Marshall Plan and helped establish NATO (1893-1971),"艾奇逊(①姓氏 ②Dean Gooderham, 1893-1971, 于1949-1953年任美国国务卿)",,,,,27114,0,,,
Acheson furnace,,,[化] 艾奇逊电炉,,,,,0,0,,,
Acheson graphite,,,[化] 艾奇逊石墨,,,,,0,0,,,
Acheson process,,,艾其逊法（用电弧炉制碳化矽）,,,,,0,0,,,
Acheta domestica,,,[网络] 蟋蟀,,,,,0,0,,,
achete,,, [地名] [葡萄牙] 阿谢蒂,,,,,0,0,,,
Acheulean,ә'ʃu:liәn,,a. 阿舍利文化的,,,,,0,0,,,
Acheulian,ə'ʃju:liən,,n. 阿舍利文化\na. 阿舍利文化的（欧洲旧石器时代早期文化的）,,,,,0,0,,,
achi,,,n. (Achi)人名；(阿拉伯、以、莫)阿希\n阿智（地名）\n中央高级高频接口（Advance Central High Interface）,,,,,0,0,,,
achiasmate,",eikao'æsmeit",,无交叉的,,,,,0,0,,,
achiest,,,achy（疼痛的）的变形,,,,,0,0,,,
achieva,,,n. 时代益华；阿奇沃（车名）；益启发（公司名称）,,,,,0,0,,,
achievability,әtʃiːvәˊbiliti,n. the state of being achievable,n. 成就感,,,,,0,0,,,
achievable,ә'tʃi:vәbl,s capable of existing or taking place or proving true; possible to do,"a. 做得成的, 可完成的, 可有成就的",,,,,14555,16679,,,
achievable accuracy,,,[计] 可达精度,,,,,0,0,,,
achieve,ә'tʃi:v,v. to gain with effort,"vt. 完成, 达到\nvi. 如愿以偿",,4,1,zk gk cet4 cet6 ky toefl ielts,592,1152,d:achieved/i:achieving/p:achieved/3:achieves,,
achieve an agreement,,,"达成协议,取得一致意见",,,,,0,0,,,
achieve an end,,,达到目的,,,,,0,0,,,
achieve distinction,,,"出名,成名,获得荣誉,立功",,,,,0,0,,,
achieve eminence in,,,在…取得卓越成就,,,,,0,0,,,
achieve fame for,,,"因…而出名,因…而闻名遐迩",,,,,0,0,,,
achieve the goal,,,达到目的,,,,,0,0,,,
achieved,ә'tʃi:vd,v to gain with effort,a. 取得的；完成的,,,,,33343,34674,0:achieve/1:dp/d:achieved/p:achieved,,
achieved reliability,,,"[计] 实际可靠性, 工作可靠性",,,,,0,0,,,
achieved status,,,[法] 获得的地位,,,,,0,0,,,
achievement,ә'tʃi:vmәnt,n the action of accomplishing something,"n. 完成, 成就, 功业",,2,1,gk cet4 cet6 toefl ielts,1978,2021,s:achievements,,
achievement age,,,[医] 智力成就年龄,,,,,0,0,,,
achievement analysis,,,[经] 成就分析,,,,,0,0,,,
achievement quotient,,,"[医] 能力商数, 成绩商数",,,,,0,0,,,
achievement test,,,[法] 成就测验,,,,,0,0,,,
achievement-oriented,,,成就取向,,,,,0,0,p:achievement-oriented/0:achievement-oriented/1:p,,
achievements,,n the action of accomplishing something,n. 业绩；获得（achievement的复数）,,,,,0,0,0:achievement/1:s,,
achiever,ә'tʃi:vә,n. a person with a record of successes,n. 获得成功的人,,1,,,25444,17640,s:achievers,,
achievers,,plural of achiever\nn. a person with a record of successes,(achiever 的复数) n. 获得成功的人,,,,,0,0,0:achiever/1:s,,
achieves,əˈtʃi:vz,v to gain with effort,v. 取得( achieve的第三人称单数 ); 获得; 实现; 成功,,,,,0,0,0:achieve/1:3,,
achieving,,p. pr. & vb. n. of Achieve,取得\n实现,,,,,0,0,0:achieve/1:i,,
achilia,,,[医] 无唇[畸形],,,,,0,0,,,
Achill,,,阿基尔,,,,,0,0,,,
Achille,,,n. 阿喀琉斯（荷马史诗《伊利亚特》中的英雄）,,,,,39961,0,s:achilles,,
Achille Ratti,,,[网络] 拉蒂,,,,,0,0,,,
achillea,,n any of several plants of the genus Achillea native to Europe and having small white flowers in flat-topped flower heads,[化] 欧蓍草,,,,,0,0,s:achilleas,,
Achillea L.,,,[医] 蓍属,,,,,0,0,,,
Achillea millefolium,,,[网络] 西洋蓍草；欧蓍草；千叶蓍,,,,,0,0,,,
Achillea millefolium L.,,,[医] 千叶蕃,,,,,0,0,,,
Achillea ptarmica,,,[网络] 长舌蓍属；珠蓍；珍珠蓍,,,,,0,0,,,
Achillea sibirica Ledeb.,,,[医] 蓍,,,,,0,0,,,
Achillean,æki'li:әn,"a. Resembling Achilles, the hero of the Iliad; invincible.","a. 阿喀琉斯的, 勇敢的, 刀枪不入的",,,,,0,0,,,
achilleas,,plural of achillea\nn any of several plants of the genus Achillea native to Europe and having small white flowers in flat-topped flower heads,(achillea 的复数) [化] 欧蓍草,,,,,0,0,0:achillea/1:s,,
achilleic acid,,,[化] 蓍草酸; 乌头酸,,,,,0,0,,,
achillein,,,[医] 洋蓍草素,,,,,0,0,,,
achilleine,,,[化] 蓍草碱,,,,,0,0,,,
Achiller,'ækilә,,[英]“阿基里士”反坦克自行火炮,,,,,0,0,,,
Achilles,ә'kili:z,n. a mythical Greek hero of the Iliad; a foremost Greek warrior at the siege of Troy; when he was a baby his mother tried to make him immortal by bathing him in a magical river but the heel by which she held him remained vulnerable--his `Achilles' heel',n. 阿喀琉斯(希腊神话人物),,,,,20605,0,0:achille/1:s,,
Achilles bursa,,,[医] 跟腱囊,,,,,0,0,,,
Achilles bursitis,,,[医] 跟腱粘液囊炎,,,,,0,0,,,
Achilles heel,,,致命要害；薄弱环节,,,,,0,0,,,
Achilles jerk,,,[医] 踝反射,,,,,0,0,,,
Achilles tendon,,,[医] 跟腱,,,,,0,0,,,
Achilles tendon reflex,,,"[医] 跟腱反射, 踝反射",,,,,0,0,,,
Achilles' bursa,,,[医] 跟腱囊,,,,,0,0,,,
Achilles' heel,ә'kili:z,,唯一致命的弱点,,,,,0,0,,,
achilletin,ә'kilitin,,蓍草素,,,,,0,0,,,
achillobursitis,"ә,kilәbә:'saitis",,跟腱(粘液)囊炎,,,,,0,0,,,
achillodynia,"ә,kilә'diniә",,跟腱痛,,,,,0,0,,,
achillorrhaphy,,,[医] 跟腱缝术,,,,,0,0,,,
achillorrhapy,",æki'lɔ:rәpi",,跟腱缝术,,,,,0,0,,,
achillotenotomy,"ә,kilәuti'nɔtәmi",,(=achillotomy)跟腱切断术,,,,,0,0,,,
achillotomy,,,[医] 跟腱切断术,,,,,0,0,,,
achilous,ә'kailәs,a. Without a lip.,无唇的,,,,,0,0,,,
achim,,,阿希姆（德国地名）,,,,,0,0,,,
achimenes,,, 长花忌寒苣苔,,,,,0,0,,,
achimota,,, [地名] [加纳] 阿奇莫塔,,,,,0,0,,,
achin,,,"阿钦（亚美尼亚地名）\n亚齐（古国名, 今印度尼西亚苏门答腊西北部）（Atjeh\nAcheh\nAchin）",,,,,0,0,,,
achiness,,,n. 疼痛（achy的名词）,,,,,0,0,,,
aching,'eikiŋ,s. causing a dull and steady pain,"a. 疼痛的, 使人痛苦的",,,,,12688,13607,0:ache/1:i/i:aching,,
aching pain,,,[医] 酸痛,,,,,0,0,,,
achingly,'ekɪŋli,,adv. 极其；痛惜地；非常痛地,,,,,37223,25345,,,
achiote,",ɑ:tʃi'әuti","n. Seeds of the annotto tree; also, the coloring matter,\n   annotto.","n. [植]胭脂树,胭脂树的种子",,,,,0,0,,,
achira,ә'tʃirә,n canna grown especially for its edible rootstock from which arrowroot starch is obtained,姜芋,,,,,0,0,,,
achiral,,,[化] 非手性; 非手性的,,,,,0,0,,,
achiral molecules,,,[机] 对称分子,,,,,0,0,,,
achiral reagent,,,[化] 非手性试剂,,,,,0,0,,,
achirality,,,[化] 非手性; 无手性,,,,,0,0,,,
achiria,ә'kairiә,,(=acheria)无手畸形,,,,,0,0,,,
achiric,,,[医] 无手的,,,,,0,0,,,
achirous,,,[医] 无手的,,,,,0,0,,,
achirus,,,[医] 无手畸胎,,,,,0,0,,,
Achitophel,ә'kitәfel,,n. 亚希多弗(基督教《圣经》中大卫王的谋士),,,,,0,0,,,
achkan,,, 爱客坎（南亚男子的开衫长款上衣）,,,,,0,0,,,
achlamydeous,",æklә'midiәs",a not having a floral envelope or perianth,a. [植]无花被的,,,,,0,0,,,
Achlea,,,[医] 鱼真菌属(寄生在鱼类或昆虫身上),,,,,0,0,,,
achlorhydria,",eiklɔ:'haidriә",n an abnormal deficiency or absence of free hydrochloric acid in the gastric juice; often associated with severe anemias and cancer of the stomach,n. [医]胃酸缺乏,,,,,0,0,,,
achlorhydria apepsia,,,[医] 分泌缺失性消化停止,,,,,0,0,,,
achlorhydric,,a lacking hydrochloric acid, [医]盐酸缺乏的,,,,,0,0,,,
achlorhydric anemia,,,[医] 胃酸缺乏性贫血,,,,,0,0,,,
achloride,,,[医] 非氯化物,,,,,0,0,,,
achloroblepsia,,,[医] 绿色盲,,,,,0,0,,,
achloromonocytoma,,,[医] 非绿色瘤性单核细胞瘤,,,,,0,0,,,
achloropsia,,,[医] 绿色盲,,,,,0,0,,,
achluophobia,,,[医] 暗处恐怖,,,,,0,0,,,
achlys,,,[医] 角膜薄翳,,,,,0,0,,,
achmad,,,n. (Achmad)人名；(阿拉伯、印尼)艾哈迈德,,,,,0,0,,,
achmatite,"'ækmә,tait",,绿帘石,,,,,0,0,,,
achmed,,,n. (Achmed)人名；(印尼、阿拉伯)艾哈迈德,,,,,0,0,,,
achnakaite,"'æknәkә,ait",,黑云倍长岩,,,,,0,0,,,
Achoerodus,,,[网络] 蓝唇鱼属；古氏蓝唇鱼蓝唇鱼属,,,,,0,0,,,
Achoerodus gouldii,,,[网络] 古氏蓝唇鱼,,,,,0,0,,,
acholi,,,阿乔利人,,,,,0,0,,,
acholia,",ei'kәuliә",n a condition in which little or no bile is secreted or the flow of bile into the digestive tract is obstructed,无胆汁(症),,,,,0,0,,,
acholic,,,[医] 无胆汁的,,,,,0,0,,,
acholic stools,,,[医] 无胆色粪,,,,,0,0,,,
acholuri familial jaundice,,,"[医] 家族性无胆色素尿性黄疸, 先天溶血性黄疸",,,,,0,0,,,
acholuria,",ækә'lu:riә",,n. [医]无胆尿,,,,,0,0,,,
acholuric,,,[医] 无胆色素尿的,,,,,0,0,,,
acholuric hemolytic icterus with splenomegaly,,,"[医] 巨脾性无胆色素尿性溶血性黄疸, 溶血性黄疸",,,,,0,0,,,
acholuric jaundice,,,[医] 无胆色素尿性黄疸,,,,,0,0,,,
Achomawi,,,[网络] 阿丘马维人；阿乔马维人,,,,,0,0,,,
achondrite,ei'kɔndrait,n a stony meteor lacking chondrules,n. 不含球粒陨石,,,,,0,0,s:achondrites,,
achondrites,,plural of achondrite\nn a stony meteor lacking chondrules,(achondrite 的复数) n.不含球粒陨石,,,,,0,0,0:achondrite/1:s,,
achondritic,",eikɔn'dritik",a of or related to an achondrite\na not having a granular structure,a. achondrite的变形,,,,,0,0,,,
achondrogenesis,,,软骨成长不全,,,,,0,0,,,
achondroplasia,"ei,kɔndrә'pleiʒiә",n an inherited skeletal disorder beginning before birth; cartilage is converted to bone resulting in dwarfism,n. 软骨发育不全,,,,,0,0,,,
achondroplastic,,a of or relating to achondroplasia,[医] 软骨发育不全的,,,,,0,0,,,
achondroplastic dwarf,,,[医] 软骨发育不全性侏儒,,,,,0,0,,,
achondroplasty,"ә'kɔndrә,plæsti",n an inherited skeletal disorder beginning before birth; cartilage is converted to bone resulting in dwarfism,软骨发育不全,,,,,0,0,,,
achoo,ɑ:'tʃu:,,n. 啊嚏,,,,,0,0,,,
achor,'eikɔ:,,乳痂,,,,,0,0,,,
achor barbatus,,,[医] 理发癣,,,,,0,0,,,
achordal,ei'kɔ:dәl,,无脊索的,,,,,0,0,,,
achordate,ei'kɔ:deit,,a. & n.[动]无脊索的(动物),,,,,0,0,,,
achoresis,ækә'ri:sis,,(腔器官)容量减少,,,,,0,0,,,
achoricine,ә'kɔ:risin,,癣菌素,,,,,0,0,,,
Achorion,,,"[医] 毛[癣]菌属, 发癣菌属",,,,,0,0,,,
Achorion arloingi,,,[医] 发癣毛癣菌,,,,,0,0,,,
Achorion bennetti,,,[医] 贝奈特氏毛[癣]菌,,,,,0,0,,,
Achorion ceratophagus,,,[医] 噬蜡毛[癣]菌,,,,,0,0,,,
Achorion gypseum,,,[医] 石膏样毛[癣]菌,,,,,0,0,,,
Achorion lebertii,,,[医] 勒伯特氏毛[癣]菌,,,,,0,0,,,
Achorion quinckeanum,,,[医] 发癣毛[癣]菌,,,,,0,0,,,
Achorion schoenleinii,,,[医] 许兰氏毛[癣]菌,,,,,0,0,,,
Achorion violaceum,,,[医] 堇色毛[癣]菌,,,,,0,0,,,
Achras,,n. tropical trees having papery leaves and large fruit,人心果属,,,,,0,0,,,
Achras L.,,,[医] 人心果属,,,,,0,0,,,
Achras sapota,,,"[医] 人心果, 山榄果",,,,,0,0,,,
Achras zapota,,,un. 人心果\n[网络] 英文名,,,,,0,0,,,
achrematite,"ә'kri:mә,tait",,铅砷钼矿,,,,,0,0,,,
achreocythemia,"ә,kriәsai'θi:miә",,红细胞中血红蛋白缺乏,,,,,0,0,,,
achrestic,ә'krestik,,"失利用性的, 利用不能的",,,,,0,0,,,
achrestic anemia,,,[医] 失利用性贫血,,,,,0,0,,,
achrist,,,[网络] 受付者,,,,,0,0,,,
achroa,ei'krәuә,,"(=achroia)色素缺乏, 白化病",,,,,0,0,,,
achroacyte,"ei'krәuә,sait",,"淋巴细胞, 淋巴球, 无血细胞",,,,,0,0,,,
achroacytosis,"ә,krәuәsai'tәusis",,淋巴细胞增多,,,,,0,0,,,
achrobystia,",ækrә'biʃiә",,包皮环状切除术,,,,,0,0,,,
achrodextrin,",ækrәu'dekstrin",,"(=achroodextrin)消色糊精, 不显色糊精",,,,,0,0,,,
achroglobin,",ækrәj'^lәjbin",,n. [生化]消色球蛋白,,,,,0,0,,,
achroia,,,"[医] 色素缺乏, 白化病",,,,,0,0,,,
achroic,ei'krɔik,,无色的,,,,,0,0,,,
achroicythemia,"ә,krɔiәsai'θi:miә",,红细胞中血红蛋白缺乏,,,,,0,0,,,
achroiocythemia,,,[医] 红细胞中血红蛋白缺乏,,,,,0,0,,,
achroite,,,[化] 无色电气石; 白碧┎,,,,,0,0,,,
achroma,ә'krәumә,,色素缺乏,,,,,0,0,,,
achromachia,",ækrәu'mækiә",,"灰白, 发白",,,,,0,0,,,
achromacyte,"ә'krәumә,sait",,"(=achromatocyte)无色红细胞, 无色红血球",,,,,0,0,,,
achromasia,",ækrә'meisiә",n unnatural lack of color in the skin (as from bruising or sickness or emotional distress),n. [医]色素缺乏,,,,,0,0,,,
achromasie,",eikrәu'meisi",,核中染色质排出,,,,,0,0,,,
achromat,'ækrәmæt,,[化] 消色差透镜\n[医] 消色差透镜,,,,,0,46600,,,
achromate,'ækrәmeit,,n. 色盲患者,,,,,0,0,,,
Achromatiaceae,,,[医] 无色[杆]菌科,,,,,0,0,,,
achromatic,ækrәu'mætik,a. having no hue,"a. 无色的, 不分光的, 消色差的, 非染色质的\n[化] 消色差的",,,,gre,0,42781,,,
achromatic color,ˌækrəuˈmætik ˈkʌlə,, 无色,,,,,0,0,,,
achromatic colour,,,[计] 消色,,,,,0,0,,,
achromatic fibril,,,[医] 非染色质丝,,,,,0,0,,,
achromatic figure,,,[医] 非染色质像,,,,,0,0,,,
achromatic indicator,,,[化] 消色指示剂,,,,,0,0,,,
achromatic lens,,,[化] 消色差透镜\n[医] 消色差透镜,,,,,0,0,,,
achromatic locus,,,[电] 消色差轨迹,,,,,0,0,,,
achromatic magnetic mass spectrometer,,,[化] 消色差磁质谱计,,,,,0,0,,,
achromatic mass,,,[医] 非染色质,,,,,0,0,,,
achromatic net,,,[医] 无色网,,,,,0,0,,,
achromatic number,,,[计] 消色数,,,,,0,0,,,
achromatic objective,,,[化] 消色差物镜\n[医] 消色差物镜,,,,,0,0,,,
achromatic prism,,,[化] 消色差棱镜,,,,,0,0,,,
achromatic region,,,[电] 消色差范围,,,,,0,0,,,
achromatic spindle,,,[医] 非染质纺锤体,,,,,0,0,,,
achromatic threshold,,,"[医] 感色阈, 无色阈",,,,,0,0,,,
achromatic vision,,,[医] 全色盲,,,,,0,0,,,
achromatically,,adv. In an achromatic manner.,adv. achromatic的变形,,,,,0,0,,,
achromaticity,"ә,krәjmә'tisәti",n the visual property of being without chromatic color,"n. 消色差(性), 非彩色",,,,,0,0,,,
achromatin,ә'krәumәtin,n the part of a cell nucleus that is relatively uncolored by stains or dyes,n. (细胞核内的)非染色质,,,,,0,0,,,
achromatinic,әkrәumә'tinik,a (of substance of a cell nucleus) not readily colored by stains,非染色质的,,,,,0,0,,,
achromatise,ə'krəumətaiz,v remove color from,vt. [主英国英语]＝achromatize,,,,,0,0,,,
achromatism,ә'krәjmәtizəm,n the visual property of being without chromatic color,"n. 无色, 消色差性",,,,,0,0,,,
achromatistous,"ә,krәmә'tistәs",,"无色的, 缺色素的",,,,,0,0,,,
Achromatium,,,[医] 无色[杆]菌属,,,,,0,0,,,
achromatization,"ә,krәjmәtai'zeiʃən; -ti'z-",n. The act or process of achromatizing.,[机] 消色法,,,,,0,0,,,
achromatize,ә'krәumәtaiz,v. remove color from,"vt. 使无色, 使消色\n[医] 消色差; 无色化",,,,,0,0,i:achromatizing/p:achromatized/3:achromatizes/d:achromatized,,
achromatized,ə'krəʊmətaɪz,imp. & p. p. of Achromatize,vt. 使无色；使消色,,,,,0,0,1:pd/0:achromatize,,
achromatizes,ə'krəʊmətaɪz,v. remove color from,vt. 使无色；使消色,,,,,0,0,1:3/0:achromatize,,
achromatizing,ə'krəʊmətaɪz,p. pr. & vb. n. of Achromatize,vt. 使无色；使消色,,,,,0,0,1:i/0:achromatize,,
achromatocyte,,,[医] 无色红细胞,,,,,0,0,,,
achromatolysis,,,"[医] 非染[色]质溶解, 胞质皱缩, 原浆分离",,,,,0,0,,,
achromatophil,",ækrә'mætәfil",,n. 拒色组织,,,,,0,0,,,
achromatophilia,",eikrә,mætә'filiә",,n. 拒染性,,,,,0,0,,,
achromatophilic,,,不染色的,,,,,0,0,,,
achromatoplasm,",eikrә,mætә'plæzm",,非染色原生质,,,,,0,0,,,
achromatopsia,ә.krәumә'tɒpsiә,,n. 全色盲\n[医] 全色盲,,,,,0,0,,,
achromatopsis,"ә,krәumә'tɔpsis",,"色素缺乏, 无色性",,,,,0,0,,,
achromatopsy,"ә,krәumә'tɔpsi",n. Color blindness; inability to distinguish colors;\n   Daltonism.,n. 完全色盲,,,,,0,0,,,
achromatosis,,,[医] 色素缺乏; 染色性缺乏,,,,,0,0,,,
achromatous,ei'krәumәtәs,s having little or inadequate color,"a. 无色的, 淡色的",,,,,0,0,,,
achromats,'ækrə(ʊ)mæt,,n. 色盲患者；[光] 消色差透镜,,,,,0,0,,,
achromaturia,"ә,krәumә'tjuәriә",,无色尿,,,,,0,0,,,
achromia,ә'krәumjә,n an absence of normal pigmentation especially in the skin (as in albinism) or in red blood cells,"色素缺乏, 无色性",,,,,0,0,,,
achromia parasitica,,,[医] 寄生性色素缺乏,,,,,0,0,,,
achromia unguium,,,[医] 白甲病,,,,,0,0,,,
achromic,ә'krәumik,s having no color,a. 色素缺乏的,,,,,0,0,,,
achromic erythrocyte,,,"[医] 无色红细胞, 红细胞影",,,,,0,0,,,
achromic method,,,[机] 消色测定法,,,,,0,0,,,
achromic pelade,,,[医] 色素缺乏性斑秃,,,,,0,0,,,
achromic period,,,[机] 消色时间,,,,,0,0,,,
achromic point,,,[化] 消色点\n[医] 消色点,,,,,0,0,,,
achromin,ә'krәumin,,非染色质,,,,,0,0,,,
Achromobacter,,,[医] 无色[杆]菌属,,,,,0,0,,,
Achromobacter agile,,,[医] 运动无色[杆]菌,,,,,0,0,,,
Achromobacter ambiguum,,,"[医] 双侧无色[杆]菌, 未定无色[杆]菌",,,,,0,0,,,
Achromobacter lipidis,,,[医] 脂类无色[杆]菌,,,,,0,0,,,
Achromobacter liquefaciens,,,[医] 液化无色[杆]菌,,,,,0,0,,,
Achromobacter liquidum,,,[医] 水无色[杆]菌,,,,,0,0,,,
Achromobacter pestifer,,,[医] 运动无色[杆]菌,,,,,0,0,,,
achromobacteria,"ei,krәumә,bæk'tiәriә",,无色细菌,,,,,0,0,,,
Achromobacteriaceae,,,[医] 无色[杆]菌科,,,,,0,0,,,
achromocyte,"ei'krәumә,sait",,"无色红细胞, 新月形小体",,,,,0,0,,,
achromoderma,,,"[医] 皮肤色素缺乏, 白斑病",,,,,0,0,,,
achromodermia,"ei,krәu,mәɔ'dә:mjә",,"皮肤色素缺乏, 白斑病",,,,,0,0,,,
achromophil,,,[医] 不染色的; 不染体,,,,,0,0,,,
achromophilous,",ækrә'mɔfilәs",,"非嗜色的, 不染色的",,,,,0,0,,,
achromoreticulocyte,"æ,krәumә,ri'tikjulәsait",,"无色网状细胞, 无色网织红细胞",,,,,0,0,,,
achromosia,",ækrә'mәuziә",,"无色症, 白化病",,,,,0,0,,,
achromosomal,",ækrә'mәusәmɔl",,非染色体的,,,,,0,0,,,
achromotrichia,"ә,krәumә'trikiә",,"毛发退色, 灰发",,,,,0,0,,,
achromous,ækrəʊ'məs,s having no color, [医]无色的,,,,,0,0,,,
achromoviromycin,"ei,kәumә,vaiәrә'maisin",,无色病毒素,,,,,0,0,,,
Achromycin,",ækrәu'maisin",n an antibiotic (trade name Achromycin) derived from microorganisms of the genus Streptomyces and used broadly to treat infections,n. [药]四环素(商品名),,,,,0,0,,,
achrony,ә'krɔni,,无时性,,,,,0,0,,,
achronychous,ә'krɔnikәs,,(=acronychous)嵌甲的,,,,,0,0,,,
achrooamyloid,"ә,krәuɔә'æmilɔid",,无色淀粉样蛋白,,,,,0,0,,,
achroocytosis,,,[医] 淋巴细胞增多,,,,,0,0,,,
achroodextrin,,n. Dextrin not colorable by iodine. See Dextrin.,"[医] 消色糊精, 无色糊精",,,,,0,0,,,
achropachy,,,[医] 杵状指,,,,,0,0,,,
achtemeier,,, [人名] 阿赫特迈耶,,,,,0,0,,,
achtenberg,,, [人名] 阿赫滕伯格,,,,,0,0,,,
achter,,,n. (Achter)人名；(英、德)阿赫特,,,,,0,0,,,
achtung,'ɑ:htuŋ,,int. （德语）敬重；注意；立正（用作警告或命令）,,,,,0,0,p:achtung/0:achtung/1:p,,
Achucarro's silver tannin method,,,[医] 阿丘卡罗氏鞣酸银法(检结缔组织),,,,,0,0,,,
Achucarro's stain,,,[医] 阿丘卡罗氏染剂(染结缔组织),,,,,0,0,,,
Achumawi,,,[网络] 阿库马维,,,,,0,0,,,
achy,'eiki,s causing a dull and steady pain,a. 疼痛的,,,,,0,32574,,,
achy-breaky,,,[网络] y y。,,,,,0,0,,,
achylia,ә'kailjә,n absence of gastric juices (partial or complete),胃液缺乏,,,,,0,0,,,
achylia gastrica,,,[医] 胃液缺乏,,,,,0,0,,,
achylia gastrica haemorrhagica,,,[医] 出血性胃液缺乏,,,,,0,0,,,
achylia pancreatica,,,[医] 胰液缺乏,,,,,0,0,,,
achylic chlorosis,,,[医] 胃液缺乏性萎黄病,,,,,0,0,,,
achylica anemia,,,[医] 胃液缺乏性贫血,,,,,0,0,,,
achymia,ә'kaimiә,,食糜缺乏,,,,,0,0,,,
achymosis,,,[医] 食糜缺乏,,,,,0,0,,,
achymous,,a. Without chyme.,[医] 食糜缺乏的,,,,,0,0,,,
achyranthes,",ækә'rænθi:z",,牛膝[根],,,,,0,0,,,
Achyranthes L.,,,[医] 牛膝属,,,,,0,0,,,
ACI,,,[计] 车辆自动识别,,,,,0,0,,,
aci form,,,[化] 酸式; 针状的,,,,,0,0,,,
aci-compound,,,[化] 酸式化合物,,,,,0,0,,,
aci-jel,,,"[医] 阿息胶(一种含硼酸等酸的胶冻,用以控制阴道内的PH值)",,,,,0,0,,,
aci-nitro form,,,[化] 酸式硝基型; 亚酸式硝基型,,,,,0,0,,,
aci-nitro group,,,[化] 酸式硝基; 亚酸式硝基,,,,,0,0,,,
aci-nitro-,,,[化] 异硝基; 硝酸亚基,,,,,0,0,,,
ACIA,,,[计] 异步通信接口适配器,,,,,0,0,,,
aciclovir,,,阿昔洛维,,,,,0,0,,,
acicula,ә'sikjulә,n a needlelike part or structure of a plant or animal or crystal; as a spine or bristle or crystal,"n. [生物]针, 刺",,,,,0,0,,,
aciculae,,pl.  of Acicula,针状结晶,,,,,0,0,,,
acicular,ә'sikjulә,s narrow and long and pointed; as pine leaves,"a. 针状的, 针尖状的",,,,,0,0,,,
acicular cast iron,,,[机] 针状铸铁,,,,,0,0,,,
acicular martensite,,,[机] 针状麻田,,,,,0,0,,,
acicular pigment,,,[化] 针状颜料,,,,,0,0,,,
acicular structure,,,[机] 针状组织,,,,,0,0,,,
acicular type zinc oxide,,,[化] 针状氧化锌,,,,,0,0,,,
aciculate,ә'sikjulit,a. related to plants or animals or crystals having aciculae or needlelike parts,"a. 有刺的, 针状的, 有针尖划痕的",,,,,0,0,,,
aciculated,ə'sɪkjʊlɪt,a. Furnished with aciculae.\na. Acicular.\na. Marked with fine irregular streaks as if scratched by a\n   needle.,"aciculated  ／-leitid／\na. 针形的, 针状的；有针状的刺、皮刺或结晶的；有刚毛的",,,,,0,0,,,
aciculiform,ә'sikjuli:fɔ:m,a. Needle-shaped; acicular.,针形,,,,,0,0,,,
aciculifruticeta,"ә,sikjuli,fru:ti'setә",,针叶灌木群落,,,,,0,0,,,
aciculignosa,"ә,sikjjlig'nәjsә",,"n. (生态学用语)针叶植被,针叶木本群落",,,,,0,0,,,
aciculite,,n. Needle ore.,针状矿石\n针硫铋铅矿,,,,,0,0,,,
aciculum,ә'sikjulәm,,足刺(多毛类),,,,,0,0,,,
acid,'æsid,n. any of various water-soluble compounds having a sour taste and capable of turning litmus red and reacting with a base to form a salt\nn. street name for lysergic acid diethylamide\ns. having the characteristics of an acid,"n. 酸, 酸类物质, 尖刻, 迷幻药\na. 酸的, 酸性的, 尖刻的, 敏锐的\n[计] 自动文档互参与索引生成程序",,3,1,gk cet4 cet6 ky toefl ielts,1597,3238,s:acids,,
acid (-proof) valve,,,[化] 耐酸阀,,,,,0,0,,,
acid absorber,,,"[机] 吸收体, 吸收器",,,,,0,0,,,
acid acceptor,,,[化] 酸性接受体; 酸受体; 酸性中和剂,,,,,0,0,,,
acid accumulator,,,[化] 酸性蓄电池,,,,,0,0,,,
acid adipate,,,[建] 酸式己二酸盐(或酯),,,,,0,0,,,
acid agglutination,,,[医] 酸凝集,,,,,0,0,,,
acid albumin,,,[医] 酸白蛋白,,,,,0,0,,,
acid albuminate,,,[化] 酸化变性蛋白\n[医] 酸┏,,,,,0,0,,,
acid alcohol,,,[化] 酸醇,,,,,0,0,,,
acid alcohol resistance,,,"[医] 抗酸酒精性, 酸酒精抵抗性",,,,,0,0,,,
acid alizarin blue,,,[医] 酸性茜素蓝,,,,,0,0,,,
acid alizarin blue modification staining,,,[医] 酸性茜素蓝改良染色法(染结缔组织),,,,,0,0,,,
acid alizarine black,,,[机] 酸性茜素黑,,,,,0,0,,,
acid alizarine blue,,,[机] 酸性茜素蓝,,,,,0,0,,,
acid alizarine blue-black,,,[建] 酸性茜素蓝黑,,,,,0,0,,,
acid alkylation,,,[化] 酸性烷基化作用,,,,,0,0,,,
acid alzarin green G,,,[医] G字酸性茜素绿,,,,,0,0,,,
acid amide,,,[医] 酰胺,,,,,0,0,,,
acid amides,,,[机] 酰氨,,,,,0,0,,,
acid amidine,,,[化] 烷基脒,,,,,0,0,,,
acid amidochloride,,,"[化] 1,1-二氯代烃胺(R·CCl-2·NH-2)",,,,,0,0,,,
acid ammonium tartrate,,,[建] 酒石酸氢铵,,,,,0,0,,,
acid ammonium valerate,,,[医] 酸性戊酸铵,,,,,0,0,,,
acid and alkali treatment,,,[化] 酸碱处理; 酸碱洗涤,,,,,0,0,,,
acid anhydride,,,[化] 酸酐,,,,,0,0,,,
acid anhydrides,,,酸酐,,,,,0,0,,,
acid arsenate,,,[医] 酸性砷酸盐,,,,,0,0,,,
acid asphalt,,,[机] 酸性地沥青,,,,,0,0,,,
acid attack,,,[化] 酸侵蚀,,,,,0,0,,,
acid azelaate,,,[机] 酸式壬二酸盐,,,,,0,0,,,
acid azide,,,[化] 酰基叠氮,,,,,0,0,,,
acid azides,,,[机] 酰基叠氮,,,,,0,0,,,
acid azo-color,,,[化] 酸性偶氮染料,,,,,0,0,,,
acid barium oxalate,,,[化] 酸式草酸钡,,,,,0,0,,,
acid base,,,[医] 酸硷,,,,,0,0,,,
acid base metabolism,,,[机] 酸碱代谢,,,,,0,0,,,
acid bath,,,[化] 酸浴\n[医] 酸性浴,,,,,0,0,,,
acid battery,,,[电] 酸蓄电池,,,,,0,0,,,
acid Bessemer converter,,,[化] 酸性转炉,,,,,0,0,,,
acid bessemer process,,,[机] 酸性柏思麦法,,,,,0,0,,,
acid bessemer steel,,,[机] 酸性柏思麦钢,,,,,0,0,,,
acid bile,,,[医] 胆汁酸,,,,,0,0,,,
acid bioluric,,,[医] 尿酸衍酸,,,,,0,0,,,
acid black,,,[机] 酸性黑,,,,,0,0,,,
Acid Black 10B,,,[化] 酸性黑10B,,,,,0,0,,,
acid black 2r,,,"[建] 酸性黑2R, 二蓝光酸性黑",,,,,0,0,,,
acid bleaching,,,[机] 酸性漂白,,,,,0,0,,,
acid blow case,,,[化] 吹气扬酸箱,,,,,0,0,,,
acid blue,,,[医] 酸性蓝,,,,,0,0,,,
acid blue black 6b,,,"[建] 酸性蓝黑6B, 酸性蓝黑",,,,,0,0,,,
acid blwcase,,,[机] 吹箱,,,,,0,0,,,
acid bordeaux,,,[机] 酸性枣红,,,,,0,0,,,
acid bottom,,,[机] 酸性炉底,,,,,0,0,,,
acid brick,,,[化] 耐酸砖,,,,,0,0,,,
acid brilliant blue,,,[建] 酸性目蓝,,,,,0,0,,,
Acid Brilliant Scarlet GR,,,[化] 酸性大红GR,,,,,0,0,,,
acid brittleness,,,[化] 酸脆; 酸脆性,,,,,0,0,,,
acid bromide,,,[化] 酰基溴,,,,,0,0,,,
acid camphor mixture,,,[医] 酸性樟脑合剂,,,,,0,0,,,
acid capacity,,,[化] 酸容量,,,,,0,0,,,
acid carbonate,,,[化] 酸式碳酸盐,,,,,0,0,,,
acid carboy,,,[化] 酸坛,,,,,0,0,,,
acid carboy inclinator,,,[化] 酸坛倾斜器,,,,,0,0,,,
acid carmoisine,,,[机] 酸性淡红,,,,,0,0,,,
acid carmoisine b,,,"[建] 酸性淡红B, 酸性蓝光胭脂红",,,,,0,0,,,
acid catalysed,,,"[建] 酸催的, 酸所催化的, 酸性催化的",,,,,0,0,,,
acid catalysis,,,[化] 酸催化,,,,,0,0,,,
acid catalyst,,,[机] 酸催化剂,,,,,0,0,,,
acid cell,,,"[医] 壁细胞, 酸细胞",,,,,0,0,,,
acid cellulose,,,[医] 酸性纤维素,,,,,0,0,,,
acid centrifugal pump,,,[化] 酸离心泵,,,,,0,0,,,
acid cerise,,,[机] 酸性樱红,,,,,0,0,,,
acid chloride,,,[化] 酰基氯; 氯化酰基\n[医] 酰基氯,,,,,0,0,,,
acid chrome black,,,[机] 酸性铬黑,,,,,0,0,,,
Acid Chrome Black T,,,[化] 酸性媒介黑T,,,,,0,0,,,
acid chrome blue r,,,"[建] 酸性铬蓝R, 二蓝光酸性蓝",,,,,0,0,,,
Acid Chrome Bordeaux BN,,,[化] 酸性媒介枣红BN,,,,,0,0,,,
Acid Chrome Deep Yellow GG,,,[化] 酸性媒介深黄GG,,,,,0,0,,,
acid chrome dye,,,[机] 酸性铬染料,,,,,0,0,,,
acid chrome salt,,,[机] 酸性铬盐,,,,,0,0,,,
acid chrome yellow njs,,,"[建] 酸性铬黄NJS, 酸性铬黄",,,,,0,0,,,
acid circulating pump,,,[化] 酸循环泵,,,,,0,0,,,
acid clay,,,[化] 酸性粘土,,,,,0,0,,,
acid cleaning,,,[化] 酸洗,,,,,0,0,,,
acid coagulation,,,[机] 酸致凝结,,,,,0,0,,,
acid coke,,,[机] 酸性焦炭,,,,,0,0,,,
acid color,,,[机] 酸性染料,,,,,0,0,,,
acid complex,,,"[化] 酸式配位化合物; 酸式络合物(例如MHL,其中M代表金属,L代表配位体)",,,,,0,0,,,
Acid Complex Blue GGN,,,[化] 酸性络合蓝GGN,,,,,0,0,,,
acid complex dye,,,[化] 酸性络合染料,,,,,0,0,,,
acid complex dyes,,,[化] 酸性络合染料,,,,,0,0,,,
acid concentraion,,,[机] 酸浓度,,,,,0,0,,,
acid concentration,,,[化] 酸浓度,,,,,0,0,,,
acid concentrator,,,[化] 酸浓缩器,,,,,0,0,,,
acid condenser,,,[化] 酸冷凝器,,,,,0,0,,,
acid condensing agent,,,[机] 酸冷凝剂,,,,,0,0,,,
acid condiment,,,[化] 食品酸味剂,,,,,0,0,,,
acid conditioned reaction,,,[医] 酸条件反应,,,,,0,0,,,
acid conditioned reflex,,,[医] 条件酸反射,,,,,0,0,,,
acid conductor,,,[机] 酸浓缩器,,,,,0,0,,,
acid constituents,,,[化] 酸组分,,,,,0,0,,,
acid consuming capacity,,,[医] 耗酸量,,,,,0,0,,,
acid content,,,[机] 酸性含量,,,,,0,0,,,
acid converter,,,[机] 酸性转炉,,,,,0,0,,,
acid converter process,,,[化] 酸性转炉法; 酸性转炉炼钢法,,,,,0,0,,,
acid cooler,,,[化] 酸冷却器,,,,,0,0,,,
acid corrosion,,,[化] 酸腐蚀,,,,,0,0,,,
acid corroslon,,,[机] 酸腐蚀,,,,,0,0,,,
acid crimson,,,"[机] 酸性绯红, 蓝光酸性红",,,,,0,0,,,
acid cure,,,[机] 酸性硫化,,,,,0,0,,,
acid cut,,,[化] 酸定(在油漆稀释剂中加入硫酸以测定烃含量),,,,,0,0,,,
acid cyanic,,,[医] 氰酸,,,,,0,0,,,
acid deasphalting,,,[化] 硫酸脱沥青法,,,,,0,0,,,
acid decomposition,,,[化] 酸性分解,,,,,0,0,,,
acid degradation,,,[机] 酸降解,,,,,0,0,,,
acid degree,,,[机] 酸性程度,,,,,0,0,,,
acid depolarizer,,,[电] 酸性去极,,,,,0,0,,,
acid developer,,,[机] 酸性显像剂,,,,,0,0,,,
acid diamide,,,[化] 酰二胺,,,,,0,0,,,
acid dip(ping),,,[化] 酸洗,,,,,0,0,,,
acid discharge hose,,,[化] 排酸胶管,,,,,0,0,,,
acid dissociation,,,[化] 酸式电离,,,,,0,0,,,
acid drop,ˈæsid drɔp,,n. 酸味糖果,,,,,0,0,,,
acid dye,,,[化] 酸性染料\n[医] 酸性染剂,,,,,0,0,,,
acid dyeing,,,[化] 酸性染色,,,,,0,0,,,
acid dyes,,,[化] 酸性染料,,,,,0,0,,,
acid dyspepsia,,,[医] 酸性消化不良,,,,,0,0,,,
acid egg,,,[化] 酸蛋; 蛋形升酸器,,,,,0,0,,,
acid electric arc furnace,,,[机] 酸性电弧炉,,,,,0,0,,,
acid electric furnace process,,,[机] 酸性电炉法,,,,,0,0,,,
acid electric steel,,,[机] 酸性电炉钢,,,,,0,0,,,
acid electrolyte,,,[化] 酸电解质,,,,,0,0,,,
acid elevator,,,[化] 升酸器; 扬酸器,,,,,0,0,,,
acid ester,,,[化] 酸式酯,,,,,0,0,,,
acid esters,,,[机] 酸酯,,,,,0,0,,,
acid estimation apparatus,,,[医] 酸定量器,,,,,0,0,,,
acid etching,,,[机] 酸性浸蚀,,,,,0,0,,,
acid ethyisulfate,,,[机] 酸式硫酸乙酯,,,,,0,0,,,
acid ethylenesulfate,,,[化] 酸式硫酸乙烯酯,,,,,0,0,,,
acid ethylphosphite,,,[化] 酸式亚磷酸乙酯,,,,,0,0,,,
acid ethylsulfate,,,[化] 酸式硫酸乙酯,,,,,0,0,,,
acid ethylsulfite,,,[化] 酸式亚硫酸乙酯,,,,,0,0,,,
acid extract,,,[化] 酸性萃; 酸提出物,,,,,0,0,,,
acid extraction,,,[化] 酸萃取,,,,,0,0,,,
acid fastness,,,[化] 耐酸性; 耐酸度; 耐酸坚牢度,,,,,0,0,,,
acid feeder,,,[化] 送酸器; 加酸器,,,,,0,0,,,
acid fermentation,,,[化] 酸性发酵\n[医] 酸性发酵,,,,,0,0,,,
acid fixing bath,,,[化] 酸性定象浴,,,,,0,0,,,
acid fluoride,,,[化] 酰基氟,,,,,0,0,,,
acid fog liquid,,,[化] 酸雾液,,,,,0,0,,,
acid former,,,[化] 成酸物质; 成酸剂,,,,,0,0,,,
acid from recovery plant,,,[化] 再生酸,,,,,0,0,,,
acid fuchsin,,,[医] 酸性品红,,,,,0,0,,,
acid fuchsin stain,,,[医] 酸性品红染剂,,,,,0,0,,,
acid fumarate,,,[机] 酸式富马酸盐,,,,,0,0,,,
acid fume,,,[化] 酸烟,,,,,0,0,,,
acid gas absorption,,,[机] 酸气吸收作用,,,,,0,0,,,
acid gases,,,[机] 酸性气体,,,,,0,0,,,
acid glands,,,[医] 胃酸腺,,,,,0,0,,,
acid glutarate,,,[机] 酸式戊二酸盐,,,,,0,0,,,
acid glycoprotein,,,[化] 酸性糖蛋白,,,,,0,0,,,
acid green,,,"[医] 酸绿, 淡绿",,,,,0,0,,,
acid group,,,[化] 酸基; 酸根,,,,,0,0,,,
acid haematin,,,[医] 酸性正铁血红素,,,,,0,0,,,
acid halide,,,[化] 酰基卤; 卤化酰基,,,,,0,0,,,
acid head,,,服迷幻药的人,,,,,0,0,,,
acid hearth,,,[机] 酸性敞炉,,,,,0,0,,,
acid heat,,,[机] 酸热,,,,,0,0,,,
acid heat test,,,[化] 酸热试验,,,,,0,0,,,
acid heat value,,,[机] 酸热值,,,,,0,0,,,
acid hematin method,,,[医] 酸性正铁血红素测定法(检血红蛋白),,,,,0,0,,,
acid hose,,,[化] 耐酸胶管,,,,,0,0,,,
acid house,ˈæsid haus,,n. 酸屋（一种由吸毒者演奏的、单调的合成打击乐）,,,,,0,0,,,
acid humus,,,[化] 酸性腐殖质,,,,,0,0,,,
acid hydrazide,,,[化] 酰基肼,,,,,0,0,,,
acid hydrobromic,,,[医] 氢溴酸,,,,,0,0,,,
acid hydrogen,,,[化] 酸式氢,,,,,0,0,,,
acid hydrolysis,,,[化] 酸解; 加酸水解,,,,,0,0,,,
acid imide,,,[化] 酸亚胺; 酰亚胺,,,,,0,0,,,
acid imidochloride,,,[机] 偕氯代烃亚氨,,,,,0,0,,,
acid indigestion,,,"[医] 胃酸过多性消化不良, 胃酸过多[症]",,,,,0,0,,,
acid industry,,,[化] 制酸工业,,,,,0,0,,,
acid infraprotein,,,[化] 酸性变性蛋白,,,,,0,0,,,
acid inhibitor,,,[化] 酸抑制剂; 酸腐蚀抑制剂; 酸性抑制剂,,,,,0,0,,,
Acid Ink Blue G,,,[化] 酸性墨水蓝G,,,,,0,0,,,
acid intoxication,,,[医] 酸中毒,,,,,0,0,,,
acid iodide,,,[机] 酰基碘,,,,,0,0,,,
acid ion,,,[化] 酸基离子,,,,,0,0,,,
acid jazz,,, 迷幻爵士（结合爵士乐、放克乐、灵乐和嘻哈成分的舞曲）,,,,,0,0,,,
acid jetting,,,[化] 喷酸; 喷酸作业,,,,,0,0,,,
acid ketone,,,[机] 酮酸,,,,,0,0,,,
acid latex,,,[化] 酸性胶乳; 阳电荷胶乳,,,,,0,0,,,
acid leach,,,[化] 酸沥滤; 酸沥滤产物,,,,,0,0,,,
acid leaching,,,[机] 酸性沥炉,,,,,0,0,,,
acid lead,,,[化] 耐酸铅,,,,,0,0,,,
Acid Light Yellow G,,,[化] 酸性嫩黄G,,,,,0,0,,,
acid lining,,,[化] 酸性内衬; 酸性炉衬,,,,,0,0,,,
acid liquor,,,[化] 酸液,,,,,0,0,,,
acid magenta,,,[医] 酸性品红,,,,,0,0,,,
acid magnesium citrate,,,[化] 酸式柠檬酸镁; 酸式枸橼酸镁,,,,,0,0,,,
acid malate,,,[化] 酸式苹果酸盐(或酯),,,,,0,0,,,
acid maleate,,,[机] 酸式马来酸盐,,,,,0,0,,,
acid malonate,,,[化] 酸式丙二酸盐(或酯),,,,,0,0,,,
acid manganous phosphate,,,[化] 酸式磷酸锰,,,,,0,0,,,
acid measurer,,,[机] 量酸器,,,,,0,0,,,
acid medium,,,[化] 酸性介质,,,,,0,0,,,
acid metaprotein,,,[化] 酸化变性蛋白\n[医] 酸┏,,,,,0,0,,,
acid milling black b,,,"[建] 酸性磨黑B, 蓝光酸性黑",,,,,0,0,,,
acid milling red,,,[机] 酸性磨红,,,,,0,0,,,
acid mist,,,[化] 酸雾,,,,,0,0,,,
acid mist eliminator,,,[化] 酸雾捕集器,,,,,0,0,,,
acid molybdate reagent,,,"[医] 酸性钼酸盐试剂, 福林性酸性钼酸盐试剂",,,,,0,0,,,
Acid Mordant Azurine B,,,[化] 酸性媒介深蓝,,,,,0,0,,,
Acid Mordant Brown RH,,,[化] 酸性媒介棕RH,,,,,0,0,,,
acid mordant dye,,,[化] 酸性媒介染料,,,,,0,0,,,
acid mordant dyes,,,[化] 酸性媒介染料,,,,,0,0,,,
acid nitrile,,,[化] 腈,,,,,0,0,,,
acid number,,,酸值\n[化] 酸值; 酸价,,,,,0,0,,,
acid number value,,,"[机] 酸值, 酸价",,,,,0,0,,,
acid oil,,,[机] 酸性油,,,,,0,0,,,
acid open-hearth,,,[机] 酸性平炉,,,,,0,0,,,
acid open-hearth furnace,,,[机] 酸性敞炉,,,,,0,0,,,
acid open-hearth process,,,[机] 酸性平炉法,,,,,0,0,,,
acid open-hearth steel,,,[机] 酸性平炉钢,,,,,0,0,,,
acid open-heath furnace,,,[机] 酸性平炉,,,,,0,0,,,
acid orange,,,[机] 酸性橙,,,,,0,0,,,
Acid Orange II,,,[化] 酸性橙II,,,,,0,0,,,
acid oxalate,,,[机] 酸式草酸盐,,,,,0,0,,,
acid oxide,,,"[医] 酸性氧化物, 成酸氧化物",,,,,0,0,,,
acid peroxide,,,[机] 酸之过氧化物,,,,,0,0,,,
acid phosphatase,,,[化] 酸性磷酸酶\n[医] 酸性磷酸酯酶,,,,,0,0,,,
acid phosphate,,,[化] 酸式磷酸盐(或酯); (专指)过磷酸钙,,,,,0,0,,,
acid phosphate den,,,[机] 过磷酸钙(储藏)室,,,,,0,0,,,
acid phosphate mixer,,,[机] 过磷酸钙混合器,,,,,0,0,,,
acid phosphate mixing pan,,,[机] 过磷酸钙混合锅,,,,,0,0,,,
acid phtalate,,,"[化] 酸式邻苯二甲酸盐, 酸式邻苯二甲酸酯",,,,,0,0,,,
acid pickling,,,[化] 酸洗; 酸渍,,,,,0,0,,,
acid pig iron,,,[机] 酸性生铁,,,,,0,0,,,
acid pimelate,,,[机] 酸式庚二酸盐,,,,,0,0,,,
acid plant,,,[机] 制酸厂,,,,,0,0,,,
acid poisoning,,,[医] 酸[类]中毒,,,,,0,0,,,
acid polishing,,,[化] 酸法制浆造纸; 酸抛光; 酸抛光玻璃,,,,,0,0,,,
acid polychrome methylene blue,,,[医] 酸性多色甲烯蓝,,,,,0,0,,,
acid ponceau,,,[机] 酸性丽春红,,,,,0,0,,,
acid potassium acetate,,,[化] 酸式醋酸钾,,,,,0,0,,,
acid potassium oxalate,,,[机] 酸式草酸钾,,,,,0,0,,,
acid potassium phthalate,,,[化] 酸式邻苯二甲酸钾; 邻苯二甲酸一钾盐\n[医] 酸性邻苯二酸钾,,,,,0,0,,,
acid potassium sulfate,,,[化] 酸式硫酸钾,,,,,0,0,,,
acid potassium tartrafet,,,[医] 酸式酒石酸钾,,,,,0,0,,,
acid potassium tartrate,,,[化] 酸式酒石酸钾; 洒石,,,,,0,0,,,
acid precipitation,ˈæsid prɪˌsɪpɪˈteɪʃən,,n. 酸性降水,,,,,0,0,,,
acid pressure leaching,,,[化] 酸法加压浸出,,,,,0,0,,,
acid process,,,"[机] 酸性程序, 酸性方法, 酸性作业",,,,,0,0,,,
acid proof,,,[电] 防酸,,,,,0,0,,,
acid proof alloy,,,[机] 耐酸合金,,,,,0,0,,,
acid proof cast iron,,,[机] 耐酸铸铁,,,,,0,0,,,
acid proof paint,,,[机] 耐酸油漆,,,,,0,0,,,
acid proof test,,,[机] 耐酸测试,,,,,0,0,,,
acid proofing motor,,,[机] 耐酸电动机,,,,,0,0,,,
acid protease,,,[机] 酸蛋白,,,,,0,0,,,
acid protein bond,,,[化] 酸蛋白键,,,,,0,0,,,
acid pump,,,[化] 酸泵,,,,,0,0,,,
acid purification system,,,"[机] 酸净化系统, 酸再生系统",,,,,0,0,,,
acid radical,,,[化] 酸根; 酸基; 酰基\n[医] 酸根,,,,,0,0,,,
acid rain,,,酸雨,,1,,,0,0,,,
acid reaction,,,[化] 酸性反应\n[医] 酸性反应,,,,,0,0,,,
acid receiver,,,[化] 盛酸器; 储酸器,,,,,0,0,,,
acid reclaim,,,[机] 酸性再生胶,,,,,0,0,,,
acid recovery,,,[机] 酸回收厂,,,,,0,0,,,
acid recovery plant,,,[化] 废酸回收厂,,,,,0,0,,,
acid red,,,[机] 酸性红,,,,,0,0,,,
Acid Red 3B,,,[化] 酸性红3B,,,,,0,0,,,
Acid Red B,,,[化] 酸性红B,,,,,0,0,,,
Acid Red G,,,[化] 酸性红G,,,,,0,0,,,
acid reduction,,,[机] 酸性还原作用,,,,,0,0,,,
acid reflex,,,[医] 酸反射,,,,,0,0,,,
acid refractories,,,[机] 酸性耐火材料,,,,,0,0,,,
acid refractory,,,[化] 酸性耐火材料,,,,,0,0,,,
acid refractory material,,,[机] 酸性耐火材料,,,,,0,0,,,
acid residue,,,[机] 酸性残渣,,,,,0,0,,,
acid resin,,,[医] 酸性树脂,,,,,0,0,,,
acid resistance,,,[化] 耐酸度,,,,,0,0,,,
acid resistane,,,"[机] 耐酸, 抗酸",,,,,0,0,,,
acid resistant cast iorn,,,[机] 耐酸铸铁,,,,,0,0,,,
acid resistant ceramics,,,[化] 耐酸陶瓷,,,,,0,0,,,
acid resistant enamel,,,[化] 耐酸搪瓷,,,,,0,0,,,
acid resisting,,,[机] 耐酸的,,,,,0,0,,,
acid resisting alloy,,,[机] 耐酸合金,,,,,0,0,,,
acid resisting binder cement,,,[化] 耐酸水泥,,,,,0,0,,,
acid resisting cast iron,,,[化] 耐酸铸铁,,,,,0,0,,,
acid resisting hose,,,[化] 耐酸胶管,,,,,0,0,,,
acid resisting metal,,,[化] 抗酸金属,,,,,0,0,,,
acid resisting paint,,,"[机] 耐酸油漆, 耐酸涂料",,,,,0,0,,,
acid resisting steel,,,[机] 耐酸钢,,,,,0,0,,,
acid restoring plant,,,[机] 废酸回收工厂,,,,,0,0,,,
acid rigor,,,"[医] 酸僵, 酸性肌强直",,,,,0,0,,,
acid rock,,,[化] 酸性岩,,,,,0,0,,,
acid rosin size,,,[化] 酸性松香胶,,,,,0,0,,,
acid rubber,,,[化] 酸性橡胶; 羧基橡胶,,,,,0,0,,,
acid salt,,,[化] 酸式盐\n[医] 酸性盐,,,,,0,0,,,
acid saponification,,,[化] 加酸皂化,,,,,0,0,,,
acid saponifieation,,,[机] 加酸皂化,,,,,0,0,,,
acid scarlet c,,,"[机] 酸性猩红, 酸性红",,,,,0,0,,,
acid seal,,,[机] 酸对,,,,,0,0,,,
acid seal paing,,,[机] 酸对漆,,,,,0,0,,,
acid seal paint,,,[化] 酸封漆,,,,,0,0,,,
acid seale,,,[机] 酸称,,,,,0,0,,,
acid sebacate,,,[机] 酸式癸二酸盐,,,,,0,0,,,
acid sense,,,[医] 酸觉(指胃对盐酸分泌的调节),,,,,0,0,,,
acid settler,,,[化] 酸沉降器,,,,,0,0,,,
acid settling tank,,,[化] 酸沉降器,,,,,0,0,,,
acid sight box,,,[化] 窥酸箱,,,,,0,0,,,
acid sites,,,[化] 酸性部位; 酸性点,,,,,0,0,,,
acid slag,,,[化] 酸性渣,,,,,0,0,,,
acid slag practice,,,[机] 酸性渣法,,,,,0,0,,,
acid sludge,,,[化] 酸性污泥; 酸渣,,,,,0,0,,,
acid sludge asphalt,,,[化] 酸渣沥青,,,,,0,0,,,
acid sludge fuel,,,[化] 酸渣燃料,,,,,0,0,,,
acid soap,,,[化] 酸性皂,,,,,0,0,,,
acid sodium acetate,,,[化] 酸式醋酸钠,,,,,0,0,,,
acid solution,,,[化] 酸溶液,,,,,0,0,,,
acid solvent,,,[化] 酸性溶剂,,,,,0,0,,,
acid sonbutali,,,"[医] 桑布他酸, 仲丁基-β-溴丙烯基巴比土酸",,,,,0,0,,,
acid spinning process,,,[化] 酸纺,,,,,0,0,,,
acid splitting,,,[化] 酸解; 加酸分解,,,,,0,0,,,
acid spring,,,[医] 酸性矿泉,,,,,0,0,,,
acid stain,,,[医] 酸性染剂,,,,,0,0,,,
acid steel,,,[化] 酸性钢,,,,,0,0,,,
acid storage battery,,,[机] 酸性蓄电池,,,,,0,0,,,
acid strength,,,[机] 酸强度,,,,,0,0,,,
acid suberate,,,[机] 酸式辛二酸盐,,,,,0,0,,,
acid succinate,,,[机] 酸式丁二酸盐,,,,,0,0,,,
acid sulfate,,,[化] 酸式硫酸盐(或酯)\n[医] 酸性硫酸盐,,,,,0,0,,,
acid sulfides,,,[化] 氢硫化物,,,,,0,0,,,
acid sulfite,,,[化] 酸式亚硫酸盐(或酯),,,,,0,0,,,
acid sulfite semichemical pulp,,,[化] 酸性亚硫酸盐半化学浆,,,,,0,0,,,
acid sulflte,,,[机] 酸式亚硫酸盐,,,,,0,0,,,
acid swelling,,,[化] 酸肿,,,,,0,0,,,
acid tank,,,[化] 酸槽,,,,,0,0,,,
acid tar,,,[机] 酸焦油,,,,,0,0,,,
acid tartate,,,[机] 酒石酸氢盐,,,,,0,0,,,
acid tartronate,,,[机] 酸式丙醇二酸盐,,,,,0,0,,,
acid test,,,"硝酸试金法, 严峻考验\n[经] 酸性试验",,,,,0,0,,,
acid test method,,,[经] 酸性测试法,,,,,0,0,,,
acid thermocoagulation,,,[化] 酸性热凝固法,,,,,0,0,,,
acid Thorex process,,,[化] 酸式钍雷克斯流程; TBP萃取过程,,,,,0,0,,,
acid tiae,,,[医] 酸潮(尿),,,,,0,0,,,
acid tongue,,,尖酸刻薄的人\n尖酸刻薄（唱片名，Acid Tongue）,,,,,0,0,,,
acid tower,,,[化] 酸塔; 制酸塔,,,,,0,0,,,
acid treating,,,[化] 酸处理,,,,,0,0,,,
acid treatment,,,[化] 酸处理,,,,,0,0,,,
acid trypaflavine,,,[医] 盐酸吖啶黄,,,,,0,0,,,
acid unconditioned reflex,,,[医] 非条件酸反射,,,,,0,0,,,
acid value,,,[化] 酸值; 酸价\n[医] 酸值,,,,,0,0,,,
acid violet,,,[机] 酸性素,,,,,0,0,,,
acid violet 6b,,,"[机] 酸性素6B, 蓝光酸性素",,,,,0,0,,,
Acid Violet 7B,,,[化] 酸性紫7B,,,,,0,0,,,
acid wash,,,[化] 酸洗,,,,,0,0,,,
acid washing,,,[化] 酸洗,,,,,0,0,,,
acid washing test,,,[化] 酸洗试验,,,,,0,0,,,
acid waste,,,[化] 酸性废物,,,,,0,0,,,
acid waste liquid,,,[化] 酸性废液,,,,,0,0,,,
acid waste products,,,[机] 酸废料,,,,,0,0,,,
acid waste water,,,[化] 酸性污水,,,,,0,0,,,
acid water,,,[化] 酸水,,,,,0,0,,,
acid wave,,,[医] 酸潮(尿),,,,,0,0,,,
acid weigher,,,[机] 酸称,,,,,0,0,,,
acid weighing tank,,,[化] 称酸槽,,,,,0,0,,,
acid yellow,,,[医] 酸性黄,,,,,0,0,,,
acid yellow D,,,[医] 酸性黄D,,,,,0,0,,,
acid(-proof) brick,,,[化] 耐酸砖,,,,,0,0,,,
acid(-proof) hose,,,[化] 耐酸软管; 耐酸胶管,,,,,0,0,,,
acid(ic) gases,,,[化] 酸性气体,,,,,0,0,,,
acid(ic) oxide,,,[化] 酸性氧化物,,,,,0,0,,,
acid-alkali cell,,,[化] 酸碱电池,,,,,0,0,,,
acid-anhydride,,,[医] 酸酐,,,,,0,0,,,
acid-aniline fuel,,,[机] 酸-苯氨燃料,,,,,0,0,,,
acid-ash diet,,,[医] 酸化饮食,,,,,0,0,,,
acid-base,,,n. 酸-碱,,,,,0,0,,,
acid-base balance,,,[化] 酸碱平衡\n[医] 酸硷平衡,,,,,0,0,,,
acid-base catalysis,,,[化] 酸碱催化,,,,,0,0,,,
acid-base catalyst,,,[化] 酸碱催化剂,,,,,0,0,,,
acid-base catalyzed reaction,,,[化] 酸碱催化反应,,,,,0,0,,,
acid-base determination of petroleum products,,,[建] 石油产品的酸碱测定法,,,,,0,0,,,
acid-base equilibrium,,,[化] 酸碱平衡\n[医] 酸硷平衡,,,,,0,0,,,
acid-base indicator,,,[化] 酸碱指示剂,,,,,0,0,,,
acid-base metabolism,,,[化] 酸碱代谢\n[医] 酸硷代谢,,,,,0,0,,,
acid-base pair,,,[化] 酸碱对,,,,,0,0,,,
acid-base titration,,,[化] 酸碱滴定法; 中和法,,,,,0,0,,,
acid-carbonate,,,[医] 酸性碳酸盐,,,,,0,0,,,
acid-catalysed cleavage,,,[建] 酸催裂,,,,,0,0,,,
acid-catalysed rearrangement,,,[建] 酸催重排作用,,,,,0,0,,,
acid-catalyzed polycondensation,,,[建] 酸催化缩聚(作用),,,,,0,0,,,
acid-cured resin,,,[化] 酸凝树脂,,,,,0,0,,,
acid-etched,,,酸浸蚀,,,,,0,0,,,
acid-fast,,s not easily decolorized by acid solutions; pertains to micro-organisms (especially the tubercle bacillus that causes tuberculosis),[医] 耐酸的,,,,,0,0,,,
acid-fast acarlet,,,[机] 酸性坚牢猩红,,,,,0,0,,,
acid-fast bacillus,,,"[医] 耐酸杆菌, 抗酸杆菌",,,,,0,0,,,
acid-fast bacteria,,,[机] 耐酸细菌,,,,,0,0,,,
acid-fast bacterium,,,[医] 耐酸菌,,,,,0,0,,,
acid-fast staining,,,[医] 抗酸染色法,,,,,0,0,,,
acid-form,,,[机] 酸式,,,,,0,0,,,
acid-forming,,s yielding an acid in aqueous solution,[医] 生酸的,,,,,0,0,,,
acid-forming base,,,[医] 成酸硷,,,,,0,0,,,
acid-forming food,,,[医] 成酸食物,,,,,0,0,,,
acid-forming group,,,[机] 成酸基,,,,,0,0,,,
acid-free,,,adj. [化学] 无酸的,,,,,0,0,,,
acid-free ink,,,[化] 无酸墨水,,,,,0,0,,,
acid-free oil,,,[机] 无酸油,,,,,0,0,,,
acid-fuchsin,,,[医] 酸性品红,,,,,0,0,,,
acid-green,,,酸性绿,,,,,0,0,,,
acid-house,,,n. 酸屋（一种由吸毒者演奏的、单调的合成打击乐）,,,,,0,0,,,
acid-hydrocarbon emulsion,,,"[建] 酸烃乳浊液(作用), 酸烃乳胶体",,,,,0,0,,,
acid-in-oil emulsion,,,[化] 油包酸乳液,,,,,0,0,,,
acid-intoxication,,,[医] 酸中毒,,,,,0,0,,,
acid-loving,"'æsid,lʌviŋ",a thriving in a relatively acidic environment (especially of plants requiring a pH well below 7),a. [农学]（植物生长繁殖的）最佳酸度的; 酸性土壤生长的,,,,,0,0,,,
acid-process gelatin,,,[化] 酸法明胶,,,,,0,0,,,
acid-producing,,,adj. 【采矿】生酸的,,,,,0,0,,,
acid-proof,,,"[计] 防酸的, 耐酸的\n[化] 耐酸的",,,,,0,0,,,
acid-proof alloy,,,[机] 耐酸合金,,,,,0,0,,,
acid-proof brick,,,[机] 耐酸砖,,,,,0,0,,,
acid-proof cast iron,,,[化] 耐酸铸铁,,,,,0,0,,,
acid-proof casting,,,[化] 耐酸铸件,,,,,0,0,,,
acid-proof coating,,,[化] 耐酸涂料,,,,,0,0,,,
acid-proof concrete,,,[化] 耐酸混凝土,,,,,0,0,,,
acid-proof enamel,,,[化] 耐酸搪瓷,,,,,0,0,,,
acid-proof galosh,,,[机] 耐酸套鞋,,,,,0,0,,,
acid-proof hose,,,[机] 耐酸软管,,,,,0,0,,,
acid-proof lining,,,[化] 耐酸衬里; 耐酸衬; 耐酸炉衬,,,,,0,0,,,
acid-proof material,,,[化] 耐酸材料,,,,,0,0,,,
acid-proof paint,,,[化] 耐酸漆,,,,,0,0,,,
acid-proof slab,,,[化] 耐酸板,,,,,0,0,,,
acid-proof steel,,,[化] 耐酸钢,,,,,0,0,,,
acid-proof stoneware,,,[化] 耐酸缸器,,,,,0,0,,,
acid-rain,,,酸雨,,,,,0,0,,,
acid-refined oil,,,[化] 酸洗油,,,,,0,0,,,
acid-resistance casting,,,[化] 耐酸铸件,,,,,0,0,,,
acid-resistant,'æsidri'zistənt,,a. 耐酸的,,,,,0,0,,,
acid-resistant ceramic jet pump,,,[化] 耐酸陶瓷喷射泵,,,,,0,0,,,
acid-resistant ceramic pipeline,,,[化] 耐酸陶瓷管道,,,,,0,0,,,
acid-resistant ceramic pump,,,[化] 耐酸陶瓷泵,,,,,0,0,,,
acid-resistant ceramic slurry pump,,,[化] 耐酸陶瓷砂浆泵,,,,,0,0,,,
acid-resistant intalox saddle packing,,,[化] 耐酸陶瓷矩鞍形填料,,,,,0,0,,,
acid-resistant paint,,,[化] 耐酸漆,,,,,0,0,,,
acid-resistant pump,,,[化] 耐酸泵,,,,,0,0,,,
acid-resisting brick,,,[化] 耐酸砖,,,,,0,0,,,
acid-resisting briek,,,[机] 耐酸砖,,,,,0,0,,,
acid-resisting cement,,,[化] 耐酸水泥,,,,,0,0,,,
acid-resisting centrifugal pump,,,[化] 耐酸离心泵,,,,,0,0,,,
acid-resisting iron,,,[机] 耐酸铁,,,,,0,0,,,
acid-resisting material,,,[化] 耐酸材料,,,,,0,0,,,
acid-resisting steel,,,[化] 耐酸钢,,,,,0,0,,,
acid-restoring plant,,,[化] 酸回收装置; 废酸回收装置,,,,,0,0,,,
acid-sludge pitch,,,[化] 酸渣沥青,,,,,0,0,,,
acid-soluble lignin,,,[化] 酸溶木素,,,,,0,0,,,
acid-sprayed ciay,,,[机] 酸喷粘土,,,,,0,0,,,
acid-stage oil,,,[机] 酸性油,,,,,0,0,,,
acid-tasting,,,[网络] 酸味,,,,,0,0,,,
acid-test ratio,,,[经] 酸性试验比率,,,,,0,0,,,
acid-tongued,'æsid'tʌŋd,,a. 言语尖刻的,,,,,0,0,,,
acid-treated clay,,,[化] 酸化粘土,,,,,0,0,,,
acid-treated distillate,,,"[建] 酸化馏出物, 酸处理过的馏出物",,,,,0,0,,,
acid-treated earth,,,[化] 酸化粘土,,,,,0,0,,,
acid-treated oil,,,[化] 酸洗油,,,,,0,0,,,
acid-wash,,v wash with acid so as to achieve a bleached look,酸洗液,,,,,0,0,,,
acid-washed,'æsɪdw'ɒʃt,v. wash with acid so as to achieve a bleached look, [医]酸洗的,,,,,0,0,,,
acid-yellow,,,酸性黄,,,,,0,0,,,
acidaemia,",æsi'di:miә",,n. 酸血症,,,,,0,0,,,
acidaffin,,,[化] 亲酸物,,,,,0,0,,,
acidalbumin,,,"[化] 酸白蛋白\n[医] 酸白蛋白, 酸清蛋白",,,,,0,0,,,
acidalbuminuria,,,[医] 酸白蛋白尿,,,,,0,0,,,
acidamide,,,[化] 酰胺,,,,,0,0,,,
Acidaminococcus,,,氨基酸球菌属,,,,,0,0,,,
acidaminuria,,,[医] 氨基酸尿,,,,,0,0,,,
acidanthera,",æsi'dænθәrә",,n. [植]非洲鸢尾,,,,,0,0,,,
acidate,,,"[机] 酸化, 酰化",,,,,0,0,,,
acidating,,,"[机] 酸化, 酰化",,,,,0,0,,,
acidating agent,,,"[机] 酸化剂, 酰化剂",,,,,0,0,,,
acidation,,,[化] 酸化; 酰化,,,,,0,0,,,
acidbutyrometry,,,[医] 酪酸测定法,,,,,0,0,,,
acidemia,",æsi'di:miә",n. a blood disorder characterized by an increased concentration of hydrogen ions in the blood (which falls below 7 on the pH scale),n. 酸血症\n[医] 酸血[症],,,,,0,0,,,
acidfast,'æsidfɑ:st,,"a. (结核菌)抗酸的,耐酸的",,,,,0,0,,,
acidhead,'æsidhed,,"n. 吸麦角酸二乙酰胺成瘾者, 嗜用迷幻药者, 瘾君子",,,,,0,0,,,
acidi lactici sphaerococcus,,,[医] 乳酸丝球菌,,,,,0,0,,,
acidic,ә'sidik,a. being or containing an acid; of a solution having an excess of hydrogen atoms (having a pH of less than 7)\ns. being sour to the taste,"a. 成酸的, 尖刻的, 酸性的\n[机] 酸性",,,,toefl,15489,14328,,,
acidic components,,,[机] 酸性组份,,,,,0,0,,,
acidic extractant,,,[化] 酸性萃取剂,,,,,0,0,,,
acidic fertilizer,,,[化] 酸性肥料,,,,,0,0,,,
acidic gases,,,[机] 酸性气体,,,,,0,0,,,
acidic group,,,[化] 酸基,,,,,0,0,,,
acidic hydrocarbon,,,[机] 酸性烃,,,,,0,0,,,
acidic hydrogen,,,[网络] 酸性氢,,,,,0,0,,,
acidic materials,,,[机] 酸性物质,,,,,0,0,,,
acidic oxide,,,[机] 酸性氧化物,,,,,0,0,,,
acidic property,,,[机] 酸性,,,,,0,0,,,
acidic resins,,,[机] 酸性树脂,,,,,0,0,,,
acidic rock,,,[机] 酸性岩,,,,,0,0,,,
acidic slag,,,[机] 酸性炉渣,,,,,0,0,,,
acidic titrant,,,[化] 酸性滴定剂,,,,,0,0,,,
acidic waste,,,[机] 酸性废物,,,,,0,0,,,
acidiferous,",æsi'difә:rәs",a. Containing or yielding an acid.,[机] 含酸的,,,,,0,0,,,
acidifiable,,"a. Capable of being acidified, or converted into an acid.",[医] 可酸化的,,,,,0,0,,,
acidifiable base,,,[化] 可酸化碱\n[医] 可酸化硷,,,,,0,0,,,
acidific,,a. Producing acidity; converting into an acid.,a. 使酸的；生酸的,,,,,0,0,,,
acidification,ә.sidifi'keiʃәn,n. the process of becoming acid or being converted into an acid,"n. 使发酸, 酸化, 成酸性\n[化] 酸化; 加酸",,,,,28388,29386,,,
acidified,,v make sour or more sour\nv turn acidic,[化学] 酸化,,,,,47328,0,0:acidify/1:dp/p:acidified,,
acidifier,ә'sidifaiә,"n. A simple or compound principle, whose presence is\n   necessary to produce acidity, as oxygen, chlorine, bromine, iodine,\n   etc.",n. 成酸剂,,,,,0,0,s:acidifiers,,
acidifiers,,"plural of acidifier\nn. A simple or compound principle, whose presence is\n   necessary to produce acidity, as oxygen, chlorine, bromine, iodine,\n   etc.",(acidifier 的复数) n.成酸剂,,,,,0,0,0:acidifier/1:s,,
acidifies,əˈsidifaiz,v make sour or more sour\nv turn acidic,"v. 使酸化, 使成酸, 变酸( acidify的第三人称单数 )",,,,,0,0,0:acidify/1:3,,
acidiflable base,,,[机] 可酸化碱,,,,,0,0,,,
acidifler,,,"[机] 酸化器, 酸化剂",,,,,0,0,,,
acidify,ә'sidifai,v. turn acidic,"vt. 使变酸, 使成酸\nvi. 变酸",,,,,42211,36325,d:acidified/p:acidified/3:acidifies/i:acidifying,,
acidifying,,v make sour or more sour\nv turn acidic,"[机] 酸化的, 酸化(作用)",,,,,0,0,0:acidify/1:i,,
acidifying agent,,,[化] 酸化剂,,,,,0,0,,,
acidifying diuretic,,,[医] 成酸性利尿剂,,,,,0,0,,,
acidifying salt,,,[医] 致酸盐,,,,,0,0,,,
acidimeter,.æsi'dimitә,n. An instrument for ascertaining the strength of acids.,n. 酸比重计\n[化] 度计,,,,,0,0,,,
acidimetric,",æsidi'metrik",a involving or related to acidimetry,a. [化]酸量滴定的,,,,,0,0,,,
acidimetric analysis,,,[化] 酸量滴定分析法,,,,,0,0,,,
acidimetric estimation,,,[机] 酸量测定,,,,,0,0,,,
acidimetric method,,,[机] 酸量滴定法,,,,,0,0,,,
acidimetric standard,,,[化] 标酸基准; 标定酸溶液的基准物,,,,,0,0,,,
acidimetry,",æsi'dimitri",n volumetric analysis using standard solutions of acids to measure the amount of a base present,n. [化]酸量滴定法,,,,,0,0,,,
aciding,,,酸蚀法,,,,,0,0,,,
acidism,"'æsi,dizәm",,"(=acidismus)酸中毒, 酸毒症",,,,,0,0,,,
acidismus,,,[医] 酸[类]中毒,,,,,0,0,,,
acidite,"'æsi,dait",,酸性岩,,,,,0,0,,,
acidities,,plural of acidity\nn. the taste experience when something acidic is taken into the mouth\nn. pH values below 7,(acidity 的复数) n. 酸性\n[化] 酸度; 酸性; 酸性反应,,,,,0,0,0:acidity/1:s,,
acidity,ә'siditi,n. the taste experience when something acidic is taken into the mouth\nn. pH values below 7,n. 酸性\n[化] 酸度; 酸性; 酸性反应,,,,toefl,13106,17453,s:acidities,,
acidity constant,,,[化] 酸度常数,,,,,0,0,,,
acidity control,,,[化] 酸度控制,,,,,0,0,,,
acidity index,,,[机] 酸度指数,,,,,0,0,,,
acidity of petroleum product,,,[机] 石油产品的酸度,,,,,0,0,,,
acidity of residue,,,[化] 残油酸度; 渣油酸度,,,,,0,0,,,
acidity potential,,,[化] 质子亲合势,,,,,0,0,,,
acidity reduction test,,,[医] 酸度减低试验,,,,,0,0,,,
acidity test,,,[化] 酸度检定,,,,,0,0,,,
acidization,",æsidi'zeiʃәn",,"酸化作用, 酸化过程",,,,,0,0,,,
acidize,'æsidaiz,,"vt.vi. 酸处理, 酸化",,,,,0,0,,,
acidized,'æsidaiz,,vt. 使酸化；用酸处理\nvi. 变酸（等于acidify）,,,,,0,0,,,
acidizing,'æsidaiziŋ,,酸化处理,,,,,0,0,,,
acidless,,,[医] 无酸的,,,,,0,0,,,
acidless sulfur,,,[机] 无酸硫,,,,,0,0,,,
acidlfy,,,[机] 酸化,,,,,0,0,,,
acidly,'æsidli,adv. Sourly; tartly.,"adv. 尖刻地, 敏锐地",,,,,25923,32639,,,
acidness,'æsidnis,n. Acidity; sourness.,n. 尖刻,,,,,0,0,,,
Acidobacterium Heim.,,,[医] 乳杆菌属,,,,,0,0,,,
acidocyte,"æ'sidә,sait",,"嗜酸细胞, 嗜酸白细胞, 嗜酸红细胞",,,,,0,0,,,
acidocytopenia,"ә,sidә,saitә'pi:niә",,"嗜酸(白)细胞减少, 嗜酸红细胞减少",,,,,0,0,,,
acidocytosis,,,[医] 嗜酸白细胞增多,,,,,0,0,,,
acidofuge,"'æsidә,fju:dʒ",,"避酸的, 嫌酸的",,,,,0,0,,,
acidogenic,",æsidәu'dʒenik",,a. 引起酸化的,,,,,0,0,,,
acidoglycoprotein,"æsidәu,^laikәu'prәutiin",,酸性糖蛋白,,,,,0,0,,,
acidohydrogenase,",æsidә'haidrәdʒә,neis",,"酸脱氢酶, 酸去氢酶",,,,,0,0,,,
acidoid,'æsidɒid,,a. 似酸的\nn. 可能变酸的物质,,,,,0,0,,,
acidol,'æsidɔl,,"阿齐多耳, 盐酸甜菜硷",,,,,0,0,,,
acidolate,ә'sidәleit,,阿齐多来特(一种皮肤清洁剂),,,,,0,0,,,
acidolin,'æsidәlin,,嗜酸乳菌素,,,,,0,0,,,
acidology,",æsi'dɔlәdʒi",,外科器械学,,,,,0,0,,,
acidolysis,",æsi'dɔlisis",,酸解(作用),,,,,0,0,,,
acidometer,,,[化] 酸度计,,,,,0,0,,,
acidometry,,,[医] 酸定量法,,,,,0,0,,,
acidomycin,",æsidә'maisin",,酸霉素,,,,,0,0,,,
acidopenia,,,"[医] 嗜酸[白]细胞减少, 嗜曙红细胞减少",,,,,0,0,,,
acidophil,'æsidәfil,n an organism that thrives in a relatively acid environment,"n. 嗜酸细胞\na. 嗜酸的\nn. [医]嗜酸细胞, 嗜酸细菌",,,,,0,0,,,
acidophil granules,,,[医] 嗜酸性粒,,,,,0,0,,,
acidophil leukocyte,,,[医] 嗜酸性白细胞,,,,,0,0,,,
acidophile,ә'sidәfail,n an organism that thrives in a relatively acid environment,"n. [医]嗜酸细胞, 嗜酸细菌",,,,,0,0,,,
acidophilia,,,嗜曙红细胞增多,,,,,0,0,,,
acidophilic,",æsidәj'filik,,æsi'dɔfilik",s especially of some bacteria; growing well in an acid medium,a. 嗜酸的,,,,,0,0,,,
acidophilic adenoma,,,[医] 嗜酸性腺瘤(垂体),,,,,0,0,,,
acidophilic cell,,,[医] 嗜酸[性]细胞,,,,,0,0,,,
acidophilin,,,[化] 嗜酸菌素,,,,,0,0,,,
acidophilism,",æsi'dɔfilizm",,嗜酸性腺瘤病,,,,,0,0,,,
acidophilous,,s especially of some bacteria; growing well in an acid medium,[医] 嗜酸的,,,,,0,0,,,
acidophilus,ˌæsɪ'dɒfələs,n. a bacterium that is used to make yogurt and to supplement probiotics,a. 嗜酸的,,,,,0,34960,,,
acidophilus milk,,,酸奶\n[医] 酸乳,,,,,0,0,,,
acidophily,æsidәu'fili,,嗜酸性,,,,,0,0,,,
acidophobe,"'æsidәu,fәub",,"疏酸基, 疏酸体",,,,,0,0,,,
acidophobic compound,,,[化] 疏酸化合物,,,,,0,0,,,
acidophobous,æsidәu'fәubәs,,"疏酸的, 嫌酸的",,,,,0,0,,,
acidoproteolyte,",æsidәu'prәutiәlait",,蛋白酸解菌,,,,,0,0,,,
acidoproteolytic,",æsidәuprәutiә'litik",,生酸蛋白质分解的,,,,,0,0,,,
acidoresistance,",æsidәri'zistәns",,抗酸性,,,,,0,0,,,
acidoresistant,",æsidәri'zistәnt",,抗酸的,,,,,0,0,,,
acidosic,,,[医] 酸中毒的,,,,,0,0,,,
acidosis,.æsi'dәusis,n. abnormally high acidity (excess hydrogen-ion concentration) of the blood and other body tissues,n. 酸中毒\n[化] 酸中毒,,,,,43368,33303,,,
acidosis index,,,[医] 酸中毒指数,,,,,0,0,,,
acidosodium,",æsidә'sәudiәm",,阿齐多钠(一种碳酸钠 与氯化钠的制剂),,,,,0,0,,,
acidosteophyte,",æsi'dɔstiә,fait",,针状骨赘,,,,,0,0,,,
acidotest,",æsidәu'test",,乙氧苯基偶氮苯二胺,,,,,0,0,,,
acidotheca,",æsidәu'θi:kә",,产卵器鞘(蛹),,,,,0,0,,,
acidotic,,a having or being characterized by acidosis,[医] 酸中毒的,,,,,0,0,,,
acidotrophic,",æsidәu'trɔfik",,"酸食性的, 酸性营养型的",,,,,0,0,,,
acidotrophy,æsi'dɔtrәfi,,酸性营养(型),,,,,0,0,,,
acidotus,æsi'dәutәs,,尖的,,,,,0,0,,,
acidproof,'æsidpruf,,a. 耐酸的,,,,,0,0,,,
acidresistivity,,,耐酸性,,,,,0,0,,,
acids,,n any of various water-soluble compounds having a sour taste and capable of turning litmus red and reacting with a base to form a salt\nn street name for lysergic acid diethylamide,"n. 酸, 酸类；有酸味的东西（acid的复数）",,,,,0,0,0:acid/1:s,,
acidulae,ә'sidjuli:,,碳酸矿(物)水,,,,,0,0,,,
acidulant,ә'sidjulәnt,,酸化剂,,,,,0,0,,,
acidulate,ә'sidjuleit,v make sour or more sour,"vt. 使酸化, 使尖刻\n[机] 酸化",,,,,0,0,i:acidulating/p:acidulated/3:acidulates/d:acidulated,,
acidulated,ә'sidjuleitid,v make sour or more sour,"a. 带酸性的, 乖僻的, 易怒的\n[医] 酸化的",,,,,0,0,1:pd/0:acidulate,,
acidulates,,v make sour or more sour,"v. 使酸化, 使尖刻( acidulate的第三人称单数 )",,,,,0,0,1:3/0:acidulate,,
acidulating,,v make sour or more sour,[机] 酸化的,,,,,0,0,1:i/0:acidulate,,
acidulating agent,,,[化] 酸化剂,,,,,0,0,,,
acidulation,,,[机] 酸化,,,,,0,0,,,
acidulent,"ə'sɪdjʊ,lənt",a. Having an acid quality; sour; acidulous.,"n. 【化学】酸化剂 (＝acidulant)\na. 带酸味的, 微酸的；(言词等)尖刻的, 尖利刻薄的, 有点挖苦的, 带讽刺意味的, 讽刺人的(＝acidulous)",,,,,0,0,,,
acidulin,ә'sidjulin,,阿齐杜林(盐酸谷氨酸制剂),,,,,0,0,,,
acidulous,ә'sidjulәs,s being sour to the taste,"a. 带酸味的, 尖刻的, 带讽刺意味的\n[医] 微酸的",,,,,0,0,,,
acidulous element,,,[医] 成酸元素,,,,,0,0,,,
acidulousness,ə'sidjuləsnis,,n. acidulous的变形,,,,,0,0,,,
acidulum,,,[网络] 酸痛,,,,,0,0,,,
acidum,'æsidәm,,[拉]酸,,,,,0,0,,,
acidum chinicum,,,[医] 奎尼酸,,,,,0,0,,,
acidum pronarconi,,,"[医] 普鲁纳康酸, 异丙基-β-溴丙烯基-N-甲基巴比土酸",,,,,0,0,,,
acidum rectoni,,,"[医] 勒克通酸, 仲戊基-β-溴丙烯基巴比土酸",,,,,0,0,,,
acidum sulfuricum sine nitrogenio,,,[医] 无氮硫酸,,,,,0,0,,,
acidur,ә'sidjuә,,阿西杜尔铁硅合金,,,,,0,0,,,
aciduria,"æ,si'djuәriә",,n. 酸尿\n[医] 酸尿,,,,,0,0,,,
aciduric,,s especially of some bacteria; growing well in an acid medium,[医] 耐酸的,,,,,0,0,,,
aciduric diet,,,[医] 生酸尿饮食,,,,,0,0,,,
acidwashing,,,酸洗,,,,,0,0,,,
acidy,'æsɪdɪ,,a. 有些酸味的,,,,,0,0,,,
acidyl,,,"[医] 酸基, 酰基",,,,,0,0,,,
acidylable,,,[机] 酰化的,,,,,0,0,,,
acidylate,"'æsidi,leit",,[机] 酰化,,,,,0,0,,,
acidylating,,,"[机] 酰化的, 酰化(作用)",,,,,0,0,,,
acidylating agent,,,[化] 酰化剂,,,,,0,0,,,
acie,,,美国化学工程师学会(American Institute of Chemical Engineers),,,,,0,0,,,
acierage,'æsiəridʒ,n. The process of coating the surface of a metal plate (as a\n   stereotype plate) with steellike iron by means of voltaic electricity;\n   steeling.,n. [材] 表面钢化；电镀铁（钢）,,,,,0,0,,,
acieral,'æsiәrәl,,铝基合金,,,,,0,0,,,
acierate,'æsiәreit,,"v. 化铁为钢, 掺碳, 增碳",,,,,0,0,,,
acieration,,,金属镀铁硬化,,,,,0,0,,,
acierno,,,n. (Acierno)人名；(意)阿切尔诺,,,,,0,0,,,
acies,'eisii:z,,"[拉]缘, 边缘, 棱角",,,,,0,0,,,
aciesis,'æsi'i:sis,,不孕,,,,,0,0,,,
acifluorfen,,,[化] 氟锁草醚,,,,,0,0,,,
aciform,'æsifɔ:m,a. Shaped like a needle.,a. 尖如针的,,,,,0,0,,,
acikee,,,[医] 西非荔枝果(一种无患子科植物的果实),,,,,0,0,,,
aciliate,"ei'silieit, -liit",,无纤毛的,,,,,0,0,,,
aciman,,,n. (Aciman)人名；(法)阿西曼,,,,,0,0,,,
acinaceous,",æsi'neiʃәs","a. Containing seeds or stones of grapes, or grains like\n   them.",a. [植]多子的,,,,,0,0,,,
acinaciform,",æsi'næsifɔ:m","a. Scimeter-shaped; as, an acinaciform leaf.",a. [植]弯刀状的,,,,,0,0,,,
acinar,'æsinә,a. pertaining to one of the small sacs (as in a compound gland)\na. pertaining to the individual parts making up an aggregate fruit like a blackberry,[医] 腺泡的,,,,,31883,0,,,
acinarious,",æsi'neәriәs",,种仁的,,,,,0,0,,,
acinesia,",æsi'ni:ziә",n. Same as Akinesia.,"(=akinesis)不能运动, 失运动能",,,,,0,0,,,
acinesia algera,,,[医] 疼性运动不能,,,,,0,0,,,
acinesia amnestion,,,"[医] 遗忘性运动不能, 废用性运动不能",,,,,0,0,,,
acinesia cruciata,,,[医] 交叉性运动不能,,,,,0,0,,,
acinesis,,,"[医] 运动不能, 失运动能",,,,,0,0,,,
acinetatropbia,,,[医] 失用性萎缩,,,,,0,0,,,
acinetic,,,[医] 运动不能的,,,,,0,0,,,
Acinetobacter,,,不动细菌属,,,,,0,0,,,
acing,,v succeed at easily\nv score an ace against\nv play (a hole) in one stroke\nv serve an ace against (someone),vt. 发球得分（ace的现在分词形式）,,,,,0,0,,,
acini,'æsinai,n one of the small drupes making up an aggregate or multiple fruit like a blackberry\nn one of the small sacs or saclike dilations in a compound gland,acinus的复数,,,,,0,0,s:acini/0:acini/1:s,,
acini hepatis,,,[医] 肝小叶,,,,,0,0,,,
acini lienalis,,,[医] 脾小体,,,,,0,0,,,
acini pancreatis,,,[医] 胰腺泡,,,,,0,0,,,
acini renalis,,,[医] 肾小体,,,,,0,0,,,
acini renis,,,[医] 肾小体,,,,,0,0,,,
acinic,,a pertaining to one of the small sacs (as in a compound gland),[医] 腺泡的,,,,,0,0,,,
aciniform,ә'sinifɔ:m,a. Having the form of a cluster of grapes; clustered like\n   grapes.\na. Full of small kernels like a grape.,"a. 如成串葡萄状的,多小核的",,,,,0,0,,,
acininodular,,,[医] 腺泡结节的,,,,,0,0,,,
acinitis,,,[医] 腺泡炎,,,,,0,0,,,
acinitro,,,异硝基,,,,,0,0,,,
Acinonychinae,,,猎豹亚科,,,,,0,0,,,
Acinonyx,,,猎豹,,,,,0,0,,,
Acinonyx jubatus,,,猎豹,,,,,0,0,,,
Acinos,,,[网络] 圣蓟属,,,,,0,0,,,
acinoscope,,,放射量测定器,,,,,0,0,,,
acinose,,a pertaining to one of the small sacs (as in a compound gland),"[医] 腺泡状的, 葡萄状的; 腺泡的",,,,,0,0,,,
acinose structure,,,[化] 粒状结构,,,,,0,0,,,
acinosum carcinoma,,,[医] 腺泡癌,,,,,0,0,,,
acinotubular,,,[医] 管状腺泡的,,,,,0,0,,,
acinotubular gland,,,[医] 管泡腺,,,,,0,0,,,
acinous,,a pertaining to one of the small sacs (as in a compound gland),"[医] 腺泡状的, 葡萄状的; 腺泡的",,,,,0,0,,,
acinous cancer,,,[医] 腺泡癌,,,,,0,0,,,
acinous cell,,,[医] 腺泡细胞,,,,,0,0,,,
acinous gland,,,[医] 泡腺,,,,,0,0,,,
acinus,'æsinәs,n. one of the small drupes making up an aggregate or multiple fruit like a blackberry\nn. one of the small sacs or saclike dilations in a compound gland,"n. 小核果, 浆果, 葡萄核, 腺泡\n[医] 腺泡",,,,,0,0,,,
acios,,,n. 中国龙汉字系统,,,,,0,0,,,
Acipenser,,n type genus of the Acipenseridae: sturgeons,[医] Ы鱼属,,,,,0,0,,,
Acipenser huso,,,[网络] 鲷鱼,,,,,0,0,,,
Acipenser transmontanus,,,[网络] 高首鲟；白鲟；美国白鲟,,,,,0,0,,,
Acipenseridae,,n. sturgeons,鲟科; 鲟科,,,,,0,0,,,
Acipenseriformes,,,鲟目; 鲟目,,,,,0,0,,,
acipenserin,",æsi'pensәrin",,鲟毒(素),,,,,0,0,,,
acipenserine,",æsi'pensәrin",,鲟精蛋白,,,,,0,0,,,
acipimox,,,阿西莫司,,,,,0,0,,,
acir,,,政府间关系咨询委员会(advisory commisson on intergovernmental relations),,,,,0,0,,,
Acis,'eisis,,n. [希神]埃西斯(西西里青年牧人),,,,,0,0,,,
acisculis,",æsikjulis",,石工小锤,,,,,0,0,,,
acissors,,,n. 剪刀,,,,,0,0,,,
acitinide,,,锕类,,,,,0,0,,,
acitretin,,,[化] 阿维A,,,,,0,0,,,
acitrin,'æsitrin,,"阿齐特林(苯基金鸡纳酸乙酯, 治痛风)",,,,,0,0,,,
acitvity quotient,,,[机] 活度系数,,,,,0,0,,,
acitvity rating of catalyst,,,[机] 催化剂的活性率,,,,,0,0,,,
aciulum,'æsiәlәm,,针毛,,,,,0,0,,,
ACK,,,"[计] 确认字符, 肯定, 确认",,,,,0,0,,,
ack emma,æk'emә,,(在)上午,,,,,0,0,,,
ack-ack,.æk'æk,n artillery designed to shoot upward at airplanes,n. 高射炮,,,,,0,0,,,
ack-ack gun,,,[网络] 高射炮,,,,,0,0,,,
ACK0,,,"[计] 确认, 肯定, 偶肯定应答",,,,,0,0,,,
ACK1,,,"[计] 确认, 肯定, 奇肯定应答",,,,,0,0,,,
ackack,ˊækæk,,高射砲,,,,,0,0,,,
ackee,'æki:,n. red pear-shaped tropical fruit with poisonous seeds; flesh is poisonous when unripe or overripe,西非荔枝果,,,,,0,46210,,,
ackemma,ˊækˊemә,,n. 上午;飞机修理工,,,,,0,0,,,
Acker,'eikә,,"涡流, 海啸, 水的波纹",,,,,45209,0,s:ackers,,
Acker cell,,,[机] 阿克(制苛性钠)电池,,,,,0,0,,,
Acker cell (for caustic soda),,,[化] 埃凯电解槽; 埃凯制苛性钠电解槽,,,,,0,0,,,
Acker process,,,[化] 埃凯法(一种电解熔盐制氢氧化钠法),,,,,0,0,,,
ackerley,,,n. (Ackerley)人名；(英)阿克利,,,,,0,0,,,
ackerly,,, [人名] 阿克利; [地名] [美国] 阿克利,,,,,0,0,,,
Ackerman,,,n. (Ackerman)人名；(英、法、西、芬、捷、德、瑞典)阿克曼,,,,,42002,0,,,
Ackermann,,,[计] 阿克曼,,,,,0,0,,,
Ackermann's angles,,,[医] 阿克曼氏角,,,,,0,0,,,
Ackermann's function,,,[计] 阿克曼函数,,,,,0,0,,,
Ackers,,plural of Acker,"(Acker 的复数) 涡流, 海啸, 水的波纹",,,,,0,0,0:acker/1:s,,
ackerson,,, [人名] 阿克森,,,,,0,0,,,
Ackey,'æki,,硝(酸)硫(酸)混合酸浸渍液,,,,,0,0,,,
ACKI,,,[计] 确认输入,,,,,0,0,,,
Ackland,,,n. (Ackland)人名；(英、瑞典)阿克兰,,,,,41753,0,,,
acklen,,, [人名] 阿克伦,,,,,0,0,,,
ackley,,, [人名] 阿克利; [地名] [美国] 阿克利,,,,,0,0,,,
acklin,,,n. (Acklin)人名；(英、德、瑞典)阿克林,,,,,0,0,,,
ackman,,, [人名] 阿克曼,,,,,0,0,,,
acknowIedged,әk'nɔlidʒd,,"a. 公认的,得到普遍承认的, 被普遍认可的",,,,,0,0,,,
acknowledge,әk'nɒlidʒ,"v. report the receipt of\nv. express obligation, thanks, or gratitude for\nv. accept as legally binding and valid\nv. accept (someone) to be what is claimed or accept his power and authority","vt. 承认, 告知收悉, 答谢, 报偿\n[经] 承认, 答谢, 收到的通知",,3,1,gk cet4 cet6 ky toefl ielts gre,2105,1654,p:acknowledged/d:acknowledged/3:acknowledges/i:acknowledging,,
acknowledge character,,,[计] 肯定字符; 确认字符,,,,,0,0,,,
acknowledge cycle,,,[计] 应答周期,,,,,0,0,,,
acknowledge interrupt,,,[计] 应答中断,,,,,0,0,,,
acknowledge of orders,,,"[经] 承认定货, 接受定货",,,,,0,0,,,
acknowledge receipt,,,[经] 证实(承认)收到,,,,,0,0,,,
acknowledge signal,,,"[计] 肯定信号, 认收信号",,,,,0,0,,,
acknowledge the corn,,,"认错, 认输",,,,,0,0,,,
acknowledge the corn to,,,"接收指责,认错",,,,,0,0,,,
acknowledgeable,,s capable of being acknowledged,a. acknowledge（承认）的变形,,,,,0,0,,,
acknowledged,әk'nɒlidʒid,a. recognized or made known or admitted\ns. generally accepted,a. 公认的,,,,,13724,14098,0:acknowledge/1:pd/d:acknowledged/p:acknowledged,,
acknowledged obligation,,,[法] 承认的债务,,,,,0,0,,,
acknowledgedly,-dʒidli,adv. Confessedly.,adv. 公认地,,,,,0,0,,,
acknowledgement,әk'nɒlidʒmәnt,n the state or quality of being recognized or acknowledged\nn a statement acknowledging something or someone,"n. 承认, 确认, 感谢, 收到的通知\n[计] 确认; 肯定",,1,,,6939,13380,s:acknowledgements,,
acknowledgement guilt,,,[法] 承认有罪,,,,,0,0,,,
acknowledgement of a child,,,[法] 认领子女,,,,,0,0,,,
acknowledgement of certificate,,,[法] 对证书的承认,,,,,0,0,,,
acknowledgement of claim,,,[法] 承认请求权之存在,,,,,0,0,,,
acknowledgement of debt,,,[经] 承认负债,,,,,0,0,,,
acknowledgement of liability,,,[经] 承认债务,,,,,0,0,,,
acknowledgement of natural child,,,"[法] 非婚生子女的认领, 私生子女的认领",,,,,0,0,,,
acknowledgement of right to production,,,[经] 承认有要求提供契据之权利,,,,,0,0,,,
acknowledgement of will,,,"[法] 签认遗嘱, 承认遗嘱",,,,,0,0,,,
acknowledgements,əkˈnɔlidʒmənts,n. the state or quality of being recognized or acknowledged\nn. a statement acknowledging something or someone,n. 承认( acknowledgement的复数形式 ); 致谢; 确认收到的信等; 鸣谢,,,,,0,0,0:acknowledgement/1:s,,
acknowledger,әk'nɔlidʒә,n. One who acknowledges.,n. 认收开关；了望装置,,,,,0,0,,,
acknowledges,əkˈnɔlidʒz,"v declare to be true or admit the existence or reality or truth of\nv report the receipt of\nv express recognition of the presence or existence of, or acquaintance with\nv express obligation, thanks, or gratitude for\nv accept as legally binding and valid\nv accept (someone) to be what is claimed or accept his power and authority",v. 承认( acknowledge的第三人称单数 ); 鸣谢; 对…打招呼; 告知已收到,,,,,0,0,0:acknowledge/1:3,,
acknowledging,,"v declare to be true or admit the existence or reality or truth of\nv report the receipt of\nv express recognition of the presence or existence of, or acquaintance with\nv express obligation, thanks, or gratitude for\nv accept as legally binding and valid\nv accept (someone) to be what is claimed or accept his power and authority",n. 确认；答谢顾客,,,,,0,0,0:acknowledge/1:i,,
acknowledgment,әk'nɔlidʒmәnt,n. a statement acknowledging something or someone,"n. 承认, 答谢, 认可, 谢礼, 收到的通知, 收到的回音, 谢意\n[计] 肯定, 确认认可",,,,,19902,9911,s:acknowledgments,,
acknowledgment character,,,"[计] 肯定字符, 确认字符",,,,,0,0,,,
acknowledgments,,plural of acknowledgment\nn. a statement acknowledging something or someone,"(acknowledgment 的复数) n. 承认, 答谢, 认可, 谢礼, 收到的通知, 收到的回音, 谢意\n[计] 肯定, 确认认可",,,,,0,0,0:acknowledgment/1:s,,
acknowlegeement of debt,,,[法] 承认负债,,,,,0,0,,,
acknowlegeement of deeds,,,[法] 契据的认可,,,,,0,0,,,
ACKO,,,[计] 确认输出,,,,,0,0,,,
ackoff,,,n. (Ackoff)人名；(英)阿科夫,,,,,0,0,,,
Ackroyd,,,n. (Ackroyd)人名；(英)阿克罗伊德,,,,,28941,0,s:ackroyds,,
Ackroyds,,-s form of Ackroyd,(Ackroyd 的第三人称 -s形式) n. (Ackroyd)人名；(英)阿克罗伊德,,,,,0,0,0:ackroyd/1:s,,
ACL,,,"[计] 应用控制语言, 审查命令语言, 访问控制表",,,,,0,0,s:acls,,
acl-modification,,,[机] 酸(式变)型,,,,,0,0,,,
acl-nitro,,,"[机] 异硝, 基酸硝基",,,,,0,0,,,
acl-nitro form,,,[机] 酸硝式,,,,,0,0,,,
acla,,, [医]aclacinon,,,,,0,0,,,
aclacinomycin,,,[化] 阿克拉霉素,,,,,0,0,,,
acladiosis,"æk,lædi'әusis",,"皮疡真菌病, 皮疡霉菌病",,,,,0,0,,,
Acladium,,,[医] 皮疡真菌属,,,,,0,0,,,
Acladium castellanii,,,[医] 卡斯太拉尼氏皮疡真菌,,,,,0,0,,,
Acland,,,n. (Acland)人名；(英)阿克兰,,,,,45442,0,,,
aclantate,,,阿克兰酯,,,,,0,0,,,
aclasis,'æklәsis,,"[医]续连症, 软骨划分不清(软骨营养不良)",,,,,0,0,,,
aclastic,ei'klæstik,,"无折光性的, 不折射的",,,,,0,0,,,
aclatonium napadisilate,,,[化] 乙乳胆铵萘二磺酸盐,,,,,0,0,,,
acle,'ækli,,阿克来,,,,,0,0,,,
acleidian,ei'klaidiәn,,无锁骨的,,,,,0,0,,,
acleistocardia,"ә,klaistә'kɑ:djә",,卵圆孔未闭,,,,,0,0,,,
acli,,,abbr. American Council of Life Insurance 美国人寿保险协会; anterior cruciate ligament insufficiency 前十字韧带功能不全,,,,,0,0,,,
aclinal,ei'klainәl,,"[地质]非倾斜的, 无倾角的",,,,,0,0,,,
acline,ei'klain,,水平地层(未经褶皱的),,,,,0,0,,,
aclinic,ә'klinik,"a. Without inclination or dipping; -- said the magnetic\n   needle balances itself horizontally, having no dip. The aclinic line is\n   also termed the magnetic equator.","a. 无倾角的, 水平的\n[医] 无倾角的",,,,,0,0,,,
aclinic line,,,无倾线\n[电] 无倾线,,,,,0,0,,,
acllideic i,,,[机] 血管舒缓激,,,,,0,0,,,
aclor,'æklә,,阿克洛(盐酸谷氨酸胶囊),,,,,0,0,,,
aclosed well,,,"[经] 关闭的井, 停产油井",,,,,0,0,,,
ACLR,,,[计] 存取控制登记与报告,,,,,0,0,,,
Acls,,plural of ACL,"(ACL 的复数) [计] 应用控制语言, 审查命令语言, 访问控制表",,,,,0,0,0:acl/1:s,,
aclu,,,abbr. 美国公民自由协会（American Civil Liberties Union）,,,,,0,0,,,
aclusion,ә'klu:ʒәn,,咬合不全,,,,,0,0,,,
aclutter,'æklʌtә,,"拥挤的, 乱七八糟堆满的",,,,,0,0,,,
acly,,, [人名] 阿克利,,,,,0,0,,,
ACM,,,"[计] 计算机协会, 异步通信控制模块",,,,,0,0,s:acms,,
acma,,,abbr. 石棉水泥厂商协会（Asbestos Cements Manufacturers Association）；澳大利亚通信与媒体主管机构（Australian Communications and Media Authority）,,,,,0,0,,,
Acmaeidae,,,笠贝科,,,,,0,0,,,
acmastic,,,[医] 极期的,,,,,0,0,,,
acmc,,,加拿大医学院联合会（Association of Canadian Medical Colleges）\n区域联合行动中心（Area Combined Movement Center）,,,,,0,0,,,
acme,'ækmi,n. the highest level or degree attainable; the highest stage of development,"n. 顶点, 极度, 最高点\n[医] 极期",,,,toefl gre,35464,28061,s:acmes,,
Acme screw thread,,,[化] 梯形螺纹,,,,,0,0,,,
acme thread tap,,,[机] 梯形螺纹攻,,,,,0,0,,,
acmeism,'ækmiizəm,,n. (20世纪初俄国诗歌创作的)阿克梅派,,,,,0,0,,,
Acmeist,'ækmiist,,n. 阿克梅派诗人,,,,,0,0,,,
acmes,,plural of acme\nn. the highest level or degree attainable; the highest stage of development,"(acme 的复数) n. 顶点, 极度, 最高点\n[医] 极期",,,,,0,0,0:acme/1:s,,
acmesthesia,",ækmis'θiʒә",,"n. [心]尖锐感觉,针刺感觉",,,,,0,0,,,
acmi,,,"abbr. American Cystoscope Makers, Incorporated 美国膀胱镜制造公司; air combat maneuvering instrumentation 空战机动飞行仪表; Air Combat Maneuvering Instrumentation system 空战机动仪器系统; American Cotton Manafacturers Institute 美国棉制品商业研究所",,,,,0,0,,,
acmite,'ækmait,,锥辉石,,,,,0,0,,,
acmonital,æk'mɔnitәl,,意大利硬币钢,,,,,0,0,,,
ACMPS,,,[计] 自动通信和信息处理系统,,,,,0,0,,,
Acms,,plural of ACM,"(ACM 的复数) [计] 计算机协会, 异步通信控制模块",,,,,0,0,0:acm/1:s,,
acn,,,abbr. Automatic Celestial Navigation 自动天体导航\nabbr. 乙腈,,,,,0,0,,,
acne,'ækni,n. an inflammatory disease involving the sebaceous glands of the skin; characterized by papules or pustules or comedones,"n. 痤疮, 粉刺\n[医] 痤疮, 粉刺",,1,,,22042,13862,,,
acne aggregata seu conglobata,,,[医] 聚会性痤疮,,,,,0,0,,,
acne agminata,,,"[医] 簇状痤疮, 丘疹坏死性皮结核",,,,,0,0,,,
acne albida,,,[医] 粟粒疹,,,,,0,0,,,
acne artificialis,,,[医] 人工痤疮,,,,,0,0,,,
acne atrophica,,,[医] 萎缩性痤疮,,,,,0,0,,,
acne bacillus,,,"[医] 痤疮杆菌, 粉刺棒状杆菌",,,,,0,0,,,
acne cachecticorum,,,[医] 恶病质痤疮,,,,,0,0,,,
acne cheloidique,,,"[医] 瘢痕瘤性痤疮, 瘢痕瘤性毛囊炎",,,,,0,0,,,
acne ciliaris,,,[医] 睑缘痤疮,,,,,0,0,,,
acne conglobata,,,[医] 聚会性痤疮,,,,,0,0,,,
acne congminata,,,[医] 簇状痤疮,,,,,0,0,,,
acne cornea,,,[医] 角化性痤疮,,,,,0,0,,,
acne cream,,,[机] 痤疮脂,,,,,0,0,,,
acne decalvans,,,"[医] 坎科氏病, 脱发性痤疮",,,,,0,0,,,
acne disseminata,,,"[医] 播散性痤疮, 寻常痤疮",,,,,0,0,,,
acne dorsalis,,,[医] 背部痤疮,,,,,0,0,,,
acne ephebica,,,[医] 发身期痤疮,,,,,0,0,,,
acne erythematosa,,,"[医] 红斑痤疮, 酒渣鼻",,,,,0,0,,,
acne excoriee des jeunes filles,,,[医] 少女人工痤疮,,,,,0,0,,,
acne exulcerans,,,[医] 溃烂性痤疮,,,,,0,0,,,
acne frontalis,,,"[医] 额面痤疮, 痘样痤疮",,,,,0,0,,,
acne generalis,,,[医] 全身性痤疮,,,,,0,0,,,
acne halogen,,,[医] 卤素痤疮,,,,,0,0,,,
acne hordeolaris,,,[医] 麦穗样痤疮,,,,,0,0,,,
acne hypertrophica,,,[医] 肥厚性痤疮,,,,,0,0,,,
acne indurata,,,[医] 硬结性痤疮,,,,,0,0,,,
acne keloid,,,"[医] 瘢痕瘤性痤疮, 瘢痕瘤性毛囊炎",,,,,0,0,,,
acne keratosa,,,[医] 角化性痤疮,,,,,0,0,,,
acne medicamentosa,,,[医] 药物性痤疮,,,,,0,0,,,
acne mentagra,,,[医] 须疮,,,,,0,0,,,
acne miliaris,,,[医] 粟粒疹,,,,,0,0,,,
acne necrotica,,,"[医] 坏死性痤疮, 痘样痤疮",,,,,0,0,,,
acne neonatorum,,,[医] 新生儿痤疮,,,,,0,0,,,
acne papulosa,,,[医] 丘疹性痤疮,,,,,0,0,,,
acne picealis,,,[医] 焦油痤疮,,,,,0,0,,,
acne punctata,,,[医] 点状痤疮,,,,,0,0,,,
acne pustulosa,,,[医] 脓疱性痤疮,,,,,0,0,,,
acne rodens,,,"[医] 侵蚀性痤疮, 痘样痤疮",,,,,0,0,,,
acne rosacea,,,"[医] 红斑痤疮, 酒渣鼻",,,,,0,0,,,
acne rosacea keratitis,,,[医] 酒渣鼻性角膜炎,,,,,0,0,,,
acne scorbutica,,,[医] 坏血病性痤疮,,,,,0,0,,,
acne sebacea,,,"[医] 皮脂溢性痤疮, 皮脂溢",,,,,0,0,,,
acne sebacee cornee,,,[医] 毛囊角化病,,,,,0,0,,,
acne seborrhoeica,,,"[医] 皮脂溢性痤疮, 油性皮脂溢",,,,,0,0,,,
acne serofulosorum,,,"[医] 结核性痤疮, 丘疹坏死性皮结核",,,,,0,0,,,
acne simplex,,,"[医] 单纯痤疮, 寻常痤疮",,,,,0,0,,,
acne solaris,,,[医] 日光性痤疮,,,,,0,0,,,
acne sycosiformis,,,[医] 须疮样痤疮,,,,,0,0,,,
acne syphilitica,,,[医] 梅毒性痤疮,,,,,0,0,,,
acne tarsi,,,[医] 睑痤疮,,,,,0,0,,,
acne telangiectodes,,,"[医] 毛细血管扩张性痤疮, 播散性毛囊狼疮",,,,,0,0,,,
acne tuberata,,,[医] 结节性痤疮,,,,,0,0,,,
acne urticata,,,[医] 荨麻疹性痤疮,,,,,0,0,,,
acne varioiiformis,,,[医] 痘样痤疮,,,,,0,0,,,
acne vulgaris,,,"[医] 普通粉刺, 寻常痤疮",,,,,0,0,,,
acne-prone,,,易长粉刺的\n易长痘痘的\n易长暗疮的,,,,,0,0,,,
acned,,s (of complexion) blemished by imperfections of the skin,a. acne的变形,,,,,0,0,,,
acnefonn,,,[医] 痤疮样的,,,,,0,0,,,
acnegenic,,,[医] 致痤疮的,,,,,0,0,,,
acneiform,,a resembling acne,[医] 痤疮样的,,,,,0,0,,,
acneiform syphilid,,,[医] 脓疱性梅毒疹,,,,,0,0,,,
acneigenic,",ækniә'dʒenik",,a. [医]致痤疮的,,,,,0,0,,,
acnemia,æk'ni:miә,,"n. [医]腓肠部萎缩症,无腿(畸形)",,,,,0,0,,,
acnes,,,n. 曼秀雷敦（日本化妆品牌名）,,,,,0,0,,,
Acnidosporidia,,n a subclass of Sporozoa,[医] 无刺孢子虫类,,,,,0,0,,,
acnitis,әk'naitis,,"痤疮炎, 丘疹坏死性皮结核",,,,,0,0,,,
acnode,'æknәud,"n. An isolated point not upon a curve, but whose coordinates\n   satisfy the equation of the curve so that it is considered as belonging\n   to the curve.",n. [数]孤点,,,,,0,0,,,
acnomel,'æknәmel,,"阿克诺默耳(一种含间苯二酚、硫和醇等的软膏, 治粉刺用)",,,,,0,0,,,
ACNS,,,[计] 高级通信网络服务,,,,,0,0,,,
ACO,,,[计] 自动呼叫源\n[医] 阳极闭时气味,,,,,0,0,s:acos,,
acoa,,,abbr. 前交通动脉（anterior communicating artery）,,,,,0,0,,,
acoasma,,,"[医] 幻听, 听幻觉",,,,,0,0,,,
Acocanthera,,n small genus of trees and shrubs containing strongly toxic cardiac glycosides; Arabia to Africa,[医] 箭毒木属(夹竹桃科),,,,,0,0,,,
Acocanthera oblongifolia,,,[网络] 角叉菜（Acokanthera oblongifolia）,,,,,0,0,,,
Acocanthera oppositifolia,,,[网络] 菊科植物,,,,,0,0,,,
Acocanthera spectabilis,,,[网络] 角叉菜,,,,,0,0,,,
Acocanthera venenata,,,[网络] Acokanthera venenata,,,,,0,0,,,
acocantherin,,,[化] 东非箭毒树苷\n[医] 箭毒木甙,,,,,0,0,,,
acocella,,,n. (Acocella)人名；(意)阿科切拉,,,,,0,0,,,
acock,ә'kɒk,adv. In a cocked or turned up fashion.,"adv. 翻卷着地, 歪斜着",,,,,0,0,,,
acockbill,,"adv. Hanging at the cathead, ready to let go, as an anchor.\nadv. Topped up; having one yardarm higher than the other.",吊锚状态的,,,,,0,0,,,
acoe,,,abbr. 自动检测设备（automatic checkout equipment）,,,,,0,0,,,
acoel,,,[网络] 无肠目,,,,,0,0,,,
Acoela,,,无体腔目,,,,,0,0,,,
Acoelea,,,无腔目,,,,,0,0,,,
acoelia,,,[医] 无腹[畸形],,,,,0,0,,,
acoelius,,,"[医] 无腹畸胎, 无体腔畸胎",,,,,0,0,,,
Acoelomata,,,无腔亚部,,,,,0,0,,,
acoelomate,,,[医] 无体腔的,,,,,0,0,,,
acoelous,ei'si:lәs,,a. [动]无体腔的,,,,,0,0,,,
acoenesthesia,,,"[医] 存在感觉缺失, 普通感觉缺失",,,,,0,0,,,
acofriose,,,[化] 鼠李糖-3-甲醚,,,,,0,0,,,
acog,,,abbr. 美国妇产科学会（American College of Obstetricians and Gynecologists）,,,,,0,0,,,
acognosia,,,[医] 治疗论,,,,,0,0,,,
acognosy,,,[医] 治疗论,,,,,0,0,,,
acography,,,[医] 治疗记录,,,,,0,0,,,
acoin,,,阿可因,,,,,0,0,,,
acoine,,,[医] 阿可因(眼科用局部麻醉剂),,,,,0,0,,,
Acokanthera,,n small genus of trees and shrubs containing strongly toxic cardiac glycosides; Arabia to Africa,[医] 箭毒木属(夹竹桃科),,,,,0,0,,,
acokantherin,,,[医] 箭毒木甙,,,,,0,0,,,
ACOL,'ækәl,,[计] 应用控制语言,,,,,0,0,,,
acolake,,,[医] 阿科拉克(维生素A胶囊剂的商品名),,,,,0,0,,,
acolasia,,,"[医] 放纵, 纵欲",,,,,0,0,,,
acold,ә'kәjld,s of persons; feeling cold,a. 寒冷的,,,,,0,0,,,
acolite,,,[医] 低熔合金(口腔修复用),,,,,0,0,,,
acology,,n. Materia medica; the science of remedies.,[医] 治疗学,,,,,0,0,,,
acolous,,,[医] 无肢的,,,,,0,0,,,
acolyte,'ækәulait,n. someone who assists a priest or minister in a liturgical service; a cleric ordained in the highest of the minor orders in the Roman Catholic Church but not in the Anglican Church or the Eastern Orthodox Churches,"n. 侍僧, 助手",,,,gre,24621,20449,s:acolytes,,
acolytes,ˈækəˌlaɪts,n. someone who assists a priest or minister in a liturgical service; a cleric ordained in the highest of the minor orders in the Roman Catholic Church but not in the Anglican Church or the Eastern Orthodox Churches,n. 助手( acolyte的复数形式 ); 随从; 新手; <宗>（天主教）侍祭,,,,,0,0,0:acolyte/1:s,,
ACOM,,,[计] 自动编码系统,,,,,0,0,,,
acoma,'ækəmə,,n. 阿科马（美国一印第安人村庄名）,,,,,0,0,,,
Acomatacarus,,,[医] 多齿恙螨属,,,,,0,0,,,
Acomatacarus majesticus,,,[医] 巨多齿恙螨,,,,,0,0,,,
Acomatacarus major,,,[医] 肥巨多齿恙螨,,,,,0,0,,,
acomia,,,"[医] 无发, 秃",,,,,0,0,,,
acomous,,,"[医] 无发的, 秃的",,,,,0,0,,,
aconate,,,[机] 阿康酸盐(或酯),,,,,0,0,,,
aconative,,,"[医] 意向缺失的, 非意志的",,,,,0,0,,,
Aconcagua,,"n. the highest mountain in the western hemisphere; located in the Andes in western Argentina (22,834 feet high)",阿空加瓜山,,,,,0,0,,,
Aconchulinida,,,无壳目,,,,,0,0,,,
acone,,,无晶锥,,,,,0,0,,,
aconic acid,,,[化] 阿康酸,,,,,0,0,,,
aconine,,,[化] 乌头胺\n[医] 乌头原硷,,,,,0,0,,,
aconitase,ә'kɔniteis,,n. [生化]顺乌头酸酶,,,,,0,0,,,
aconitate,,,[机] 乌头酸盐(或酯),,,,,0,0,,,
aconite,'ækәnait,n. any of various usually poisonous plants of the genus Aconitum having tuberous roots and palmately lobed leaves and blue or white flowers,n. 乌头\n[化] 乌头,,,,,45630,46349,s:aconites,,
aconite alkaloid,,,[化] 乌头植物碱,,,,,0,0,,,
aconite root,,,[机] 乌头根,,,,,0,0,,,
aconites,,plural of aconite\nn. any of various usually poisonous plants of the genus Aconitum having tuberous roots and palmately lobed leaves and blue or white flowers,(aconite 的复数) n. 乌头\n[化] 乌头,,,,,0,0,0:aconite/1:s,,
aconitic,",ækә'nitik",a. Of or pertaining to aconite.,"a. [植]附子的, 乌头的",,,,,0,0,,,
aconitic acid,,,"[化] 乌头酸; 丙烯三甲酸\n[医] 乌头酸, 丙烯三羧酸",,,,,0,0,,,
aconitine,ә'kɒniti:n,"n. An intensely poisonous alkaloid, extracted from aconite.",n. 乌头碱\n[化] 乌头碱,,,,,0,0,,,
aconitine hydrobromide,,,[医] 氢溴酸乌头硷,,,,,0,0,,,
aconitine hydrochloride,,,[医] 盐酸乌头硷,,,,,0,0,,,
aconitine nitrate,,,[医] 硝酸乌头硷,,,,,0,0,,,
aconitum,",ækә'naitәm",n genus of poisonous plants of temperate regions of northern hemisphere with a vaulted and enlarged petal,"n. 乌头, 从乌头的根提炼出的强心止痛剂",,,,,0,0,,,
aconitum balfourii stapf.,,,[建] 巴氏乌头,,,,,0,0,,,
Aconitum carmichaeli Debx.,,,[医] 乌头,,,,,0,0,,,
Aconitum coreanum Leveil.,,,[医] 黄花乌头,,,,,0,0,,,
Aconitum ferox,,,[化] 印度乌头,,,,,0,0,,,
Aconitum fischeri Reich,,,[医] 费希尔氏乌头,,,,,0,0,,,
aconitum heterophyllum,,,[建] 异叶乌头,,,,,0,0,,,
Aconitum komarovii Steinb.,,,[医] 黄花乌头,,,,,0,0,,,
Aconitum koreanum R. Raym.,,,[医] 黄花乌头,,,,,0,0,,,
Aconitum kusnezoffii Maxim.,,,[医] 北乌头,,,,,0,0,,,
Aconitum lycoctonum,,,[医] 狼毒乌头,,,,,0,0,,,
Aconitum napellus,,,舟形乌头,,,,,0,0,,,
Aconitum napellus L.,,,[医] 欧乌头,,,,,0,0,,,
aconitum napellus linn.,,,[建] 欧乌头,,,,,0,0,,,
Aconitum Tourn.,,,[医] 乌头属,,,,,0,0,,,
aconityl phenetidine,,,[化] 乌头乙氧苯胺,,,,,0,0,,,
ACONSOLE,,,[计] 建立异步控制台命令,,,,,0,0,,,
Aconta,,,[机] 红藻,,,,,0,0,,,
acontia,ə'kɒntʃiːə,"n. pl. Threadlike defensive organs, composed largely of\n   nettling cells (cnidae), thrown out of the mouth or special pores of\n   certain Actiniae when irritated.",n. [复数] 【动物】枪丝,,,,,0,0,,,
acontias,ə'kɒntʃiːə,"n. Anciently, a snake, called dart snake; now, one of a\n   genus of reptiles closely allied to the lizards.",n. [复数] 【动物】枪丝,,,,,0,0,,,
aconuresis,,,[医] 小便失禁,,,,,0,0,,,
acopic,ә'kɒpic,a. Relieving weariness; restorative.,a. 消除疲乏的,,,,,0,0,,,
acoprosis,,,[医] 肠内空虚,,,,,0,0,,,
acoprous,,,[医] 肠内空虚的,,,,,0,0,,,
acopyrin,,,阿科比林,,,,,0,0,,,
acopyrine,,,"[医] 阿科比林, 乙酰比林",,,,,0,0,,,
acor,,,[医] 酸涩; 辛辣,,,,,0,0,,,
Acoraceae,,,[网络] 菖蒲科；菖蒲二烯,,,,,0,0,,,
acoradiene,,,菖蒲二烯,,,,,0,0,,,
acorane,,,菖蒲烷,,,,,0,0,,,
acord,,,abbr. Advisory Council on Research and Development 研究开发咨委会,,,,,0,0,i:acording,,
acording,,-ing form of acord,(acord 的现在分词) abbr. Advisory Council on Research and Development 研究开发咨委会,,,,,0,0,0:acord/1:i,,
acorea,,n absence of the pupil in an eye,[医] 无瞳孔[畸形],,,,,0,0,,,
acorenone,,,菖蒲烯酮,,,,,0,0,,,
Acores,ә'sәjriʃ,n islands in the Atlantic Ocean belonging to Portugal,<葡>=Azores,,,,,0,0,,,
acoretin,,,菖蒲脂,,,,,0,0,,,
acoria,,,"[医] 贪食, 不饱[症]",,,,,0,0,,,
acorin,,,[化] 菖蒲苷\n[医] 菖蒲苦甙,,,,,0,0,,,
acorite,,,锆石,,,,,0,0,,,
acormus,,,[医] 无躯干畸胎,,,,,0,0,,,
acorn,'eikɒ:n,n. fruit of the oak tree: a smooth thin-walled nut in a woody cup-shaped base,"n. 橡树果实\n[机] 浆栎, 浆栎果",,,,gre,12485,15397,s:acorns,,
acorn barnacle,ˈeɪˌkɔ:n ˈbɑ:nəkl,, （无脊椎）藤壶,,,,,0,0,,,
acorn cup,ˈeɪˌkɔ:n kʌp,,n. 橡实之外壳,,,,,0,0,,,
acorn flour,,,[机] 浆栎粉,,,,,0,0,,,
acorn nut,,,[机] 盖形螺帽,,,,,0,0,,,
acorn oil,,,[机] 浆栎油,,,,,0,0,,,
acorn squash,,,橡果形冬瓜；小青南瓜,,,,,0,0,,,
acorn sugar,,,"[医] 浆栎糖, 槲皮醇, 环己连五醇",,,,,0,0,,,
acorn tube,,,[计] 橡实管,,,,,0,0,,,
acorn worm,ˈeɪˌkɔ:n wə:m,, 囊舌虫,,,,,0,0,,,
acorn-headed catheter,,,[医] 橡子头导管,,,,,0,0,,,
acorn-shaped,,,[网络] 形,,,,,0,0,,,
acorn-tipped bougie,,,[医] 橡头子探条,,,,,0,0,,,
acorned,,a. Furnished or loaded with acorns.\na. Fed or filled with acorns.,a. acorn的变形,,,,,0,0,,,
acorns,'eɪkɔ:nz,n. fruit of the oak tree: a smooth thin-walled nut in a woody cup-shaped base,"n. 橡子, 栎实( acorn的复数形式 )",,,,,0,0,0:acorn/1:s,,
acorone,,,[机] 菖蒲酮,,,,,0,0,,,
acoronym,,,[计] 首字母缩写词,,,,,0,0,,,
Acorus,,n sweet flags; sometimes placed in subfamily Acoraceae,[医] 菖蒲属,,,,,0,0,,,
acorus calamus,,,[机] 白菖,,,,,0,0,,,
Acorus calamus L.,,,"[医] 菖蒲, 白菖",,,,,0,0,,,
Acorus gramineus Soland.,,,[医] 石菖蒲,,,,,0,0,,,
ACOS,,,[计] 应用控制操作系统,,,,,0,0,0:aco/1:s,,
acosmia,,,[医] 违和; 病程异常,,,,,0,0,,,
acosmism,ə'kɒzmɪzəm,n. A denial of the existence of the universe as distinct\n   from God.,n. 无宇宙论,,,,,0,0,,,
acosmist,ə'kɒzmɪst,"n. One who denies the existence of the universe, or of a\n   universe as distinct from God.",n. 无宇宙论者,,,,,0,0,,,
acosta,,,n. 极地阳光（博客名）；阿科斯塔（姓氏）,,,,,0,0,,,
Acosta's disease,,,[医] 阿科斯塔氏病.高山病,,,,,0,0,,,
acostate,,,[医] 无肋的,,,,,0,0,,,
acotyledon,ei.kɒti'li:dәn,"n. A plant which has no cotyledons, as the dodder and all\n   flowerless plants.",n. 无子叶植物,,,,,0,0,,,
acotyledonous,.eikɒti'li:dәnәs,"a. Having no seed lobes, as the dodder; also applied to\n   plants which have no true seeds, as ferns, mosses, etc.",a. 无子叶的,,,,,0,0,,,
acotyledonus,,,[医] 无子叶植物,,,,,0,0,,,
acouasm,,,"[医] 幻听, 听幻觉",,,,,0,0,,,
acoubuoy,,,声监听仪,,,,,0,0,,,
acouchi,ә'ku:ʃi,,n. [动]长尾刺鼠,,,,,0,0,,,
acouchy,ə'ku:ʃi,n. A small species of agouti (Dasyprocta acouchy).,n. 【动物】长尾刺鼠,,,,,0,0,,,
acouesthesia,,,[医] 听觉,,,,,0,0,,,
acouired syphilis,,,[医] 后天梅毒,,,,,0,0,,,
acoulalion,,,聋哑者习语器,,,,,0,0,,,
acoumeter,ә'ku:mitә,n. An instrument for measuring the acuteness of the sense\n   of hearing.,n. 测听计\n[化] 测声计,,,,,0,0,,,
acoumetry,,n. The measuring of the power or extent of hearing.,[医] 听力测验法,,,,,0,0,,,
acount,,, 计算,,,,,0,0,d:acounted,,
acounted,,past participle of acount,(acount 的过去分词)  计算,,,,,0,0,0:acount/1:d,,
acouometer,,,"[医] 听力计, 听力测验器",,,,,0,0,,,
acouophone,,,[医] 助听器,,,,,0,0,,,
acouophonia,,,[医] 叩听合诊,,,,,0,0,,,
acouoxylon,,,[医] 木制听诊器,,,,,0,0,,,
acourse,,,[网络] 一道菜；课程；一门课,,,,,0,0,,,
acousimeter,,,[化] 测声计,,,,,0,0,,,
acousma,ә'ku:smә,n illusory auditory perception of strange nonverbal sounds,"n. 幻听\n[医] 幻听, 听幻觉",,,,,0,0,,,
acousmatagnosis,,,"[医] 辨音不能, 精神聋",,,,,0,0,,,
acousmatamnesia,,,[医] 听觉性健忘[症],,,,,0,0,,,
acousphere,,,[医] 听球,,,,,0,0,,,
acoustextile,,,吸声织物,,,,,0,0,,,
acoustic,ә'ku:stik,n. a remedy for hearing loss or deafness\na. of or relating to the science of acoustics,"a. 听觉的, 声学的, 音响的\n[医] 听的; 声学的",,2,,gre,9232,10194,s:acoustics,,
acoustic absorption,,,[电] 声能吸收,,,,,0,0,,,
acoustic absorption loss,,,[电] 声能吸收损失,,,,,0,0,,,
acoustic absorptivity,,,[电] 声能吸收率,,,,,0,0,,,
acoustic admittance,,,[化] 声导纳,,,,,0,0,,,
acoustic after-image,,,[医] 听觉后象,,,,,0,0,,,
acoustic agraphia,,,[医] 听觉性书写不能,,,,,0,0,,,
acoustic amplifier,,,[电] 声放大器,,,,,0,0,,,
acoustic analysis,,,[电] 声学分析,,,,,0,0,,,
acoustic analysor,,,[医] 听觉分析器,,,,,0,0,,,
acoustic aphasia,əˈku:stik əˈfeɪʒə,, 听觉性失语,,,,,0,0,,,
acoustic apparatus,,,[医] 听器,,,,,0,0,,,
acoustic branch,,,[电] 声分支,,,,,0,0,,,
acoustic buoy,,,un. 声浮标；音响浮标\n[网络] 声响浮标,,,,,0,0,,,
acoustic burglar alarm,,,[电] 声能盗警器,,,,,0,0,,,
acoustic capacitance,,,[电] 声电容,,,,,0,0,,,
acoustic capsule,,,[医] 听囊(软骨),,,,,0,0,,,
acoustic center,,,[医] 听[觉]中枢,,,,,0,0,,,
acoustic clarifier,,,[电] 声音澄清器,,,,,0,0,,,
acoustic complicance,,,[电] 声能顺从,,,,,0,0,,,
acoustic conductance,,,[化] 声导,,,,,0,0,,,
acoustic coupler,,,[计] 声音耦合器,,,,,0,0,,,
acoustic crgan,,,"[医] 柯替氏器[官], 螺旋器",,,,,0,0,,,
acoustic current-meter,,,[机] 声音电流,,,,,0,0,,,
acoustic data coupler,,,[计] 声数据耦合器,,,,,0,0,,,
acoustic data processor,,,[计] 声数据处理机,,,,,0,0,,,
acoustic delay line,,,[计] 声延迟线,,,,,0,0,,,
acoustic depth finer,,,[电] 声能深度探测器,,,,,0,0,,,
acoustic detector,,,[电] 声音检波器,,,,,0,0,,,
acoustic device,,,[网络] 声学装置,,,,,0,0,,,
acoustic disk,,,[电] 音板,,,,,0,0,,,
acoustic dispersion,,,[电] 声分散,,,,,0,0,,,
acoustic duct,,,[医] 外耳道,,,,,0,0,,,
acoustic efficiency,,,[机] 声音效率,,,,,0,0,,,
acoustic elasticity,,,[电] 声能弹性,,,,,0,0,,,
acoustic engineering,,,[计] 声学工程,,,,,0,0,,,
acoustic feedback,,,[计] 声反馈,,,,,0,0,,,
acoustic filter,,,[电] 滤音器,,,,,0,0,,,
acoustic formula,,,[医] 声学公式,,,,,0,0,,,
acoustic fovea,,,[化] 听凹,,,,,0,0,,,
acoustic frequency,,,[机] 声频,,,,,0,0,,,
acoustic frequency response,,,[电] 音频响应,,,,,0,0,,,
acoustic ganglion,,,"[医] 听神经(胚胎), 前庭蜗神经节",,,,,0,0,,,
acoustic generator,,,[电] 声能产生器,,,,,0,0,,,
acoustic gramophone,əˈku:stik ˈgræməˌfəʊn,, 喇叭式唱机，留声机,,,,,0,0,,,
acoustic guitar,,, 原声吉他; 木吉他,,,,,0,0,,,
acoustic hair cell,,,[医] 听器毛细胞,,,,,0,0,,,
acoustic holography,,,[计] 声全息照相术,,,,,0,0,,,
acoustic homing system,,,[电] 声能复位系统,,,,,0,0,,,
acoustic horn,,,[电] 声能喇叭或喇叭,,,,,0,0,,,
acoustic hyperesthesia,,,[医] 听觉过敏,,,,,0,0,,,
acoustic image,,,"[化] 声象\n[医] 听像, 声像",,,,,0,0,,,
acoustic impedance,,,[化] 声阻抗,,,,,0,0,,,
acoustic inertance,,,[电] 声能惰性,,,,,0,0,,,
acoustic input device,,,[计] 声音输入装置,,,,,0,0,,,
acoustic inspection,,,[机] 音响检验,,,,,0,0,,,
acoustic instrument,,,原声乐器,,,,,0,0,,,
acoustic insulating material,,,[化] 隔音材料,,,,,0,0,,,
acoustic intelligence,,,[计] 声学智能,,,,,0,0,,,
acoustic intensity,,,[电] 声能强度,,,,,0,0,,,
acoustic interferometer,,,[电] 声能干扰仪,,,,,0,0,,,
acoustic intrusion detector,,,[电] 声能侵入探测器,,,,,0,0,,,
acoustic labyrinth,,,[电] 声能迷路,,,,,0,0,,,
acoustic lemniscus,,,"[医] 听觉丘系, 外侧丘系",,,,,0,0,,,
acoustic lens,,,[电] 声能透镜,,,,,0,0,,,
acoustic line,,,[电] 声能导线,,,,,0,0,,,
acoustic load,,,[电] 声负荷,,,,,0,0,,,
acoustic material,,,[机] 声波材料,,,,,0,0,,,
acoustic meatus,əˈku:stik mi(:)ˈeitəs,, [医]听道,,,,,0,0,,,
acoustic memory,,,[计] 声存储器,,,,,0,0,,,
acoustic mine,,,n. 感音水雷,,,,,0,0,,,
acoustic mode,,,[电] 声模,,,,,0,0,,,
acoustic modem,əˈku:stik ˈməudem,, 声频调制解调器,,,,,0,0,,,
acoustic nerev tumor,,,[医] 听神经瘤,,,,,0,0,,,
acoustic nerve,,,[医] 听神经,,,,,0,0,,,
acoustic neurasthenia,,,[医] 听[觉不良]性神经衰弱,,,,,0,0,,,
acoustic neurinoma,,,[医] 听神经瘤,,,,,0,0,,,
acoustic paint,,,[化] 吸声漆; 吸音漆,,,,,0,0,,,
acoustic panel,,,[化] 隔音板; 吸音板,,,,,0,0,,,
acoustic papilla,,,"[医] 螺旋器, 柯替氏器[官]",,,,,0,0,,,
acoustic paralysis,,,"[医] 听神经麻痹, 神经性聋",,,,,0,0,,,
acoustic pattern,,,[计] 声音模式,,,,,0,0,,,
acoustic phenomenon,,,[网络] 声学现象,,,,,0,0,,,
acoustic phonon,,,[电] 声热子,,,,,0,0,,,
acoustic pickup,,,[电] 声能拾音,,,,,0,0,,,
acoustic power,əˈku:stik ˈpauə,, 声功率,,,,,0,0,,,
acoustic projection,,,[网络] 钢琴音响投射系统；钢琴音响投射技术,,,,,0,0,,,
acoustic radiation,,,[医] 听辐射线,,,,,0,0,,,
acoustic radiation pressure,əˈku:stik ˌreidiˈeiʃən ˈpreʃə,, 声辐射压,,,,,0,0,,,
acoustic radiator,,,[电] 声能幅射器,,,,,0,0,,,
acoustic radiometer,,,[电] 声能无线电计,,,,,0,0,,,
acoustic reactance,,,[电] 声抗,,,,,0,0,,,
acoustic recever,,,[电] 声接收机,,,,,0,0,,,
acoustic recognition input,,,[计] 声音识别输入,,,,,0,0,,,
acoustic reflectivity,,,[电] 声能反射率,,,,,0,0,,,
acoustic refraction,,,[电] 声能折射,,,,,0,0,,,
acoustic regeneration,,,[电] 声能再生,,,,,0,0,,,
acoustic resistance,,,[化] 声阻; 声抗,,,,,0,0,,,
acoustic resonance,,,[化] 声共振,,,,,0,0,,,
acoustic resonator,,,[电] 音响共振器,,,,,0,0,,,
acoustic scattering,,,[电] 声能散射,,,,,0,0,,,
acoustic shock,,,[电] 声震,,,,,0,0,,,
acoustic signal,,,[计] 声信号,,,,,0,0,,,
acoustic spectrum,əˈku:stik ˈspektrəm,, 声谱,,,,,0,0,,,
acoustic spot,,,"[医] 听斑, 位觉斑",,,,,0,0,,,
acoustic stiffness,,,[电] 声劲,,,,,0,0,,,
acoustic storage,,,[计] 声存储器,,,,,0,0,,,
acoustic strlae,,,"[医] 听纹, 听髓纹(第四脑室底中间部)",,,,,0,0,,,
acoustic susceptance,,,[化] 声纳,,,,,0,0,,,
acoustic system,,,[电] 音响系统,,,,,0,0,,,
acoustic tetanus,,,[医] 听性强直(蛙肌),,,,,0,0,,,
acoustic transformer,,,[机] 声波变压器,,,,,0,0,,,
acoustic transmission system,,,[电] 音响输送系统,,,,,0,0,,,
acoustic treament,,,[电] 音响处埋,,,,,0,0,,,
acoustic tubercle,,,[医] 听结节,,,,,0,0,,,
acoustic velocity,,,[机] 音速,,,,,0,0,,,
acoustic vesicle,,,"[医] 听泡, 听囊",,,,,0,0,,,
acoustic wave,,,[电] 声波,,,,,0,0,,,
acoustic wave filter,,,[电] 声波过滤器,,,,,0,0,,,
acoustic(al) board,,,[化] 隔音纸板,,,,,0,0,,,
acoustic-impact technique,,,[机] 声击术,,,,,0,0,,,
acoustic-wave amplifier,,,[电] 声波放大器,,,,,0,0,,,
acoustical,ә'ku:stikәl,a of or relating to the science of acoustics,"a. 听觉的, 声学的",,,,toefl,0,24425,,,
acoustical attenuation constant,,,[电] 声能衰减常数,,,,,0,0,,,
acoustical circuit,,,[电] 声路,,,,,0,0,,,
acoustical conductivity,,,[电] 传声性,,,,,0,0,,,
acoustical correction,,,[电] 声改正,,,,,0,0,,,
acoustical coupling,,,[电] 声耦合,,,,,0,0,,,
acoustical delay line storage,,,[电] 延音线储存,,,,,0,0,,,
acoustical engineering,,,[电] 声学工程,,,,,0,0,,,
acoustical filter,,,[电] 滤声器,,,,,0,0,,,
acoustical hologram,,,[计] 声全息图,,,,,0,0,,,
acoustical holography,,,[计] 声全息照相术,,,,,0,0,,,
acoustical image,,,[电] 声阶,,,,,0,0,,,
acoustical imaging,,,[计] 声成象,,,,,0,0,,,
acoustical instrument,,,[电] 声学仪器,,,,,0,0,,,
acoustical level,,,[电] 声阶,,,,,0,0,,,
acoustical mass,,,[电] 声质量,,,,,0,0,,,
acoustical material,,,[电] 吸音材料,,,,,0,0,,,
acoustical measurment,,,[电] 音响量度,,,,,0,0,,,
acoustical meter,,,[电] 测声计,,,,,0,0,,,
acoustical mirror,,,[电] 声镜,,,,,0,0,,,
acoustical ohm,,,[电] 声欧姆,,,,,0,0,,,
acoustical phase constant,,,[电] 声相常数,,,,,0,0,,,
acoustical power,,,[电] 声功率,,,,,0,0,,,
acoustical radiator,,,[电] 声幅射器,,,,,0,0,,,
acoustical reactance,,,[电] 声抗,,,,,0,0,,,
acoustical reflectivity,,,[电] 声能反射率,,,,,0,0,,,
acoustical resonator,,,[电] 共鸣器,,,,,0,0,,,
acoustical shadow,,,[电] 声影,,,,,0,0,,,
acoustical transmittivity,,,[电] 声能传输率,,,,,0,0,,,
acoustical vibration,,,[机] 声音振动,,,,,0,0,,,
acoustical-electrical transducer,,,[电] 声电转换器,,,,,0,0,,,
acoustically,ə'kuːstɪkəlɪ,r. with respect to acoustics,adv. 听觉上；声学上,,,,,37400,30869,,,
acoustici aphasia,,,"[医] 听觉性失语, 失听言能",,,,,0,0,,,
acoustician,.æku:'stiʃәn,n. a physicist who specializes in acoustics,n. 声学家,,,,,0,44105,,,
acousticians,",ækuː'stɪʃ(ə)n",,n. [声] 声学家,,,,,0,0,,,
acousticofacial ganglion,,,[医] 听面神经节,,,,,0,0,,,
acousticofacial primordium,,,[医] 听面原基,,,,,0,0,,,
acousticolateral,,,[网络] 声外侧,,,,,0,0,,,
acousticolateralis,,,[网络] 声外侧,,,,,0,0,,,
acousticon,,,[医] 助听器(专利品名),,,,,0,0,,,
acousticopalpebral reflex,,,[医] 声音眼睑反射,,,,,0,0,,,
acousticophobia,,n a morbid fear of sounds including your own voice,[医] 音响恐怖,,,,,0,0,,,
acousticoppsychology,,,[医] 音响心理学,,,,,0,0,,,
acoustics,ә'ku:stiks,n. the study of the physical properties of sound,"n. 音响效果, 声学\n[化] 声学",,,,,0,0,0:acoustic/1:s,,
acoustimeter,,,[机] 测音计,,,,,0,0,,,
acousto-,ә'ku:stәj,,"表“声音, 声波”之义",,,,,0,0,,,
acousto-optic deflector,,,[计] 声光偏转器,,,,,0,0,,,
acousto-optic effect,,,[计] 声光效应\n[化] 声光效应,,,,,0,0,,,
acousto-optic medium,,,[计] 声光介质,,,,,0,0,,,
acousto-optical crystal,,,[化] 声光晶体,,,,,0,0,,,
acousto-optical glass,,,[化] 声光玻璃,,,,,0,0,,,
acoustoelctric amplifier,,,[电] 声放大器,,,,,0,0,,,
acoustoelectric,"ә,ku:stәji'lektrik",,"a. [电子]声电学的,电声学的,声电的, 电声的",,,,,0,0,,,
acoustoelectric effect,,,[电] 声电效应,,,,,0,0,,,
acoustoelectronics,"ә'ku:stәji,lek'trɔniks",,[复]n.[用作单]微声电子学,,,,,0,0,,,
acoustometer,,,[机] 检响计,,,,,0,0,,,
acoustooptics,"ә,ku:stә'ɔptiks",,[复]n.[用作单][物]声光学,,,,,0,0,,,
acoutoelectric effect,,,[电] 声电效应,,,,,0,0,,,
acoutometer,,,"[医] 听力计, 听力测验器",,,,,0,0,,,
ACP,,,"[计] 存取控制软件包, 解析计算机程序, 辅助控制处理机, 运算控制处理机\n[化] 酰基载体蛋白",,,,,31278,0,,,
ACPA,,,[计] 计算机程序员和分析员协会,,,,,0,0,,,
acpi,,,abbr. 高级配置与电源接口（Advanced Configuration and Power Interface）,,,,,0,0,,,
ACPP,,,[医] 肾上腺皮质多肽,,,,,0,0,,,
acpt,,,"abbr. accept 接受, 承认, 承兑（票据等）",,,,,0,0,,,
acpuei pharyngitis,,,"[医] 急性咽炎, 卡他性咽炎",,,,,0,0,,,
acpuired harelip,,,"[医] 后天性唇裂, 创伤性唇裂",,,,,0,0,,,
acq,,,abbr. 哮喘控制问卷；烷基铜铵化合物；声波质量指示,,,,,0,0,,,
acqirement,,,"n. 学得,学识,才艺",,,,,0,0,,,
acqua,,,n. （意）水,,,,,0,0,,,
acqua alta,'ɑ:kkwɑ:'ɑ:ltɑ:; -tə,,[意大利语]高潮(尤指不时淹没威尼斯历史上著名中心区的涨潮)；高水位,,,,,0,0,,,
acquaalta,'ɑ:kkwɑ:'ɑ:ltɑ:,,<意>高潮(尤指不时淹没威尼斯历史上有名的中心区的洪水),,,,,0,0,,,
acquaint,ә'kweint,v. inform,"vt. 使认识, 介绍",,1,,cet6 ky toefl ielts gre,9574,9630,d:acquainted/i:acquainting/p:acquainted/3:acquaints,,
acquaint oneself of,,,v. 开始知道,,,,,0,0,,,
acquaint oneself with,,,"认识,知道,通晓",,,,,0,0,,,
acquaintance,ә'kweintәns,n. personal knowledge or information about someone or something\nn. a relationship less intimate than friendship\nn. a person with whom you are acquainted,"n. 认识, 相识者",,2,,gk cet4 cet6 ky toefl gre,5967,6274,s:acquaintances,,
acquaintance rape,,, 熟人强奸（罪）,,,,,0,0,,,
acquaintanced,ə'kweɪnt(ə)ns,,"n. (对某人的)相识,认识;熟(with someone)；熟悉；了解；知道(with)",,,,,0,0,,,
acquaintances,ək'weɪntənsɪz,n. personal knowledge or information about someone or something\nn. a relationship less intimate than friendship\nn. a person with whom you are acquainted,n. 相识的人( acquaintance的复数形式 ); 熟人; 对…有了解; （与某人）认识,,,,,0,0,0:acquaintance/1:s,,
acquaintanceship,ә'kweintәnsʃip,n a relationship less intimate than friendship,"n. 相识, 认识, 交往关系",,,,,37446,35839,s:acquaintanceships,,
acquaintanceships,,plural of acquaintanceship\nn a relationship less intimate than friendship,"(acquaintanceship 的复数) n. 相识, 认识, 交往关系",,,,,0,0,0:acquaintanceship/1:s,,
acquaintant,,n. An acquaintance.,熟悉的,,,,,0,0,,,
acquainted,ә'kweintid,s. having fair knowledge of,a. 知晓的；有知识的；熟识的,,,,toefl gre,0,0,0:acquaint/1:dp,,
acquainted with,,,熟悉；了解；与…相识,,,,,0,0,,,
acquaintedness,,n. State of being acquainted; degree of acquaintance.,n. acquaint的变形,,,,,0,0,,,
acquainting,,p. pr. & vb. n. of Acquaint,v. 使熟知；认识（acquaint的现在分词）,,,,,0,0,0:acquaint/1:i,,
acquaints,əˈkweints,v cause to come to know personally\nv make familiar or conversant with\nv inform,v. 使熟悉( acquaint的第三人称单数 ); 使了解; 通知; 告知,,,,,0,0,0:acquaint/1:3,,
acquatic,,,adj. 水生的,,,,,0,0,,,
acquaviva,,,n. (Acquaviva)人名；(意、法)阿夸维瓦,,,,,0,0,,,
acquest,ә'kwest,"n. Acquisition; the thing gained.\nn. Property acquired by purchase, gift, or otherwise than by\n   inheritance.","[法] 新获得的财产, 购得财产",,,,,0,0,,,
acquiesce,.ækwi'es,v to agree or express agreement,"vi. 默许, 默然同意",,,,gre,14893,15179,d:acquiesced/p:acquiesced/i:acquiescing/3:acquiesces,,
acquiesced,",ækwɪ'es",imp. & p. p. of Acquiesce,vi. 默许；勉强同意,,,,,0,0,0:acquiesce/1:dp,,
acquiescence,.ækwi'esәns,n. acceptance without protest,"n. 默许, 默认\n[法] 默许, 默认",,,,,14506,17580,,,
acquiescent,.ækwi'eәsnt,s. willing to carry out the orders or wishes of another without protest,"a. 默许的, 默认的, 默从的\n[法] 默许的, 默认的, 勉强顺从的",,,,,33767,34142,,,
acquiescently,",ækwi'esntli",adv. In an acquiescent manner.,adv. 默认地；顺从地；默许地,,,,,0,0,,,
acquiesces,ˌækwi:ˈesiz,v to agree or express agreement,"v. 默认, 默许( acquiesce的第三人称单数 )",,,,,0,0,0:acquiesce/1:3,,
acquiescing,",ækwɪ'es",p. pr. & vb. n. of Acquiesce,vi. 默许；勉强同意,,,,,0,0,0:acquiesce/1:i/i:acquiescing,,
acquirability,"ә,kwaiәrә'bilәti",n. The quality of being acquirable; attainableness.,"n. 可得, 可获",,,,,0,0,,,
acquirable,ә'kwaiәrәbl,s capable of being acquired,"a. 可得的, 可获的",,,,,0,0,,,
acquire,ә'kwaiә,v. locate (a moving entity) by means of a tracking system such as radar\nv. win something through one's efforts,"vt. 获得, 学到\n[电] 目标锁定",,3,1,gk cet4 cet6 ky toefl ielts,1407,2063,d:acquired/p:acquired/i:acquiring/3:acquires,,
acquire a broader perspective of,,,"扩大…的眼界,拓宽…的视野",,,,,0,0,,,
acquire by fraud,,,[法] 诈欺取得,,,,,0,0,,,
acquire the label of,,,得了...的绰号,,,,,0,0,,,
acquired,ә'kwaiәd,s. gotten through environmental forces,"a. 获得的, 后天的\n[医] 获得的, 后天的",,,,gre,12096,15054,0:acquire/1:dp/p:acquired/d:acquired,,
acquired albinism,,,[医] 后天白化病,,,,,0,0,,,
acquired anaphylaxis,,,"[医] 获得性过敏性, 后天过敏性",,,,,0,0,,,
acquired astigmatism,,,[医] 后天散光,,,,,0,0,,,
acquired character,,,[医] 获得[性]特性,,,,,0,0,,,
acquired characteristic,əˈkwaɪəd ˌkæriktəˈristik,, 习得特性,,,,,0,0,,,
acquired cleftpalate,,,[医] 后天性腭裂,,,,,0,0,,,
acquired defect,,,[医] 后天缺损,,,,,0,0,,,
acquired dementia,,,[医] 后天痴呆,,,,,0,0,,,
acquired disease,,,[医] 后天病,,,,,0,0,,,
acquired diverticulum,,,[医] 后天性憩室,,,,,0,0,,,
acquired dysmenorrhea,,,[医] 继发性痛经,,,,,0,0,,,
acquired epilepsy,,,[医] 后天性癫痫,,,,,0,0,,,
acquired hemochromatosis,,,[网络] 获得性血色素沉着症,,,,,0,0,,,
acquired hemolytic anemia,,,[医] 后天溶血性贫血,,,,,0,0,,,
acquired hemolytic icteroanemia,,,[医] 后天[获得性]溶血性黄疸贫血,,,,,0,0,,,
acquired hernia,,,[医] 后天性疝,,,,,0,0,,,
acquired hydromyelia,,,[医] 后天性脊髓积水,,,,,0,0,,,
Acquired Immune Deficiency Syndrome,,,爱滋病(获得性免疫缺陷综合征),,,,,0,0,,,
acquired immunity,,,[化] 获得免疫性\n[医] 后天免疫,,,,,0,0,,,
acquired insanity,,,[医] 后天性精神病,,,,,0,0,,,
acquired leukopathy,,,[医] 后天性白斑病,,,,,0,0,,,
acquired neurasthenia,,,[医] 获得性神经衰弱,,,,,0,0,,,
acquired predisposition,,,[医] 后天素因,,,,,0,0,,,
acquired reflex,,,"[医] 后天反射, 条件反射",,,,,0,0,,,
acquired right,,,[经] 既得权利,,,,,0,0,,,
acquired taste,,,后天养成的爱好,,,,,0,0,,,
acquired teratism,,,[医] 后天性畸形,,,,,0,0,,,
acquired tolerance,,,[医] 后天耐受性,,,,,0,0,,,
acquired veil,,,[医] 后天性声ㄗ,,,,,0,0,,,
acquiree,,,n. 被购买方；被收购者,,,,,0,0,,,
acquirement,ә'kwaiәmәnt,n an ability that has been acquired by training,"n. 取得, 得到, 获得, 学到的东西\n[法] 取得, 获得, 学得",,,,,0,0,s:acquirements,,
acquirement of nationality,,,[法] 取得国籍,,,,,0,0,,,
acquirements,,plural of acquirement\nn an ability that has been acquired by training,"(acquirement 的复数) n. 取得, 得到, 获得, 学到的东西\n[法] 取得, 获得, 学得",,,,,0,0,0:acquirement/1:s,,
acquirer,,n. a person who acquires something (usually permanently)\nn. a corporation gaining financial control over another corporation or financial institution through a payment in cash or an exchange of stock\nn. the financial institution that dispenses cash in automated teller machines and collects a fee from the bank that issued the credit card,"[法] 转得人, 取得人, 受让人",,,,,29536,32838,s:acquirers,,
acquirers,,n. a person who acquires something (usually permanently)\nn. a corporation gaining financial control over another corporation or financial institution through a payment in cash or an exchange of stock\nn. the financial institution that dispenses cash in automated teller machines and collects a fee from the bank that issued the credit card,n. 让受方( acquirer的复数形式 ),,,,,0,0,0:acquirer/1:s,,
acquires,əˈkwaiəz,"v come into the possession of something concrete or abstract\nv take on a certain form, attribute, or aspect\nv come to have or undergo a change of (physical features and attributes)\nv locate (a moving entity) by means of a tracking system such as radar\nv win something through one's efforts\nv gain knowledge or skills\nv gain through experience",v. 获得( acquire的第三人称单数 ); （使用探测器）捕获（目标）; 取得; （计算机、机器人等）捕捉,,,,,0,0,0:acquire/1:3,,
acquiring,,n. the act of acquiring something,"n. 瞄准；捕获, 探测；习得",,,,,41212,0,0:acquire/1:i/i:acquiring,,
acquiring corporation,,,"[经] 收购公司, 兼并公司",,,,,0,0,,,
acquiring party,,,"[法] 取得方, 受让方",,,,,0,0,,,
acquiror,,,[网络] 收购人,,,,,0,0,s:acquirors,,
acquis,,,获得的，取得的；后天(得到)的\n经验；知识；心得,,,,,0,0,,,
acquisition,.ækwi'ziʃәn,n. the act of contracting or assuming or acquiring possession of something\nn. something acquired,"n. 获得, 获得物\n[经] 收购, 招揽, 取得",,3,,gk cet4 cet6 ky toefl ielts,2567,3856,s:acquisitions,,
acquisition agreement,,,收购协议,,,,,0,0,,,
acquisition and tracking radar,,,[电] 获得和跟踪电达,,,,,0,0,,,
acquisition cession,,,[法] 继受取得,,,,,0,0,,,
acquisition cost,,,"[经] 取得成本, 招揽成本, 购置成本",,,,,0,0,,,
acquisition cost theory,,,[经] 取得成本学说,,,,,0,0,,,
acquisition group,,,[计] 获取组,,,,,0,0,,,
acquisition of a claim,,,[经] 取得他人的债权,,,,,0,0,,,
acquisition of a patent,,,[法] 专利权的取得,,,,,0,0,,,
acquisition of assets for cash,,,[经] 现金收购资产,,,,,0,0,,,
acquisition of chunks,,,[计] 知识块获取,,,,,0,0,,,
acquisition of nationality,,,[法] 取得国籍,,,,,0,0,,,
acquisition of property,,,[法] 取得财产,,,,,0,0,,,
acquisition of technology,,,[经] 技术获得,,,,,0,0,,,
acquisition price,,,[经] 购置价格,,,,,0,0,,,
acquisition probability,,,[计] 占用概率,,,,,0,0,,,
acquisition radar,,,[电] 获得里达,,,,,0,0,,,
acquisition time,,,[计] 采集时间\n[化] 取数时间,,,,,0,0,,,
acquisition without consideration,,,[法] 无因取得,,,,,0,0,,,
acquisitional,,,a. acquisition的变形,,,,,0,0,,,
acquisitions,ˌækwiˈziʃənz,n. the act of contracting or assuming or acquiring possession of something\nn. something acquired\nn. the cognitive process of acquiring skill or knowledge,n. 获得( acquisition的复数形式 ); 获得者; （企业的）合并; （图书馆通过采购、交换赠阅等）图书资料的获得,,,,,0,0,0:acquisition/1:s,,
acquisitive,ә'kwizitiv,a. eager to acquire and possess things especially material possessions or ideas,"a. 渴望获得的, 贪婪的\n[法] 取得的, 获得的, 贪得无厌的",,,,cet6 toefl gre,23098,28517,,,
acquisitive prescription,,,[法] 取得的时效,,,,,0,0,,,
acquisitively,ə'kwizitivli,adv. In the way of acquisition.,adv. 能获得并保留地；贪得无厌地,,,,,0,0,,,
acquisitiveness,"ə,kwi'zitivnis",n. strong desire to acquire and possess,n. 占有欲,,,,,38570,36201,,,
acquisitor,,n. One who acquires.,取得人,,,,,0,0,,,
acquisitum centrifugum leplkoderma,,,"[医] 离心性后天白斑病, 萨顿氏病",,,,,0,0,,,
acquisitus,,,"[医] 获得的, 后天的",,,,,0,0,,,
acquistion,ˌækwɪˈzɪʃn,,n. 获得\nv. 获得,,,,,0,0,s:acquistions,,
acquit,ә'kwit,v. pronounce not guilty of criminal charges,"vt. 无罪释放, 表现, 使履行\n[法] 开释, 释放, 免",,2,,toefl gre,9949,9999,d:acquitted/p:acquitted/i:acquitting/s:acquits/3:acquits,,
acquit oneself,,,"v. 表现,完成",,,,,0,0,,,
acquit oneself of a task,,,完成一项任务,,,,,0,0,,,
acquit oneself to his credit,,,表现可嘉,,,,,0,0,,,
acquit oneself well,,,表现良好,,,,,0,0,,,
acquit sb of his duties,,,解除某人的义务,,,,,0,0,,,
acquit sb.of a crime,,,[法] 宣判某人无罪,,,,,0,0,,,
acquit the innocent,,,[法] 释放无罪者,,,,,0,0,,,
acquitment,ə'kwitmənt,n. Acquittal.,n. 释放；开释（等于acquittal）,,,,,0,0,,,
acquits,əˈkwits,v pronounce not guilty of criminal charges\nv behave in a certain manner,v. 宣判…无罪( acquit的第三人称单数 ); 使（自己）作出某种表现,,,,,0,0,1:s3/0:acquit,,
acquitt,әˊkwit,,v. 开释;释放;免除;还清[债务],,,,,0,0,,,
acquittal,ә'kwitәl,n. a judgment of not guilty,"n. 履行, 无罪开释\n[经] (债务的)清偿",,,,gre,23156,15274,s:acquittals,,
acquittal by a jury,,,[法] 陪审团认为事实不成立,,,,,0,0,,,
acquittal in fact,,,[法] 依事实宣告无罪,,,,,0,0,,,
acquittal in law,,,[法] 依法宣告无罪,,,,,0,0,,,
acquittals,əˈkwɪtlz,n. a judgment of not guilty,n. 宣告无罪( acquittal的复数形式 ); （义务、职责等的）履行; 尽职; <古>（债务等的）清偿,,,,,0,0,0:acquittal/1:s,,
acquittance,ә'kwitәns,n. a legal document evidencing the discharge of a debt or obligation,"n. 债务豁免书, 清偿, 清欠收据\n[经] (债务的)清偿, 清欠收据",,,,,0,0,s:acquittances,,
acquittance of a debt,,,[法] 免除债务,,,,,0,0,,,
acquittance register,,,[法] 偿债登记册,,,,,0,0,,,
acquittances,,plural of acquittance\nn. a legal document evidencing the discharge of a debt or obligation,"(acquittance 的复数) n. 债务豁免书, 清偿, 清欠收据\n[经] (债务的)清偿, 清欠收据",,,,,0,0,0:acquittance/1:s,,
acquitted,,imp. & p. p. of Acquit,v. 释放（acquit的过去分词）\na. 无罪；无罪开释,,,,,0,0,0:acquit/1:dp/d:acquitted,,
acquitted of a charge,,,[法] 无罪释放,,,,,0,0,,,
acquitted of a debt,,,[经] 免除债务,,,,,0,0,,,
acquitting,,p. pr. & vb. n. of Acquit,vt. 无罪释放；表现；脱卸义务和责任；清偿 (acquit的变形),,,,,0,0,0:acquit/1:i,,
acr,,,abbr. 活动空腔辐射计（Active Cavity Radiometer）；地址比较寄存器（Address Compare Register）；机场对空控制雷达（Aerodrome Control Radar）；自动压缩调节器（Automatic Compression Regulator）,,,,,0,0,,,
acr-,,, 肢端,,,,,0,0,,,
acra,'ækrә,,肢端,,,,,0,0,,,
Acrab,'ækrәb,,[天]房宿四(天蝎座β1),,,,,0,0,,,
acracholia,",ækrә'kәuliә",,"[希]感情冲动, 多情",,,,,0,0,,,
acraein,æ'kri:in,,斑蛱蝶素,,,,,0,0,,,
Acragas,,,[网络] 阿克拉加斯；阿克拉伽斯；阿克拉格斯,,,,,0,0,,,
acragnosis,",ækrә^'nәusis",,肢体感缺失,,,,,0,0,,,
acral,'ækrәl,,肢体末端的,,,,,0,0,,,
acraldehyde,"ә'krәldi,haid",,n. (=acrolein)[化]丙烯醛,,,,,0,0,,,
acramine,,,[医] 盐酸氨基吖啶,,,,,0,0,,,
acrandrous,,,顶生雄器的,,,,,0,0,,,
acrania,,"n. Partial or total absence of the skull.\nn. The lowest group of Vertebrata, including the amphioxus,\n   in which no skull exists.",[医] 无颅[畸形],,,,,0,0,,,
acranial,,a. Wanting a skull.,[医] 无颅的,,,,,0,0,,,
acraniate monster,,,[医] 无颅畸胎,,,,,0,0,,,
Acranil,,,[化] 氯甲氧吖胺,,,,,0,0,,,
acranius,,,[医] 无颅畸胎,,,,,0,0,,,
Acrapon A paste,,,[化] 涂料浆A; 阿克拉帮浆A; 帮A; 帮浆A,,,,,0,0,,,
acrasia,ә'kreiziә,n. Alt. of Acrasy,n. [心]自控能力缺失,,,,,0,0,,,
Acrasiales,,,粘菌; 集胞粘菌目,,,,,0,0,,,
acrasin,'ækrәsәn,,n. [生化]聚集素,,,,,0,0,,,
acrasinase,ә'kreiniәs,,集胞粘菌素酶,,,,,0,0,,,
Acrasiomycetes,,n. cellular slime molds; in some classifications placed in kingdom Protoctista,聚粘菌纲; 聚粘菌纲,,,,,0,0,,,
Acrasis,'ækrәsis,,宿曲滴菌,,,,,0,0,,,
acraspedote,"ei'kræspә,dәut",,无缘水母部的,,,,,0,0,,,
acrated,,,a. 碳酸,,,,,0,0,,,
acratia,,,[医] 无力,,,,,0,0,,,
acraturesis,,,[医] 排尿无力,,,,,0,0,,,
Acrawax,,,合成脂肪酸酯; 阿克蜡,,,,,0,0,,,
acrbonic abhydrase,,,[机] 碳酸酐,,,,,0,0,,,
acrbonic acid derivative,,,[建] 碳酸衍生物,,,,,0,0,,,
acrbonic acid esters,,,[建] 碳酸酯,,,,,0,0,,,
acrbonic acid gas,,,[机] 碳酸气,,,,,0,0,,,
acrbonic anhydride,,,[机] 碳酸酐,,,,,0,0,,,
acrbonic ion,,,[机] 碳离子,,,,,0,0,,,
acrbonization,,,[机] 碳化,,,,,0,0,,,
ACRC,,,[计] 辅助循环冗余码校验,,,,,0,0,,,
acre,'eikә,n. a unit of area (4840 square yards) used in English-speaking countries\nn. a territory of western Brazil bordering on Bolivia and Peru\nn. a town and port in northwestern Israel in the eastern Mediterranean,n. 英亩,,3,,gk cet4 ky toefl,3286,0,s:acres,,
acre inch,,,un. 英亩英寸,,,,,0,0,,,
acre yield,,,[经] 亩产量,,,,,0,0,,,
acre-feet,,,[计量] 英亩－英尺,,,,,0,0,,,
acre-foot,'eɪkərf'ʊt,"n. the volume of water that would cover 1 acre to a depth of 1 foot; 43,560 cubic feet or 1233.5 cubic meters", 英尺,,,,,0,0,,,
acre-inch,'eɪkər'ɪntʃ,,n. 英亩一英寸（即一英亩尺之十二分之一）,,,,,0,0,,,
acreage,'eikәridʒ,n. an area of ground used for some particular purpose (such as building or farming),"n. 英亩数, 土地面积\n[经] 英亩数, 土地面积, 矿区租赁面积",,,,,20656,12753,s:acreages,,
acreage allotment,,,[经] 亩数分配,,,,,0,0,,,
acreage basis,,,[经] 英亩面积基础,,,,,0,0,,,
acreage contribution letter,,,[经] 面积捐助函,,,,,0,0,,,
acreage rent,,,"[经] 租矿金, 租地金, 矿区租金",,,,,0,0,,,
acreages,,plural of acreage\nn. an area of ground used for some particular purpose (such as building or farming),"(acreage 的复数) n. 英亩数, 土地面积\n[经] 英亩数, 土地面积, 矿区租赁面积",,,,,0,0,0:acreage/1:s,,
acred,'eikәd,"a. Possessing acres or landed property; -- used in composition;\n   as, large-acred men.",a. 拥有许多地产的,,,,,0,0,,,
acree,ә'kri:,,岩屑锥,,,,,0,0,,,
Acree's reaction,,,[化] 阿克里反应,,,,,0,0,,,
Acree-Rosenheim reaction,,,[化] 阿克里-罗森海姆反应\n[医] 阿-罗二氏反应(检蛋白质),,,,,0,0,,,
Acree-Rosenheim reagent,,,[医] 阿-罗二氏试剂(蛋白质和色氨酸定性用),,,,,0,0,,,
Acree-Rosenheim test,,,[医] 阿-罗二氏试验(检蛋白质),,,,,0,0,,,
acrefoot,'eikә'fjt,,n. 英亩-英尺(灌溉的水量单位),,,,,0,0,,,
acreinch,'eikәr'intʃ,,"n. 英亩-英寸(3630立方英尺或102.79立方米, 相当于1/12英亩-英尺)",,,,,0,0,,,
Acrel's ganglion,,,[医] 阿克雷耳氏腱鞘囊肿(腕伸肌腱鞘囊肿),,,,,0,0,,,
Acremoniella,,,[医] 小支顶孢属,,,,,0,0,,,
acremoniosis,,,[医] 支顶孢病,,,,,0,0,,,
Acremonium,,,[医] 支顶孢属,,,,,0,0,,,
acres,'eɪkəs,n. extensive landed property (especially in the country) retained by the owner for his own use\nn. a unit of area (4840 square yards) used in English-speaking countries\nn. a territory of western Brazil bordering on Bolivia and Peru,n. 英亩( acre的复数形式 ),,,,,0,0,0:acre/1:s,,
acres of,,,"大量,许多",,,,,0,0,,,
acressory portal system of Sappey,,,[医] 萨佩氏副门静脉系统,,,,,0,0,,,
acri,,,abbr. 空调与制冷学会（Air-Conditioning and Refriger ation Institute）,,,,,0,0,s:acri/0:acri/1:s,,
acribometer,,,[医] 精微测量器,,,,,0,0,,,
acrichine,,,[化] 阿的平,,,,,0,0,,,
acrichinum,,,[医] 阿的平,,,,,0,0,,,
acrid,'ækrid,s strong and sharp\ns harsh or corrosive in tone,"a. 苦味的, 辛辣的, 讥讽的, 刻薄的\n[医] 辛辣的",,,,toefl gre,20185,18600,,,
acrid poison,,,"[医] 苛烈性毒, 刺激性毒",,,,,0,0,,,
acridan,,,"[化] 9,10-二氢化吖啶",,,,,0,0,,,
acridanyl,ә'kridәnil,,二氢化吖啶基,,,,,0,0,,,
acridic acid,,,"[化] 吖啶酸; 2,3-喹啉二羧酸",,,,,0,0,,,
acridid,,, 蝗虫,,,,,0,0,,,
Acrididae,,,蝗科,,,,,0,0,,,
acridine,'ækridi:n,,n. 吖啶\n[化] 吖啶,,,,,0,0,,,
acridine dye,,,[化] 吖啶染料,,,,,0,0,,,
acridine dyes,,,[化] 吖啶染料,,,,,0,0,,,
acridine orange,,,"[医] 吖啶橙, 四甲吖啶",,,,,0,0,,,
acridine yellow,,,[医] ㄘ啶黄,,,,,0,0,,,
acridinic acid,,,[化] 吖啶酸,,,,,0,0,,,
"acridinic acid,2,3-quinoline dicarboxylic acid",,,"[化] 吖啶酸; 2,3-喹啉二羧酸",,,,,0,0,,,
acridinyl,,,[化] 吖啶基,,,,,0,0,,,
acridioxanthin,",ækridiәuk'zænθin",,吖啶黄嘌呤,,,,,0,0,,,
acridity,æ'kriditi,n. having an acrid smell\nn. extreme bitterness\nn. the quality of being sharply disagreeable in language or tone,"n. 辛辣, 刻薄",,,,,0,0,,,
acridly,,adv. In an acid manner.,adv. acrid的变形,,,,,0,0,,,
acridness,'ækridnis,"n. The quality of being acrid or pungent; irritant\n   bitterness; acrimony; as, the acridity of a plant, of a speech.",n. 辛辣；刻薄；苦,,,,,0,0,,,
acridol,,,[化] 吖啶酚,,,,,0,0,,,
acridology,",ækri'dɔlәdʒi",,蝗虫学,,,,,0,0,,,
acridone,'ækrәdәun,,吖啶酮,,,,,0,0,,,
acridostibine,,,[化] 吖啶锑,,,,,0,0,,,
Acridotheres,,,[网络] 八哥属；白领八哥；属名,,,,,0,0,,,
Acridotheres tristis,,,[网络] 家八哥；那是家八哥,,,,,0,0,,,
acridyl,",ækridil",,(=acridinyl)吖啶基,,,,,0,0,,,
acriflavine,",ækri'fleivi:n",,n. [药]吖啶黄(消毒灭菌剂),,,,,0,0,,,
acriflavine hydrochloride,,,[化] 盐酸吖啶黄素\n[医] 盐酸吖啶黄,,,,,0,0,,,
acriflavine neutral,,,[化] 吖啶黄素中性品,,,,,0,0,,,
Acrilan,'ækrilәn,n acrylic resin used to make a strong soft crease-resistant fabric (trade name Acrilan),n. [亦作a-][纺]阿克利纶( 美国制丙烯腈合成纤维的商品名称),,,,,0,0,,,
acrimnoy,,,暴烈,,,,,0,0,,,
acrimonies,'ækrɪmənɪ,pl.  of Acrimony,n. 辛辣；尖刻；严厉,,,,,0,0,,,
acrimonious,ækri'mәunjәs,s. marked by strong resentment or cynicism,"a. 尖刻的, 讥讽的, 激烈的",,1,,toefl gre,18668,20973,,,
acrimoniously,",ækri'məuniəsli",adv. In an acrimonious manner.,adv. 毒辣地；尖刻地,,,,,0,0,,,
acrimoniousness,,n. The quality of being acrimonious; asperity;\n   acrimony.,n. acrimonious的变形,,,,,0,0,,,
acrimony,'ækrimәni,n a rough and bitter manner,"n. 严厉, 尖刻\n[医] 辛辣",,,,toefl gre,19802,22245,,,
acrinamin,ә'krinәmin,,奎纳克林,,,,,0,0,,,
acrinia,ei'kriniә,,分泌缺乏,,,,,0,0,,,
acrinyl,,,[化] 羟苄基\n[医] 对羟基,,,,,0,0,,,
acrinyl isothiocyanate,,,"[化] 羟苄基异硫氰酸酯; 异硫氰酸羟苄酯\n[医] 羟苄基异硫氰酯, 异硫氰酸羟苄酯",,,,,0,0,,,
acrinyl sulfocyanate,,,[医] 硫氰酸对羟基苯甲酯,,,,,0,0,,,
acriquine,,,[医] 阿的平,,,,,0,0,,,
acrirnol,,,[医] 利凡诺,,,,,0,0,,,
Acris,,,蝗蛙属,,,,,0,0,,,
Acris gryllus,,,[网络] 蟋蟀雨蛙,,,,,0,0,,,
acrisia,ә'kraisjә,n. Alt. of Acrisy,"确诊不能, 诊断预后不明",,,,,0,0,,,
acrisorcin,,,[化] 吖啶琐辛; 吖苯二酚,,,,,0,0,,,
acritarch,ækrɪ'tɑ:tʃ,, 疑源类,,,,,0,0,s:acritarchs,,
acritarchs,,plural of acritarch,(acritarch 的复数)  疑源类,,,,,0,0,0:acritarch/1:s,,
acritical,ei'kritikәl,s without a crisis (as of some diseases),"a. (指疾病)不危急的, 不危险的, 无极期的",,,,,0,0,,,
acritochromacy,"ә,kritә'krәumәsi",n. Color blindness; achromatopsy.,色盲,,,,,0,0,,,
acritol,,,[化] 吖糖醇,,,,,0,0,,,
acriviolet,",ækri'vaiәlit",,阿克里紫(消毒药),,,,,0,0,,,
acrl,,,abbr. American Cities Racing League 美国城市种族协会; Association of College and Research Libraries <美国>大学及研究图书馆联合会,,,,,0,0,,,
acro,,,pref. 最高；顶点；开头,,,,,0,0,s:acros,,
acro-,'ækrәj,,"表示“极, 高”之义",,,,,0,0,,,
acro-agnosis,,,[医] 肢体感缺失,,,,,0,0,,,
acro-agonines,,,[医] 极度刺激生成物,,,,,0,0,,,
acro-anesthesia,,,[医] [四]肢麻木,,,,,0,0,,,
acro-arthritis,,,[医] 肢关节炎,,,,,0,0,,,
acro-asphyxia,,,[医] 肢端缺氧,,,,,0,0,,,
acro-ataxia,,,[医] 肢端共济失调,,,,,0,0,,,
acro-dextrin,,,[化] 消色糊精,,,,,0,0,,,
acro-edema,,,[医] 肢肿症,,,,,0,0,,,
acro-esthesia,,,[医] 感觉过敏; 肢痛,,,,,0,0,,,
acroaesthesia,",ækrәi:s'θi:zjә",,感觉过敏,,,,,0,0,,,
acroagnosis,,,肢感缺乏,,,,,0,0,,,
acroamatic,",ækrəʊə'mætɪk",a. Alt. of Acroamatical,"a. 深奥的, 难解的；奥秘的, 秘传的, 口传的",,,,,0,0,,,
acroanesthesia,eɪkərəʊ'nesθi:zɪə,, 四肢麻木，肢端麻木，肢麻木,,,,,0,0,,,
acroasphyxia,,,肢端缺氧,,,,,0,0,,,
acrobacy,æk'rɔbәsi,,高级(飞行)特技,,,,,0,0,,,
acrobat,'ækrәbæt,n. an athlete who performs acts requiring skill and agility and coordination,"n. 表演特技者, 杂技演员",,,,ky gre,23985,19213,s:acrobats/3:acrobats,,
Acrobates,,,[网络] 侏儒袋鼯；杂技秀,,,,,0,0,,,
acrobatic,.ækrәu'bætik,s. vigorously active,"a. 杂技演员的, 杂技的",,,,,33278,22066,s:acrobatics,,
acrobatic feat,,,un. 飞行特技,,,,,0,0,,,
acrobatic feats,,,杂技,,,,,0,0,,,
acrobatic stunt,,,[网络] 杂技特技,,,,,0,0,,,
acrobatically,",ækrəu'bætik",,adv. acrobatic（杂技的）的变形,,,,,0,0,,,
acrobatics,.ækrәu'bætiks,n. the gymnastic moves of an acrobat\nn. the performance of stunts while in flight in an aircraft,"n. 杂技, 杂技表演",,,,,0,24833,0:acrobatic/1:s,,
acrobatism,'ækrəbætizəm,n. Feats of the acrobat; daring gymnastic feats; high\n   vaulting.,n. 杂技,,,,,0,0,,,
acrobats,ˈækrəˌbæts,n. an athlete who performs acts requiring skill and agility and coordination,"n. 杂技演员( acrobat的复数形式 ); 立场观点善变的人, 主张、政见等变化无常的人",,,,,0,0,0:acrobat/1:s3,,
acroblast,'ækrәblɑ:st,,原顶体,,,,,0,0,,,
acroblastic remnant,,,[医] 原顶体残余,,,,,0,0,,,
acrobrachy,"'ækrә,bræki",,肢端过短(症),,,,,0,0,,,
acrobrachycephaly,,,[医] 扁头[畸形],,,,,0,0,,,
acrobystia,ækrә'bistiә,,包皮,,,,,0,0,,,
acrobystiolith,",ækrә'bistiәliθ",,包皮结石,,,,,0,0,,,
acrobystitis,",ækrәbis'taitis",,包皮炎,,,,,0,0,,,
acrocarp,",ækrә'kɑ:p",n a moss in which the main axis is terminated by the archegonium (and hence the capsule),顶苞,,,,,0,0,,,
acrocarpous,",ækrә'kɑ:pәs",a (of mosses) having the archegonia at the top of the stem,a. [植]茎端结实的,,,,,0,0,,,
acrocarpous moss,,,[网络] acrocarpous青苔,,,,,0,0,,,
Acrocarpus,,,[网络] 顶果树属；尖果苏木属；顶果木属,,,,,0,0,,,
Acrocarpus fraxinifolius,,,[网络] 顶果树；顶果木,,,,,0,0,,,
Acrocel,'ækrәsel,,阿克罗塞尔(聚酯纤维),,,,,0,0,,,
acrocentric,ækrә'sentrik,a having a subterminal centromere,a. & n.[生](染色体)近端着丝(的),,,,,0,0,s:acrocentrics,,
acrocentric chromosome,,,[医] 近端着丝点染色体,,,,,0,0,,,
acrocentrics,,plural of acrocentric\na having a subterminal centromere,(acrocentric 的复数) adj.& n.[生](染色体)近端着丝(的),,,,,0,0,0:acrocentric/1:s,,
acrocephalia,,,[医] 尖头[畸形],,,,,0,0,,,
acrocephalic,ækrәse'feilik,a. Characterized by a high skull.,尖头(畸形)的,,,,,0,0,,,
acrocephalopagus,,,[医] 头顶部联胎,,,,,0,0,,,
acrocephalosyndactylia,,,"[医] 尖头并指(趾)[畸形], 阿佩尔氏综合征",,,,,0,0,,,
acrocephalosyndactylism,,,[医] 尖头并指(趾)[畸形],,,,,0,0,,,
acrocephalosyndactyly,,,[医] 尖头并指(趾)[畸形],,,,,0,0,,,
acrocephalous,ækrә'sefәlәs,,尖头的,,,,,0,0,,,
Acrocephalus,,,[网络] 尖头花属；苇莺属；顶头花属,,,,,0,0,,,
Acrocephalus orientalis,,,[医] 东方苇,,,,,0,0,,,
Acrocephalus schoenobaenus,,,[网络] 水蒲苇莺；莎草科鸣禽,,,,,0,0,,,
acrocephaly,,n a congenital abnormality of the skull; the top of the skull assumes a cone shape,[医] 尖头[畸形],,,,,0,0,,,
acrocheir,ækrә'kaiә,,"手尖, 指尖",,,,,0,0,,,
acrochordal,ækrә'kɔ:dәl,,顶索,,,,,0,0,,,
acrochordon,,,[医] 软垂疣(颈或眼睑有蒂新生物),,,,,0,0,,,
acrochroic,ækrә'krɔik,,顶端有色的,,,,,0,0,,,
acrocinesis,",ækrәsai'ni:sis",,运动过度,,,,,0,0,,,
acrocinetic,",ærkrәsai'netik",,运动过度的,,,,,0,0,,,
acrocinonide,,,阿克缩松,,,,,0,0,,,
Acroclinium,,,[网络] 秋水仙碱,,,,,0,0,,,
Acroclinium roseum,,,[网络] 玫瑰芦荟,,,,,0,0,,,
Acrocomia,,,[网络] 垂花榈属；刺茎椰子属；大剌可可椰子属,,,,,0,0,,,
acrocomia sclerocarpa,,,[机] 顶束毛榈,,,,,0,0,,,
acroconidium,,,顶生分生孢子,,,,,0,0,,,
acrocont,'ækrәkɔnt,,"顶鞭, 顶端毛",,,,,0,0,,,
acrocontracture,",ækrәkәn'træktʃә",,(四)肢挛缩,,,,,0,0,,,
acrocoracoid,",ækrә'kɔrә,kɔid",,[动]顶喙状骨,,,,,0,0,,,
acrocyanosis,",ækrәu,saiә'nәusis",n cyanosis of the extremities; can occur when a spasm of the blood vessels is caused by exposure to cold or by strong emotion,n. [医]手足发绀,,,,,0,0,,,
acrocyst,"'ækrә,sist",,端囊,,,,,0,0,,,
acrodatic flight,,,[机] 特技飞行,,,,,0,0,,,
acrodermatitis,",ækrә,dә:mә'taitis",,肢皮炎,,,,,0,0,,,
acrodermatitis chronica atrophicans,,,[医] 慢性萎缩性肢皮炎,,,,,0,0,,,
acrodermatitis continua,,,[医] 持续性肢皮炎,,,,,0,0,,,
acrodermatitis enteropathica,,,[医] 肠病性肢皮炎,,,,,0,0,,,
acrodermatitis hiemalis,,,[医] 冬令肢皮炎,,,,,0,0,,,
acrodermatitis perstans,,,[医] 顽固性肢皮炎,,,,,0,0,,,
acrodermatitis vesiculosa tropica,,,[医] 热带小泡性肢皮炎,,,,,0,0,,,
acrodermatosis,",ækrә,dә:mә'tәusis",,(pl.acrodermatoses )肢皮病,,,,,0,0,,,
acrodigitalin,,,[医] 阿克罗地芰他林,,,,,0,0,,,
acrodolichomelia,",ækrә,dɔlikә'mi:liә",,手足过长,,,,,0,0,,,
acrodomatia,",ækrәdәu'meiʃiә",,n. (生态学用语)螨巢,,,,,0,0,,,
acrodont,"'ækrә,dɔnt",n an animal having teeth consolidated with the summit of the alveolar ridge without sockets,"a. [解][动]边齿的, 颌缘的",,,,,0,0,,,
acrodrome,'ækrәdrәum,,a. [植]脉向尖聚集的,,,,,0,0,,,
acrodynia,",ækrә'dinjә",,n. [医]肢端痛,,,,,0,0,,,
acrodynic erythema,,,[医] 肢痛性红斑,,,,,0,0,,,
acroerythema,",ækrә,eri'θi:mә",,肢端红斑,,,,,0,0,,,
acrogen,'ækrәdʒin,n. any flowerless plant such as a fern (pteridophyte) or moss (bryophyte) in which growth occurs only at the tip of the main stem,n. 顶生植物,,,,,0,0,,,
acrogenesis,,,"[医] 头端形成, 顶生",,,,,0,0,,,
acrogenic,",ækrə'dʒenik",a pertaining to flowerless plants (ferns or mosses) in which growth occurs only at the tip of the main stem,a. acrogen的变形,,,,,0,0,,,
acrogenic bacterium,,,[医] 产气菌,,,,,0,0,,,
acrogenous,ә'krɒdʒәnәs,a pertaining to flowerless plants (ferns or mosses) in which growth occurs only at the tip of the main stem,"a. 顶生的\n[医] 头端形成的, 顶生的(植)",,,,,0,0,,,
acrogens,,n. any flowerless plant such as a fern (pteridophyte) or moss (bryophyte) in which growth occurs only at the tip of the main stem,顶生植物,,,,,0,0,,,
Acrogenus,,,[医] 纤瘦病毒属(植物病毒),,,,,0,0,,,
acrogeria,,,[医] 肢皮早老,,,,,0,0,,,
acrognosis,,,[医] 肢体感,,,,,0,0,,,
acrogynous,,,顶生雌器的,,,,,0,0,,,
acrohyperhidrosis,,,[医] 手足多汗,,,,,0,0,,,
acrohypothermy,,,[医] 手足温度过低,,,,,0,0,,,
acrohysterosalpingectomy,",ækrә,histәrә,sælpin'dʒektәmi",,子宫底输卵管切除术,,,,,0,0,,,
acrojet,"'ækrә,dʒet",,特技飞行的喷气机飞行员,,,,,0,0,,,
acrokeratosis,",ækrәkerә'tәusis",,肢端角化症,,,,,0,0,,,
acrokeratosis verruciformis,,,[医] 疣状肢端角化病,,,,,0,0,,,
acrokinesia,",ækrә,kai'ni:ziә",,运动过度,,,,,0,0,,,
acrol,ә'krәul,,亚烯丙基,,,,,0,0,,,
acrolactic acid,,,[化] 3-羟基丙烯酸,,,,,0,0,,,
acrolect,'ækrәulekt,,上层方言,,,,,0,0,,,
acroleic,,,a. 丙烯,,,,,0,0,,,
acroleic acid,,,[化] 丙烯酸,,,,,0,0,,,
acrolein,ә'krәuliin,n a pungent colorless unsaturated liquid aldehyde made from propene,n. 丙烯醛\n[化] 丙烯醛,,,,,0,0,,,
acrolein cyanohydrin,,,[化] 丙烯醛氰醇,,,,,0,0,,,
acrolein dimer,,,[化] 丙烯醛二聚物,,,,,0,0,,,
acrolein polymer,,,[化] 丙烯醛类聚合物,,,,,0,0,,,
acrolein resin,,,[建] 丙烯醛树脂,,,,,0,0,,,
acrolein test,,,[化] 丙烯醛试验,,,,,0,0,,,
acrolin test,,,[机] 丙烯醛试验,,,,,0,0,,,
acrolith,'ækrәliθ,"n. A statue whose extremities are of stone, the trunk being\n   generally of wood.",n. 石首石肢木身雕像,,,,,0,0,,,
acrolithic,",ækrə'liθik","a. Pertaining to, or like, an acrolith.",a. acrolith的变形,,,,,0,0,,,
acroloyl-,,,[化] 丙烯酰; 丙烯酰基,,,,,0,0,,,
acrolyl-,,,[化] 丙烯酰; 丙烯酰基,,,,,0,0,,,
acromacria,",ækrә'mækriә",,"细长指(趾), 蜘蛛脚样指(趾)",,,,,0,0,,,
acromania,",ækrә'meiniә",,"重躁狂, 顽固性精神病",,,,,0,0,,,
acromastitis,",ækrәmæs'taitis",,乳头炎,,,,,0,0,,,
acromegalia,,n enlargement of bones of hands and feet and face; often accompanied by headache and muscle pain and emotional disturbances; caused by overproduction of growth hormone by the anterior pituitary gland (due to a tumor),[医] 肢端巨大症,,,,,0,0,,,
acromegalic,.ækrәumә'gælik,s. marked or affected by enlargement or hypertrophy of the extremities or the face,a. 肢端肥大的\n[医] 肢端巨大的,,,,,0,0,s:acromegalics,,
acromegalic gigantism,,,"[医] 指端肥大症巨人发育, 肢端肥大性巨人症",,,,,0,0,,,
acromegalics,,plural of acromegalic\ns. marked or affected by enlargement or hypertrophy of the extremities or the face,(acromegalic 的复数) a. 肢端肥大的\n[医] 肢端巨大的,,,,,0,0,0:acromegalic/1:s,,
acromegalogigantism,,,[医] 肢端巨大性巨大畸形,,,,,0,0,,,
acromegaloidism,,,[医] 类肢端巨大症,,,,,0,0,,,
acromegaly,.ækrә'megәli,n. enlargement of bones of hands and feet and face; often accompanied by headache and muscle pain and emotional disturbances; caused by overproduction of growth hormone by the anterior pituitary gland (due to a tumor),n. 肢端肥大症\n[医] 肢端巨大症,,,,,0,0,,,
acromelalgia,,,[医] 红斑性肢痛病,,,,,0,0,,,
acromelic,,,[医] 肢端的,,,,,0,0,,,
acromere,,,[医] 外节(视细胞的),,,,,0,0,,,
acrometagenesis,",ækrә,metә'dʒenisis",,四肢发育过度,,,,,0,0,,,
acrometer,æ'krɔmitә,,油类比重计,,,,,0,0,,,
acromial,ə'krəumiəl,a. Of or pertaining to the acromion.,a. 肩峰的,,,,,0,0,,,
acromial fracture,,,[医] 肩峰骨折,,,,,0,0,,,
acromial process,,, [医]肩峰,,,,,0,0,,,
acromial reflex,,,[医] 肩峰反射,,,,,0,0,,,
acromiale,,,[医] 肩峰的,,,,,0,0,,,
acromiale os,,,[医] 肩峰骨(介于肩胛冈与肩峰骺间),,,,,0,0,,,
acromiale os secondarium,,,[医] 继发性肩峰骨(X线片),,,,,0,0,,,
acromicria,,n abnormally small extremities (underdeveloped fingers and toes),[医] 肢端过小症,,,,,0,0,,,
acromicria congenita,,,[医] 先天性肢端过小症,,,,,0,0,,,
acromikria,,n abnormally small extremities (underdeveloped fingers and toes),[医] 肢端过水症,,,,,0,0,,,
acromio-iliac presentation,,,"[医] 肩髂先露, 横产位",,,,,0,0,,,
acromioclavicular,,,[医] 肩[峰]锁[骨]的,,,,,0,0,,,
acromioclavicular disc,,,[医] 肩锁关节盘,,,,,0,0,,,
acromioclavicular joint,,,[医] 肩锁关节,,,,,0,0,,,
acromiocoracoid,,,[医] 肩[峰]喙[突]的,,,,,0,0,,,
acromiocoracoid ligament,,,[医] 喙肩韧带,,,,,0,0,,,
acromiohumeral,,,[医] 肩峰肱骨的,,,,,0,0,,,
acromion,ә'krәjmiәn,n the outermost point of the spine of the shoulder blade,n. [解剖]肩峰,,,,,0,0,,,
acromion process,,,[医] 肩峰,,,,,0,0,,,
acromion scapulae,,,[医] 肩峰,,,,,0,0,,,
acromion-anterior position,,,[医] 肩峰前位,,,,,0,0,,,
acromioscapular,,,[医] 肩峰肩胛的,,,,,0,0,,,
acromiothoracic,,,[医] 肩峰胸廓的,,,,,0,0,,,
acromiothoracic vein,,,[医] 胸肩峰静脉,,,,,0,0,,,
acromorph,,,盐瘤,,,,,0,0,,,
acromphalus,,n. abnormal protrusion of the navel; sometimes the start of umbilical hernia,脐膨出; 脐心,,,,,0,0,,,
acromycosis,,,[医] [四]肢真菌病,,,,,0,0,,,
acromyle,,,"[医] 髌, 膝盖骨",,,,,0,0,,,
acromyotonia,,n myotonia of the extremities only; causes spastic deformity of the hand or foot,[医] 肢肌强直,,,,,0,0,,,
acromyotonus,,,肢肌强直,,,,,0,0,,,
Acron,,,阿克隆铝铜硅合金; 铝基铜硅合金,,,,,0,0,,,
acronarcotic,,,[医] 辛辣麻醉的,,,,,0,0,,,
acronarcotic poison,,,[医] 刺激麻醉性毒,,,,,0,0,,,
acroneuropathy,,,[医] 肢端神经病,,,,,0,0,,,
acroneurosis,",ækrәnju'rәusis",,"肢体神经[机能]病,肢体神经官能症",,,,,0,0,,,
acronic,,,[网络] acronis,,,,,0,0,,,
acronine,,,阿克罗宁,,,,,0,0,,,
acronychal,ə'krɔnikəl,"a. Rising at sunset and setting at sunrise, as a star; --\n   opposed to cosmical.",a. 黄昏或日没后出没的,,,,,0,0,,,
acronychous,,,[医] 嵌甲的,,,,,0,0,,,
acronym,'ækrәunim,n. a word formed from the initial letters of the several words in the name,"n. 首字母缩拼词, 首字母组合词\n[计] 字首组合词",,1,,toefl gre,19145,13493,s:acronyms/p:acronymed,,
acronymania,,,[网络] 首字母缩略词,,,,,0,0,,,
acronymed,,past tense of acronym\nn. a word formed from the initial letters of the several words in the name,"(acronym 的过去时) n. 首字母缩拼词, 首字母组合词\n[计] 字首组合词",,,,,0,0,0:acronym/1:p,,
acronymic,ækrə'nɪmɪk,a characterized by the use of acronyms,a. 关于首字母缩略字的,,,,,0,0,,,
acronymically,",ækrə'nimikəli",,adv. 用首字母缩拼词表示地,,,,,0,0,,,
acronymous,'ækrənɪməs,a characterized by the use of acronyms,a. 关于首字母缩略字的,,,,,0,0,,,
acronyms,ˈækrəˌnɪmz,n. a word formed from the initial letters of the several words in the name,n. 首字母缩略词( acronym的复数形式 ),,,,,0,0,0:acronym/1:s,,
acronyx,"'ækrә,niks",,嵌甲,,,,,0,0,,,
Acrooss Worksheets,,,至同组工作表,,,,,0,0,,,
acroosteolysis,",ækrә,ɔsti'ɔlisis",,肢端骨质溶解,,,,,0,0,,,
acropachy,,,[医] 杵状指,,,,,0,0,,,
acropachyderma,,,"[医] 肢厚皮病, 肢软部肥厚",,,,,0,0,,,
acroparalysis,,,"[医] 肢麻痹, 肢瘫痪",,,,,0,0,,,
acroparesthesia,,,[医] 肢端感觉异常,,,,,0,0,,,
acroparesthesisa,,,肢端感症,,,,,0,0,,,
acropathology,",ækrәpә'θɔlәdʒi",,(四)肢病理学,,,,,0,0,,,
acropathy,æ'krɔpәθi,,n. [医]四肢病,,,,,0,0,,,
acropeptide,,,[医] 无色肽,,,,,0,0,,,
acropetal,ә'krɔpitəl,a of leaves or flowers; developing or opening in succession from base to apex,a. [植]向顶的,,,,,0,0,,,
acropetally,,,adv. acropetal的变形,,,,,0,0,,,
acrophobe,'ækrәfәjb,,"n. 恐高症患者, 高空恐惧症患者",,,,,0,0,,,
acrophobia,.ækrәu'fәubiә,n. a morbid fear of great heights,n. 恐高症\n[医] 高处恐怖,,,,gre,0,0,,,
acrophobic,,,[网络] 疏水性,,,,,0,0,,,
acrophony,ә'krɔfәni,n naming a letter of the alphabet by using a word whose initial sound is the sound represented by that letter,n. 截头表音法,,,,,0,0,,,
acrophyta,,,高山植物,,,,,0,0,,,
acrophytia,,,高山植物群落,,,,,0,0,,,
acropolis,ә'krɒpәlis,n. the citadel in ancient Greek towns,n. 古希腊的卫城,,,,,25503,26671,,,
acropolises,,,"古希腊城市的卫城, 雅典的卫城( acropolis的名词复数 )",,,,,0,0,,,
acropolitan,",ækrə'pɔlitn",a. Pertaining to an acropolis.,a. acropolis的变形,,,,,0,0,,,
acropora,,,鹿角珊瑚属,,,,,0,0,,,
acroposthitis,,,[医] 包皮炎,,,,,0,0,,,
acrorrheuma,,,[医] 肢风湿病,,,,,0,0,,,
acros,,plural of acro,(acro 的复数) pref. 最高；顶点；开头,,,,,0,0,0:acro/1:s,,
Acrosaleniidae,,,顶萨列海胆科,,,,,0,0,,,
acroscleriasis,,,"[医] 肢端变硬, 肢端硬化病",,,,,0,0,,,
acroscleroderma,,,"[医] 肢硬皮病, 指(趾)硬皮病",,,,,0,0,,,
acrosclerosis,,,"[医] 肢端变硬, 肢端硬化病",,,,,0,0,,,
acroscopic,",ækrә'skɔpik",a facing or on the side toward the apex,上侧的,,,,,0,0,,,
acrose,,,[化] 吖糖; 阿柯糖; 合成果糖\n[医] 阿柯糖,,,,,0,0,,,
acrosin,'ækrәsin,,"n. [生化]精子酵素, 精子头粒蛋白",,,,,0,0,,,
acrosite,,,[化] 硫锑银矿,,,,,0,0,,,
acrosomal,,, [医]顶体的,,,,,0,0,,,
acrosome,,n a process at the anterior end of a sperm cell that produces enzymes to facilitate penetration of the egg,[医] 顶体(精子),,,,,0,0,,,
acrosphacelus,,,[医] 指(趾)坏疸,,,,,0,0,,,
acrosphenosyndactylia,,,[医] 尖头并指(趾)[畸形],,,,,0,0,,,
acrospire,'ækrәspaiә(r),n. The sprout at the end of a seed when it begins to\n   germinate; the plumule in germination; -- so called from its spiral\n   form.\nv. i. To put forth the first sprout.,"n. (萌发种子最先生出的)旋状幼芽, 幼根",,,,,0,0,,,
acrospore,,n. A spore borne at the extremity of the cells of\n   fructification in fungi.,[医] 顶[端]孢子,,,,,0,0,,,
acrosporous,",ækrə'spɔ:rəs",a. Having acrospores.,a. acrospore的变形,,,,,0,0,,,
across,ә'krɒs,r. to the opposite side\nr. transversely,"prep. 越过, 穿过, 与...相交叉, 在...的对面\nadv. 交叉, 到另一边, 在对面, 成十字",,5,1,zk gk,448,377,,,
across country,,,adv. 越过田野,,,,,0,0,,,
across cutting,,,[机] 横向切割,,,,,0,0,,,
across from,,,在...对面,,,,,0,0,,,
across grain,,,[化] 横行纤维,,,,,0,0,,,
across grain of wood,,,[化] 木头的横行纤维,,,,,0,0,,,
across tape,,,[计] 交叉磁带,,,,,0,0,,,
across the board,,,"全面地, 包括所有人在内",,,,,0,0,,,
across the board cut,,,[经] 全面削减,,,,,0,0,,,
across the border,,,穿过边界,,,,,0,0,,,
across the country,,,全国各地,,,,,0,0,,,
across the land,,,全国各地,,,,,0,0,,,
across the nation,,,全国,,,,,0,0,,,
across the tracks,,,在贫民区,,,,,0,0,,,
across worksheets,,,[计] 至同组工作表,,,,,0,0,,,
across-the-board,ә'krɔsðә'bɔ:d,s. broad in scope or content,"a. 全面的, 在固定时间内播送的\nadv. 全面地",,,,,0,0,,,
across-the-board rule,,,[计] 全域规则,,,,,0,0,,,
across-the-border,,,越过边境,,,,,0,0,,,
across-the-street,,,在街对面,,,,,0,0,,,
acrostealgia,",ækrɔsti'ældʒiә",,肢骨痛,,,,,0,0,,,
acrosternite,",ækrә'stә:nait",,[动]端腹片,,,,,0,0,,,
acrostic,ә'krɒstik,n. verse in which certain letters such as the first in each line form a word or message,n. 离合诗\na. 离合诗的,,,,,0,0,s:acrostics,,
acrostically,,adv. After the manner of an acrostic.,adv. acrostic的变形,,,,,0,0,,,
Acrostichum,,n in some classification systems placed in family Polypodiaceae,[医] ǎ蕨属(金蕨属),,,,,0,0,,,
Acrostichum aureum,,,[网络] 卤蕨；有卤蕨；鬯蕨,,,,,0,0,,,
acrostics,ə'krɒstɪk,n. a puzzle where you fill a square grid with words reading the same down as across\nn. verse in which certain letters such as the first in each line form a word or message,n. 离合诗\na. 离合诗的,,,,,0,0,0:acrostic/1:s,,
acrosyl,,,[医] 煤酚皂溶液,,,,,0,0,,,
acrotarsium,",ækrә'tɑ:siәm",n. The instep or front of the tarsus.,"跗, 足背",,,,,0,0,,,
acroteben,,,[化] 羟苄异烟腙,,,,,0,0,,,
acroter,",ækrә'tiә",n. Same as Acroterium.,山尖形装饰(用于大钟),,,,,0,0,,,
acrotergal,",ækrәu'tә:^әl",,端背片的,,,,,0,0,,,
acroteria,",ækrә'ti:riә",pl.  of Acroterium,[希]建筑物顶部雕塑像的底座,,,,,0,0,,,
acroterial,",əkrəu'tiəriəl","a. Pertaining to an acroterium; as, acroterial ornaments.",a. acroter的变形,,,,,0,0,,,
acroteric,,,"[医] 末梢的, 周围的",,,,,0,0,,,
acroterion,",ækrә'tiәriәn",,"雕像柱脚, 门[窗]梁饰物台座",,,,,0,0,,,
acroterium,",ækrә'tiәriәm","n. One of the small pedestals, for statues or other\n   ornaments, placed on the apex and at the basal angles of a pediment.\n   Acroteria are also sometimes placed upon the gables in Gothic\n   architecture.\nn. One of the pedestals, for vases or statues, forming a\n   part roof balustrade.",雕塑像基座上装饰性人像或抽象图案,,,,,0,0,,,
Acrotheca pedrosoi,,,[医] 佩德罗索氏产色芽生菌,,,,,0,0,,,
Acrothesium floccosum,,,[医] 絮状表皮癣菌,,,,,0,0,,,
Acrothoracica,,,尖胸目,,,,,0,0,,,
acrothymion,,,[医] 尖疣,,,,,0,0,,,
acrotic,,a. Pertaining to or affecting the surface.,[医] 无脉的; 表面性的,,,,,0,0,,,
acrotism,,n. Lack or defect of pulsation.,"[医] 无脉, 脉捕微茫",,,,,0,0,,,
Acrotretacea,,,顶孔贝科,,,,,0,0,,,
Acrotretida,,,顶孔目,,,,,0,0,,,
Acrotretidina,,,顶孔亚目,,,,,0,0,,,
acrotrophic,,,端滋的,,,,,0,0,,,
acrotrophodynia,,,[医] 营养性肢痛症,,,,,0,0,,,
acrotrophoneurosis,,,[医] 肢营养神经病,,,,,0,0,,,
acrox,,,高风化氧化土,,,,,0,0,,,
acroxerosis,,,[医] 肢端干燥,,,,,0,0,,,
Acrux,'ækrʌks,,n. [天]南十字星座中的一个星,,,,,0,0,,,
acryl,'ækril,,n. 压克力,,,,,0,0,,,
acryl glass,,,[化] 丙烯酸酯类有机玻璃,,,,,0,0,,,
acryl resin,,,[机] 压克力树脂,,,,,0,0,,,
acryladehyde,,,[机] 丙烯醛,,,,,0,0,,,
Acrylaglas,,,玻璃纤维增强聚丙烯酸系塑料,,,,,0,0,,,
acrylaldehyde,",ækri'lældәhaid",,丙烯醛,,,,,0,0,,,
acrylamide,ə'krɪləmaɪd,n. a white crystalline amide of propenoic acid can damage the nervous system and is carcinogenic in laboratory animals,n. [有化] 丙烯酰胺,,,,,0,0,,,
acrylamide copolymer,,,[建] 丙烯酰氨共聚物,,,,,0,0,,,
acrylamidine,,,[化] 丙烯脒,,,,,0,0,,,
acrylate,'ækrileit,n a salt or ester of propenoic acid,"n. 丙烯酸盐, 丙烯酸树脂\n[化] 丙烯酸酯(或盐)",,,,,0,0,s:acrylates,,
acrylate adhesive,,,[化] 丙烯酸酯胶粘剂,,,,,0,0,,,
acrylate adhesives,,,[化] 丙烯酸酯胶粘剂,,,,,0,0,,,
acrylate resin,,,[化] 丙烯酸酯树脂,,,,,0,0,,,
acrylate-butadiene rubber,,,[化] 丙烯酸丁二烯橡胶,,,,,0,0,,,
acrylates,,-s form of acrylate\nn a salt or ester of propenoic acid,"(acrylate 的第三人称 -s形式) n. 丙烯酸盐, 丙烯酸树脂\n[化] 丙烯酸酯(或盐)",,,,,0,0,0:acrylate/1:s,,
acrylic,ә'krilik,n. a glassy thermoplastic; can be cast and molded or used in coatings and adhesives\nn. used especially by artists\nn. a synthetic fabric,a. 丙烯酸的\n[医] 丙烯酸的,,1,,,17159,12775,s:acrylics,,
acrylic abutment,,,[医] 丙烯酸脂桥基,,,,,0,0,,,
acrylic acid,,,[化] 丙烯酸(CH-2:CHCOOH)\n[医] 丙烯酸,,,,,0,0,,,
acrylic acid series,,,[机] 丙烯酸系,,,,,0,0,,,
acrylic aldehyde,,,[化] 丙烯醛\n[医] 丙烯醛,,,,,0,0,,,
acrylic amide,,,[化] 丙烯酰胺,,,,,0,0,,,
acrylic anhydride,,,[化] 丙烯酐; 丙烯酸酐,,,,,0,0,,,
acrylic crown,,,[医] 丙烯酸脂冠,,,,,0,0,,,
acrylic denture,,,[医] 丙烯酸脂托牙,,,,,0,0,,,
acrylic ester,,,[化] 丙烯酸酯,,,,,0,0,,,
acrylic fiber,əˈkrɪlɪk ˈfaibə,,n. 丙烯酸纤维,,,,,0,0,,,
acrylic fibre,,,[化] 聚丙烯腈纤维; 聚丙烯腈系纤维,,,,,0,0,,,
acrylic filling,,,[医] 丙烯酸酯充填,,,,,0,0,,,
acrylic inlay,,,[医] 丙烯酸脂嵌体,,,,,0,0,,,
acrylic lens,,,[医] 丙稀透镜,,,,,0,0,,,
acrylic mold,,,[医] 塑胶模,,,,,0,0,,,
acrylic paint,əˈkrɪlɪk peint,, 丙烯酸漆,,,,,0,0,,,
acrylic polymer,,,[化] 丙烯酸类聚合物; 丙烯酸酯类聚合物\n[医] 丙烯酸脂聚合物,,,,,0,0,,,
acrylic pontic,,,[医] 丙烯酸脂桥体,,,,,0,0,,,
acrylic powder,,,[医] 丙烯酸脂粉,,,,,0,0,,,
acrylic resin,,,[化] 丙烯酸树脂; 丙烯酸酯类树脂,,,,,0,0,,,
acrylic resin adhesive,,,[化] 丙烯酸树脂胶粘剂,,,,,0,0,,,
acrylic resin coating finish,,,[化] 丙烯酸树脂涂饰剂,,,,,0,0,,,
acrylic resin crown,,,[医] 丙烯酸脂塑胶冠,,,,,0,0,,,
acrylic resin emulsion,,,[化] 丙烯酸树脂乳液,,,,,0,0,,,
acrylic resin filler CWJ5-2,,,[化] 丙烯酸树脂填充剂CWJ5-2,,,,,0,0,,,
acrylic resin filling,,,[医] 丙烯酸酯塑胶充填,,,,,0,0,,,
acrylic resin paint,,,[化] 丙烯酸树脂漆,,,,,0,0,,,
acrylic resins,,,[医] 丙烯酸树脂,,,,,0,0,,,
acrylic splint,,,[医] 丙烯酸脂夹,,,,,0,0,,,
acrylic veneer crown,,,[医] 丙烯酸酯罩冠,,,,,0,0,,,
acrylics,ә'kriliks,n polymerized from acrylonitrile\nn a glassy thermoplastic; can be cast and molded or used in coatings and adhesives\nn used especially by artists\nn a synthetic fabric,丙烯酸树脂,,,,,0,0,0:acrylic/1:s,,
Acrylite,ә'krilait,,聚丙烯酸酯塑料,,,,,0,0,,,
acryloid,"'ækrә,lɔid",,[机] 丙烯酸剂,,,,,0,0,,,
acrylonitril butadiene styrene resin,,,[建] 丙烯-丁二烯-苯乙烯树脂,,,,,0,0,,,
acrylonitrile,",ækrәlәu'naitril",n a colorless liquid unsaturated nitrile made from propene,n. [化]丙烯腈,,,,,0,0,,,
acrylonitrile copolymer,,,[建] 丙烯锕共聚物,,,,,0,0,,,
acrylonitrile-acrylic ester-styrene resin,,,[化] AAS树脂,,,,,0,0,,,
acrylonitrile-butadiene rubber,,,[化] 丁腈橡胶,,,,,0,0,,,
acrylonitrile-butadiene-styrene,eɪk'rɪləni:traɪlbj'u:tədɪənst'aɪəi:n,, 丙烯腈丁二烯苯乙烯聚合物,,,,,0,0,,,
acrylonitrile-styrene copolymer,,,[化] 丙烯腈-苯乙烯共聚物,,,,,0,0,,,
acrylonitrilestyrene resin,,,[化] 丙烯腈-苯乙烯树脂,,,,,0,0,,,
acrylophenone,,,[化] 丙烯酰苯; 苯丙烯酮,,,,,0,0,,,
acryloyl,,,[化] 丙烯酰基,,,,,0,0,,,
acryloyl chloride,,,[化] 丙烯酰氯,,,,,0,0,,,
acrylyl,,,[化] 丙烯酰基,,,,,0,0,,,
ACS,,n a radioactive element of the actinide series; found in uranium ores\nn an electric current that reverses direction sinusoidally,"[计] 高级通信服务, 先进密码系统, 汇编管理系统, 自动控制系统\n[医] 阳极通电声",,,,,0,0,0:ac/1:s,,
ACS Serum,,,[医] 抗网织细胞毒血清,,,,,0,0,,,
ACSE,,,联系控制服务元素,,,,,0,0,,,
acsi,,,"abbr. Automotive Cooling Systems Institute 美国冷却系协会; American Consumer Satisfaction Index 美国消费者满意度指数; Advanced Chemical System International, Inc. <美国>国际高级化学系统公司; Assistant Chief of Staff for Intelligence 情报部门助理主管",,,,,0,0,,,
Acsin,,,反正弦函数,,,,,0,0,,,
ACSL,,,[计] 高级连续仿真语言,,,,,0,0,,,
acsm,,,abbr. acoustic support measure(s) 隔音措施; advanced conventional stand-off missile 高级常规反舰导弹,,,,,0,0,,,
acsulalion,,,[医] 聋哑者习语器,,,,,0,0,,,
acsw,,,abbr. Academy of Certified Social Workers 社会工作者学会,,,,,0,0,,,
act,ækt,n. a legal document codifying the result of deliberations of a committee or society or legislative body\nn. something that people do or cause to happen\nn. a subdivision of a play or opera or ballet\nn. a short theatrical performance that is part of a longer program,"n. 行动, 行为, 幕, 法案\nvi. 行动, 表演, 假装, 见效, 表现, 担当\nvt. 扮演, 装作\n[计] 先进通信技术, 先进计算机工艺, 自动代码翻译技术",,5,1,zk gk cet4 ky,371,837,i:acting/s:acts/p:acted/d:acted/3:acts,,
act a lie,,,用行动骗人,,,,,0,0,,,
act a part,,,"扮演一个角色, 装腔作势",,,,,0,0,,,
act according to,,,根据…行事,,,,,0,0,,,
act according to circumstances,,,随机应变,,,,,0,0,,,
act against,,,违反\n[法] 违反,,,,,0,0,,,
act against duty,,,[法] 违反义务行为,,,,,0,0,,,
act and deed,,,"有法律效力的契据\n[法] 日后证据, 证据物品",,,,,0,0,,,
act as,ækt æz,," 担当…, 起…的作用; 充; 充当; 为",,,,,0,0,,,
act as a brake on,,,对…起阻碍作用,,,,,0,0,,,
act as agent,,,[法] 代理,,,,,0,0,,,
act as an assessor,,,"[法] 陪审, 作陪审员",,,,,0,0,,,
act as bail,,,[法] 作保释人,,,,,0,0,,,
act during the vacancy,,,"顶缺,补缺",,,,,0,0,,,
act fair and square,,,做事正大光明,,,,,0,0,,,
act for,,,代理,,,,,0,0,,,
act from impulse,,,凭冲动办事,,,,,0,0,,,
act from impulses,,,凭一时冲动办事,,,,,0,0,,,
act from jealousy,,,出于嫉妒的行动,,,,,0,0,,,
act from principle,,,"按原则办事,根据原则行事",,,,,0,0,,,
act hand in hand,,,联合行动,,,,,0,0,,,
act in collusion,,,[法] 相互勾结,,,,,0,0,,,
act in concert with,,,与…行动一致,,,,,0,0,,,
act in excess of authority,,,[法] 越权行为,,,,,0,0,,,
act in law,,,[法] 法律上的行为,,,,,0,0,,,
act in pais,,,"[法] 法院外的行为, 和解行为",,,,,0,0,,,
act in the teeth of all advice,,,自行其是,,,,,0,0,,,
act in violation of regulations,,,[法] 违法行为,,,,,0,0,,,
act inter vives,,,[法] 生前行为,,,,,0,0,,,
act involuntarily,,,[网络] 不由自主地行事,,,,,0,0,,,
act mortis causa,,,[法] 死因行为,,,,,0,0,,,
act of accepting bribe,,,[法] 受贿行为,,,,,0,0,,,
act of accession,,,[经] 参与他人已订合同的行为,,,,,0,0,,,
act of arbitration,,,"[经] 仲裁条例, 仲裁法",,,,,0,0,,,
act of attainder,,,[法] 剥夺公权法令,,,,,0,0,,,
act of authorization,,,[法] 授权行为,,,,,0,0,,,
act of bankruptcy,,,"[经] 破产法, 破产行为",,,,,0,0,,,
act of commission,,,"[法] 委任行为, 委托行为, 作为",,,,,0,0,,,
act of company,,,"[经] 公司法, 公司条例",,,,,0,0,,,
act of concealment,,,"[法] 隐匿事实, 藏匿行为",,,,,0,0,,,
act of congress,,,[法] 国会法,,,,,0,0,,,
act of connivance,,,[法] 容忍行为,,,,,0,0,,,
act of consideration,,,[法] 要因行为,,,,,0,0,,,
act of contravention,,,[经] 违反(犯),,,,,0,0,,,
act of defence,,,"[法] 防卫行为, 防卫行为",,,,,0,0,,,
act of disintegration,,,"[医] 蜕变动作, 蜕变作用",,,,,0,0,,,
act of disposition,,,[法] 处分行为,,,,,0,0,,,
act of embezzlement,,,"[法] 侵占行为, 挪用行为",,,,,0,0,,,
act of exceution,,,[法] 执行行为,,,,,0,0,,,
act of force,,,"[法] 武力行为, 暴力行为",,,,,0,0,,,
act of god,,,"[经] 天灾, 不可抗力",,,,,0,0,,,
act of government,,,"[法] 政府行为, 政府法令",,,,,0,0,,,
act of grace,,,"[法] 恩赦行为, 大赦, 特赦",,,,,0,0,,,
act of honour,,,[经] 承兑,,,,,0,0,,,
act of indecency,,,[法] 猥亵行为,,,,,0,0,,,
act of indemnity,,,"[法] 特赦行为, 赔偿法, 免罪法",,,,,0,0,,,
act of insolvency,,,[法] 破产法,,,,,0,0,,,
act of law,,,"[经] 法律规则, 法律行为",,,,,0,0,,,
act of life-time,,,[法] 生前行为,,,,,0,0,,,
act of nonperformance,,,[法] 不履行债务行为,,,,,0,0,,,
act of notary public,,,[法] 公证行为,,,,,0,0,,,
act of omission,,,[法] 作为或不作为,,,,,0,0,,,
act of ommission,,,"[法] 懈怠行为, 消极行为, 不作为",,,,,0,0,,,
act of parliament,,,"[法] 法令, 国会法律",,,,,0,0,,,
act of party,,,[法] 当事人的行为,,,,,0,0,,,
act of piracy,,,[法] 海盗行为,,,,,0,0,,,
act of private right,,,[法] 私权行为,,,,,0,0,,,
act of procedure,,,[法] 诉讼行为,,,,,0,0,,,
act of public enemy,,,[法] 公敌行为,,,,,0,0,,,
act of rape,,,[法] 强奸行为,,,,,0,0,,,
act of ratification and acknowledgement,,,[法] 承认和批准行为,,,,,0,0,,,
act of rescue,,,"[法] 救护行为, 紧急避难",,,,,0,0,,,
act of self,,,"[法] 自助行为, 自力救济行为",,,,,0,0,,,
act of self-defence,,,"[法] 自卫行为, 正当防卫行为",,,,,0,0,,,
act of settlement,,,[法] 王位继承法,,,,,0,0,,,
act of state,,,"[法] 国家行为, 治理行为",,,,,0,0,,,
act of supremacy,,,[法] 最高权力法令,,,,,0,0,,,
act of swindling,,,[法] 欺骗行为,,,,,0,0,,,
act of terrorism,,,[法] 恐布行为,,,,,0,0,,,
act of the seller,,,[经] 卖方的行为,,,,,0,0,,,
act of theft,,,[法] 盗窃行为,,,,,0,0,,,
act of tort,,,[经] 侵权行为,,,,,0,0,,,
act of unfair competition,,,[法] 不公平竞争行为,,,,,0,0,,,
act of uniformity,,,[法] 统一礼仪法,,,,,0,0,,,
act of unlawful interference,,,[法] 不法干扰行为,,,,,0,0,,,
act of usury,,,[法] 暴利行为,,,,,0,0,,,
act of violence,,,[法] 暴力行为,,,,,0,0,,,
act of war,,,[法] 战争行为,,,,,0,0,,,
act on,,,"按...行动, 作用于\n[机] 作用于",,,,,0,0,,,
act on instinct,,,凭直觉行动,,,,,0,0,,,
act on the instructions,,,奉命行事,,,,,0,0,,,
act on the offensive,,,"採取攻势,进攻",,,,,0,0,,,
act on the square to,,,以诚相待…,,,,,0,0,,,
act one's age,,,举止与年龄相称\n[法] 从事适龄行为,,,,,0,0,,,
act out,,,"将...表演出来, 将...付诸行动",,,,,0,0,,,
act out of pity,,,出于同情行事,,,,,0,0,,,
act recklessly,,,[法] 轻率行事,,,,,0,0,,,
act reflexively,,,[网络] 反身行事,,,,,0,0,,,
act superior,,,[网络] 行为优越,,,,,0,0,,,
act the agent of,,,担任…的代理人,,,,,0,0,,,
act the ape,,,"学样,模仿,仿效",,,,,0,0,,,
act the ass,,,"做傻事,出洋相",,,,,0,0,,,
act the fool,,,"装疯卖傻,胡闹",,,,,0,0,,,
act the giddy goat,,,胡闹,,,,,0,0,,,
act the goat,,,"做蠢事,胡闹",,,,,0,0,,,
act the part of,,,"扮演…的角色,具有…功能",,,,,0,0,,,
act ultra vires,,,"[法] 滥用权力, 作出违法的决定",,,,,0,0,,,
act under coercion,,,"[法] 强制执行, 被迫行为",,,,,0,0,,,
act up,,,"运作不正常, 调皮",,,,,0,0,,,
act up to,,,"按...办事, 实践",,,,,0,0,,,
act up to an agreement,,,履行协议,,,,,0,0,,,
act up to one's opinions,,,照自己主意行事,,,,,0,0,,,
act upon,ækt əˈpɔn,," 对…起作用[有功效]; 奉行, 按照…而行动; 照办",,,,,0,0,,,
act well,,,"效果好,有效",,,,,0,0,,,
act with advice,,,谨慎行事,,,,,0,0,,,
act with discretion,,,谨慎行事,,,,,0,0,,,
act without compensation,,,[法] 无补偿行为,,,,,0,0,,,
act without consideration,,,[法] 无因行为,,,,,0,0,,,
act without its material cause,,,[法] 不要因行为,,,,,0,0,,,
act without responsibility,,,[法] 无责任行为,,,,,0,0,,,
Act-Al,,,[化] 聚羟铝单碳酸钠己糖醇,,,,,0,0,,,
act-up,,,调皮；运作不正常；出毛病,,,,,0,0,,,
acta,,,abbr. 学报；反假冒贸易协议（Anti-Counterfeiting Trade Agreement）；促皮质素\nn. (Acta)人名；(法)阿克塔,,,,,0,0,,,
Acta Sanctorum,'ɑ:ktɑ: sɑ:ŋk'tәurәm,,[拉][宗]圣 徒行传(圣徒和殉教言行录集),,,,,0,0,,,
actability,",æktə'biliti",,n. actable的变形,,,,,0,0,,,
actable,'æktәbl,a. capable of being acted; suitable for the stage,"a. 能演出的, 能实行的",,,,,0,0,,,
Actaea,,n baneberry,[医] 类叶升麻属,,,,,0,0,,,
Actaea alba,,,[医] 白果类叶升麻,,,,,0,0,,,
Actaea arguta,,,[医] 锐齿类叶升麻,,,,,0,0,,,
Actaea odorata,,,[医] 芳香类叶升麻,,,,,0,0,,,
Actaea racemosa,,,[医] 美类叶升麻,,,,,0,0,,,
Actaea richardsoni,,,[医] 理查逊类叶升麻,,,,,0,0,,,
Actaea rubra,,,[医] 红果类叶升麻,,,,,0,0,,,
Actaea spicata,,,[医] 类叶升麻,,,,,0,0,,,
Actaeon,æk'ti:әn,,n. [希神]亚克托安,,,,,0,0,,,
Actaletidae,,,滨跳虫科,,,,,0,0,,,
actamer,'æktәmә,,"阿克他贸(硫二酚制剂, 为高级杀菌剂, 有灭杀血吸虫尾蚴的功用)",,,,,0,0,,,
actant,,,行为体\n主价语,,,,,0,0,,,
actaplanin,,,[化] 阿克他宁; 阿克他菌素,,,,,0,0,,,
actargil,,,"[医] 氯普马嗪, 氯丙嗪",,,,,0,0,,,
actas,,,abbr. 学报；反假冒贸易协议（Anti-Counterfeiting Trade Agreement）；促皮质素\nn. (Acta)人名；(法)阿克塔,,,,,0,0,,,
ACTe,,,[医] 阳极通电强直,,,,,0,0,s:actes,,
acted,,imp. & p. p. of Act,v. 行动（act的过去分词）；行使…职能；扮演角色,,,,,0,0,0:act/1:pd/d:acted,,
Actellic,æk'telik,,虫螨磷,,,,,0,0,,,
acter,,, [医]Active Filter,,,,,0,0,,,
acterol,ækti'rɔl,,一种照射的麦角甾醇,,,,,0,0,,,
Actes,,plural of ACTe,(ACTe 的复数) [医] 阳极通电强直,,,,,0,0,0:acte/1:s,,
actfl,,,abbr. American Council on the Teaching of Foreign Languages 美国外语教学委员会,,,,,0,0,,,
actg,,,abbr. accounting 会计; 会计学; acting 代理的; 起作用的,,,,,0,0,,,
ACTH,,n a hormone produced by the anterior pituitary gland that stimulates the adrenal cortex,"[化] 促肾上腺皮质激素\n[医] 促肾上腺皮质激素, 促皮质素",,,,,0,0,,,
acth-like structure,,,[建] 促肾皮素状结构,,,,,0,0,,,
acthar,,,[医] 阿克撒(从猪脑垂体中制得的一种促肾上腺皮质素),,,,,0,0,,,
acthoxide,,,安痨息,,,,,0,0,,,
acti,,,abbr. 安利中国人才培训机构（Amway China Training Institute）,,,,,0,0,,,
Actias,,,[网络] 长尾水青蛾属；阿克提蚕蛾；尾蚕蛾属,,,,,0,0,,,
Actias luna,,,[网络] 月形天蚕蛾；月天蚕,,,,,0,0,,,
actic,'æktik,,"潮区(的), 大陆架边缘区(的)",,,,,0,0,,,
acticarbon,",æktikɑ:bәn",,活性炭(吸附剂),,,,,0,0,,,
Actidione,'ækti'daiәun,,放线菌酮,,,,,0,0,,,
actiduin,",ækti'dju:in",,放线重菌素,,,,,0,0,,,
Actifed,,,[网络] 药名；曲普利啶,,,,,0,0,,,
actification,",æktifi'keiʃәn",,再生[复活]作用,,,,,0,0,,,
actified solution,,,[机] 再生溶液,,,,,0,0,,,
actifier,'æktifaiә,,再生器,,,,,0,0,,,
actifier column,,,[化] 再生器; 再生塔,,,,,0,0,,,
actiflcation,,,"[机] 再生作用, 复活作用",,,,,0,0,,,
actigraph,'ækti^rɑ:f,,n. (物质、有机体等的)活动变化记录仪,,,,,0,0,,,
actiline,,,[化] 新霉素B,,,,,0,0,,,
actin,'æktin,n. one of the proteins into which actomyosin can be split; can exist in either a globular or a fibrous form,n. 肌动蛋白\n[化] 肌动蛋白,,,,,30531,28785,,,
actin-,'æktɪn,," [医]放射, 射线, 放线, 光线",,,,,0,0,,,
actinal,'æktinәl,a (of radiate organisms) located on the surface or end on which the mouth is situated,"a. 有触手的, 口侧的",,,,,0,0,,,
Actinaria,,,n. 肉珊瑚目,,,,,0,0,,,
actinate,'æktineit,,肌动蛋白化物,,,,,0,0,,,
actinenchyma,",ækti'neŋkәmә",,"星状组织, 放射状组织",,,,,0,0,,,
actinerythrin,,,赤海葵红素,,,,,0,0,,,
acting,'æktiŋ,n. the performance of a part or role in a drama\ns. serving temporarily especially as a substitute,"n. 演戏, 装腔作势\na. 代理的, 演出用的, 起作用的",,2,,toefl,8764,8387,0:act/1:i/i:acting/s:actings,,
acting agent,,,[法] 临时代理人,,,,,0,0,,,
acting assistant surgeon,,,[医] 代理外科助理医师,,,,,0,0,,,
acting complainant,,,[法] 代行告诉人,,,,,0,0,,,
acting consul,,,[经] 代理领事,,,,,0,0,,,
acting contrary to declaration,,,[法] 违反明文规定的行为,,,,,0,0,,,
acting crowd,,,"[法] 聚集, 结伙",,,,,0,0,,,
acting face,,,[机] 作用面,,,,,0,0,,,
acting flank,,,[机] 作用齿腹,,,,,0,0,,,
acting force,,,[化] 作用力,,,,,0,0,,,
acting in good faith,,,[法] 善意行为,,,,,0,0,,,
acting load,,,[化] 加载,,,,,0,0,,,
acting manager,,,[经] 代理经理,,,,,0,0,,,
acting out,ˈæktɪŋ aut,, 行,,,,,0,0,,,
acting pitch circle,,,"[机] 作用节圆, 齿轮",,,,,0,0,,,
acting prosecutor,,,[法] 代理检察官,,,,,0,0,,,
acting reed width,,,[机] 作用簧宽度,,,,,0,0,,,
acting-out,,,付诸行动,,,,,0,0,,,
actings,,plural of acting\nn. the performance of a part or role in a drama\ns. serving temporarily especially as a substitute,"(acting 的复数) n. 演戏, 装腔作势\na. 代理的, 演出用的, 起作用的",,,,,0,0,0:acting/1:s,,
actinia,æk'tiniә,n. a genus of sea anemone common in rock pools\nn. any sea anemone or related animal,n. 海葵,,,,,0,0,,,
actiniae,æk'tinii:,pl.  of Actinia,n. 海葵,,,,,0,0,,,
actinian,æk'tiniәn,n any sea anemone or related animal,"a. 海葵的,似海葵的",,,,,0,0,s:actinians,,
actinians,,plural of actinian\nn any sea anemone or related animal,"(actinian 的复数) adj.海葵的,似海葵的",,,,,0,0,0:actinian/1:s,,
Actiniaria,,n. sea anemones,海葵目,,,,,0,0,,,
actinias,æk'tɪnɪə,pl.  of Actinia,"n. 海葵, 海葵属",,,,,0,0,,,
actiniasterol,,,[化] 海葵甾醇,,,,,0,0,,,
actinic,æk'tinik,a. relating to or exhibiting actinism,a. 光化的\n[医] 光化性的,,,,,0,40852,,,
actinic cheilitis,,,[医] 光化性唇炎,,,,,0,0,,,
actinic chemistry,,,[医] 光化学,,,,,0,0,,,
actinic conjunctivitis,,,[医] 光化性结膜炎,,,,,0,0,,,
actinic dermatitis,ækˈtinik ˌdə:məˈtaitis,, 光化性皮炎，光激性皮炎,,,,,0,0,,,
actinic glass,,,[化] 闪光玻璃,,,,,0,0,,,
actinic keratitis,,,[医] 光化性角膜炎,,,,,0,0,,,
actinic keratosis,ækˈtinik ˌkerəˈtəusis,, 光线性角化病,,,,,0,0,,,
actinic light,,,[计] 光化光\n[医] 光化性光,,,,,0,0,,,
actinic radiation,ækˈtinik ˌreidiˈeiʃən,, 光化辐射,,,,,0,0,,,
actinic ray,,,[医] 光化射线,,,,,0,0,,,
actinic ray ophthalmia,,,[医] 光化性眼炎,,,,,0,0,,,
actinic rayls,,,[机] 光化射线,,,,,0,0,,,
actinic retinitis,,,[医] 光化性视网膜炎,,,,,0,0,,,
actinically,,,adv. 光化(actinic的变形),,,,,0,0,,,
actinicity,ækti'nisiti,,n. 光化性,,,,,0,0,,,
actinide,'æktinaid,n any of a series of radioactive elements with atomic numbers 89 through 103,n. [化]锕类,,,,,0,0,s:actinides,,
actinide chalcogenide,,,[化] 锕系元素硫族元素化合物,,,,,0,0,,,
actinide chloride,,,[化] 锕系元素氯化物,,,,,0,0,,,
actinide contraction,,,[化] 锕系收缩,,,,,0,0,,,
actinide elements,,,[化] 锕系元素,,,,,0,0,,,
actinide halide,,,[化] 锕系元素卤化物,,,,,0,0,,,
actinide metallide,,,[化] 锕系元素金属化物,,,,,0,0,,,
actinide oxometallate,,,[化] 锕系元素的金属含氧酸盐,,,,,0,0,,,
actinide series,,,[机] 锕系元素,,,,,0,0,,,
actinide sesquioxide,,,[化] 三氧化二锕系元素,,,,,0,0,,,
actinide-lanthanide separation,,,[化] 锕系-镧系元素分离; 锕系-镧系元素互分离,,,,,0,0,,,
actinides,'æktinaidz,n any of a series of radioactive elements with atomic numbers 89 through 103,"[pl.] 锕类, 锕系元素, 锕化物",,,,,0,0,0:actinide/1:s,,
actinidia,,n. small Asiatic woody vine bearing many-seeded fruit,猕猴桃,,,,,0,0,,,
Actinidia arguta,,,软枣猕猴桃,,,,,0,0,,,
Actinidia chinensis,,,猕猴桃,,,,,0,0,,,
Actinidia deliciosa,,,[网络] 美味猕猴桃；美味奇异果；活性白土,,,,,0,0,,,
Actinidia kolomikta,,,"[医] 深山木天蓼, 狗枣猕猴桃",,,,,0,0,,,
Actinidia Lindl.,,,[医] 猕猴桃属,,,,,0,0,,,
Actinidia polygama,,,[医] 木天蓼,,,,,0,0,,,
Actinidia rufa,,,[医] 褐枝猕猴桃,,,,,0,0,,,
Actinidia sinensis Planch.,,,[医] 猕猴桃(杨桃),,,,,0,0,,,
Actinidiaceae,",æktə,nidi'eisii:",,n. [植] 猕猴桃科,,,,,0,0,,,
actinidine,",ækti'nidain",,猕猴桃碱,,,,,0,0,,,
actiniform,"'æktini,fɔ:m","a. Having a radiated form, like a sea anemone.",a. [动]放射形的,,,,,0,0,,,
actinin,'æktinin,,n. [生化]辅肌动蛋白,,,,,0,0,,,
actinine,'æktini:n,,辅肌动蛋白,,,,,0,0,,,
actinio hematin,,,[化] 海葵血红蛋白,,,,,0,0,,,
actiniochrome,"æk'tiniә,krәum",,珊瑚虫色,,,,,0,0,,,
actiniohematin,,,[医] 海葵羟基血红素,,,,,0,0,,,
Actiniopteris,,,[网络] 凤尾蕨属,,,,,0,0,,,
actinism,'æktinizm,n. the property of radiation that enables it to produce photochemical effects,"n. 光化性, 光化作用\n[化] 射线化学",,,,,0,0,,,
actinitis,,,[医] 痤疮疹(一种结核疹),,,,,0,0,,,
actinity,,,[电] 光化度,,,,,0,0,,,
actinium,æk'tiniәm,n. a radioactive element of the actinide series; found in uranium ores,n. 锕\n[化] 锕Ac,,,,,0,0,,,
actinium emanation,,,[医] 锕射气,,,,,0,0,,,
actinium series,,,[化] 锕系(指89~103号元素),,,,,0,0,,,
actinium tricyclopentadienide,,,[化] 三茂锕,,,,,0,0,,,
actinium X,,,[医] 锕X,,,,,0,0,,,
actino-,,,"[医] 放线, 放射",,,,,0,0,,,
actino-erythrin,,,[医] 赤海葵红素,,,,,0,0,,,
actinobacillosis,",æktinәu,bæ'si'lәusis",,放线杆菌病,,,,,0,0,,,
Actinobacillus,,,[医] 放线杆菌属,,,,,0,0,,,
Actinobacillus actinoides,,,[医] 类放线杆菌,,,,,0,0,,,
Actinobacillus actinomycetem comitans,,,[医] 放线共生放线杆菌,,,,,0,0,,,
Actinobacillus lignieresi,,,[医] 利尼耶尔氏放线杆菌,,,,,0,0,,,
Actinobifida,,,双歧放线菌属,,,,,0,0,,,
actinobiology,",æktinәubai'ɔlәdʒi",,光化生物学,,,,,0,0,,,
actinoblast,",æktinәutblɑ:st",,[动]辐胞,,,,,0,0,,,
actinobolia,,,"[医] 感应法, 催眠法",,,,,0,0,,,
actinobolin,,,[化] 放线菌光素,,,,,0,0,,,
actinocardiogram,,,[医] 心X线照片,,,,,0,0,,,
actinocarp,",æktinәu'kɑ:p",,[植]辐射果,,,,,0,0,,,
actinocarpous,,,辐射果的,,,,,0,0,,,
Actinoceras,,,珠角石属,,,,,0,0,,,
actinochemistry,",æktinәu'kemistri",,n. 光化学,,,,,0,0,,,
actinochitin,",æktinәu'kaitin",,n. [生化]放线菌壳多糖,,,,,0,0,,,
Actinochitinosi,,,辐几丁质类,,,,,0,0,,,
actinochrysin,",æktinәu'krisin",,放线菌素C,,,,,0,0,,,
actinocinematography,,,[医] X线活动照相术,,,,,0,0,,,
actinocladothrix,,,[医] 牛放线菌,,,,,0,0,,,
Actinococcus,,,[医] 妈卡氏[放线]菌属,,,,,0,0,,,
actinocongestin,",æktinәukәn'dʒestin",,海葵毒(素),,,,,0,0,,,
actinocrinite,",æktinәu'krainait",,辐毛海百合,,,,,0,0,,,
actinocutitis,,,[医] X线皮炎,,,,,0,0,,,
actinocymography,,,"[医] X线记波照相术, X线活动照相术",,,,,0,0,,,
actinocytic,,,环状辐射型,,,,,0,0,,,
actinodaphnine,",æktinәu'dɑ:fni:n",,樟硷,,,,,0,0,,,
actinodermatitis,",æktinәu,dә:mә'taitis",,"n. [医]X光皮炎, 放射皮炎",,,,,0,0,,,
actinodiastase,,,[医] 腔肠淀粉酶,,,,,0,0,,,
actinodielectric,"'æktinәu,daii'lektrik",,[电]光敏介电(性)的,,,,,0,0,,,
actinodont,æk'tinәdɔnt,,辐射栉牙,,,,,0,0,,,
actinodrome,æk'tinәdrәum,,具掌状脉,,,,,0,0,,,
actinoelectricity,"'æktinәui,lek'trisiti",,光(化)电,,,,,0,0,,,
actinoerythrin,,,[机] 海葵赤素,,,,,0,0,,,
actinogan,",æktinәu'^æn",,放线菌制癌素,,,,,0,0,,,
actinogen,æk'tinɔdʒen,,"射线质, 放射性物质",,,,,0,0,,,
actinogenesis,",æktinәu'dʒenisis",,射线发生(学),,,,,0,0,,,
actinogenic,",æktinәu'dʒenik",,射线发生的,,,,,0,0,,,
actinogenics,,,[医] 射线[发生]学,,,,,0,0,,,
actinogram,æk'ti'nә^ræm,,n. X光像,,,,,0,0,,,
actinograph,æk'tinәgrɑ:f,n. An instrument for measuring and recording the\n   variations in the actinic or chemical force of rays of light.,n. 曝光表\n[化] 光化力测定器; 日光光化力测定器; 光化线强度记录器,,,,,0,0,,,
actinography,"ækti'nɔ,^rәfi",,"光量测定(法), 光能测定术, 辐射量测定(法), 光化力测定术",,,,,0,0,,,
actinohematin,",æktinә'hemәtin",,海葵正铁血红素,,,,,0,0,,,
actinoid,'æktinɒid,n. any of a series of radioactive elements with atomic numbers 89 through 103\ns. having a radial form,a. 放射线状的\n[化] 锕系元素; 锕系,,,,,0,0,,,
actinoleukin,",æktinә'lju:kin",,放线菌白素,,,,,0,0,,,
actinolite,"æk'tinәu,lait",n a green mineral of the amphibole group; calcium magnesium iron silicate,n. [地]阳起石,,,,,0,0,,,
actinolite rock,,,[机] 阳起石岩,,,,,0,0,,,
actinolitic,"æk,tinə'litik","a. Of the nature of, or containing, actinolite.",a. actinolite的变形,,,,,0,0,,,
actinolitum,,,[医] 阳起石,,,,,0,0,,,
actinology,",ækti'nɔlәdʒi","n. The science which treats of rays of light, especially\n   of the actinic or chemical rays.","n. [物]光(或射线)化学,放射线学",,,,,0,0,,,
actinolysin,",æktinә'laisin",,放线菌溶素,,,,,0,0,,,
actinolyte,æk'tinәulait,,放射治疗器,,,,,0,0,,,
actinomere,æk'tinәmiә,n. One of the radial segments composing the body of one of\n   the Coelenterata.,"放线节, 放射体节",,,,,0,0,,,
actinometer,.ækti'nɒmitә,n. an instrument for measuring the intensity of electromagnetic radiation (usually by the photochemical effect),"n. 光化线强度计, 日射强度表, 曝光计\n[化] 光能测定仪; 露光计; 化学光度计",,,,,0,0,,,
actinometric,",æktinəu'metrik","a. Pertaining to the measurement of the intensity of the\n   solar rays, either (a) heating, or (b) actinic.",a. actinometer的变形,,,,,0,0,,,
actinometrical,",æktinəu'metrikəl",a of or related to actinometry,a. actinometer的变形,,,,,0,0,,,
actinometry,.ækti'nɒmitri,n. measuring the intensity of electromagnetic radiation (especially of the sun's rays),n. 辐射测量学\n[化] 曝光测定; 光能测定学; 光化线强度测定,,,,,0,0,,,
actinomorphic,",æktinәu'mɔ:fik",a capable of division into symmetrical halves by any longitudinal plane passing through the axis,"a. 放射状的, 辐射对称的",,,,,0,0,,,
actinomorphous,",æktinәj'mɔ:fәs",a capable of division into symmetrical halves by any longitudinal plane passing through the axis,"a. (=actinomorphic)放射状的, 幅射量的",,,,,0,0,,,
actinomorphy,æktɪnəʊ'mɔ:fɪ,, 辐射对称,,,,,0,0,,,
actinomycelin,",æktinәu'maisilin",,放线菌丝素,,,,,0,0,,,
actinomyces,",æktinәu'maisi:z",n soil-inhabiting saprophytes and disease-producing plant and animal parasites,[单复同] n.[微]放线菌,,,,,0,0,,,
Actinomyces actinoides,,,"[医] 类放线菌, 类放线杆菌",,,,,0,0,,,
Actinomyces albus,,,[医] 白色放线菌,,,,,0,0,,,
Actinomyces antibioticus,,,"[医] 抗菌素放线菌, 抗菌素链霉菌",,,,,0,0,,,
Actinomyces asteroides,,,[医] 星状放线菌,,,,,0,0,,,
Actinomyces aureus,,,[医] 金黄色放线菌,,,,,0,0,,,
Actinomyces bovis,,,[医] 牛放线菌,,,,,0,0,,,
Actinomyces candidus,,,[医] 闪白放线菌,,,,,0,0,,,
Actinomyces farcinicus,,,[医] 皮疽放线菌,,,,,0,0,,,
Actinomyces flavus,,,[医] 黄色放线菌,,,,,0,0,,,
Actinomyces freeri,,,[医] 弗里尔氏放线菌,,,,,0,0,,,
Actinomyces griseus,,,[医] 灰色放线菌,,,,,0,0,,,
Actinomyces hominis,,,[医] 人放线菌,,,,,0,0,,,
Actinomyces israeli,,,[医] 伊氏放线菌,,,,,0,0,,,
Actinomyces keratolyticus,,,[医] 角层分离性放线菌,,,,,0,0,,,
Actinomyces lavendulae,,,"[医] 淡紫放线菌, 淡紫链坶菌",,,,,0,0,,,
Actinomyces madurae,,,[医] 足肿放线菌,,,,,0,0,,,
Actinomyces minutissimus,,,"[医] 纤小放线菌, 红癣放线菌",,,,,0,0,,,
Actinomyces muris-ratti,,,"[医] 鼠放线菌, 念珠状链杆菌",,,,,0,0,,,
Actinomyces necrophorus,,,"[医] 坏死放线菌, 坏死厌氧丝杆菌",,,,,0,0,,,
Actinomyces pseudonecrophorus,,,[医] 假坏死放线菌,,,,,0,0,,,
Actinomyces roseus,,,"[医] 蔷薇色放线菌, 玫瑰色放线菌",,,,,0,0,,,
Actinomyces ruber,,,[医] 红色放线菌,,,,,0,0,,,
Actinomyces scabies,,,[医] 薯痂放线菌,,,,,0,0,,,
Actinomyces somaliensis,,,[医] 索马里放线菌,,,,,0,0,,,
Actinomycetaceae,,n filamentous anaerobic bacteria,[医] 放线菌科,,,,,0,0,,,
actinomycetal,",æktinəu,mai'si:təl",a of or belonging to the actinomycetes,a. actinomyces的变形,,,,,0,0,,,
Actinomycetales,,n filamentous or rod-shaped bacteria,[医] 放线菌目,,,,,0,0,,,
actinomycete,",æktinәjmai'si:t",n any bacteria (some of which are pathogenic for humans and animals) belonging to the order Actinomycetales,n. 放射菌类,,,,,0,0,s:actinomycetes,,
actinomycetes,,n any bacteria (some of which are pathogenic for humans and animals) belonging to the order Actinomycetales,[化] 放线菌,,,,,0,0,0:actinomycete/1:s,,
actinomycetic,,,[医] 放线菌的,,,,,0,0,,,
actinomycetin,,,[化] 白放线菌素\n[医] 放线菌体素,,,,,0,0,,,
actinomycetin A,,,[医] 白放线菌素A,,,,,0,0,,,
actinomycetous,",æktinəumai'si:təs",a of or belonging to the actinomycetes,a. actinomycete的变形,,,,,0,0,,,
actinomycin,",æktinәu'maisin",n. any of various red antibiotics isolated from soil bacteria,[化] 放线菌素\n[医] 放线菌素,,,,,32238,0,,,
actinomycin a,,,[机] 放线菌素A,,,,,0,0,,,
actinomycin b,,,[机] 放线菌素B,,,,,0,0,,,
actinomycin C,,,[化] 放线菌素C\n[医] 放线菌素C(抗肿瘤药),,,,,0,0,,,
actinomycin D,,,[化] 放线菌素D; 更生霉素\n[医] 放线菌素D(抗肿瘤药),,,,,0,0,,,
actinomycin F-1,,,[化] 放线菌素F-1,,,,,0,0,,,
actinomycin F2,,,[医] 放线菌素F2(抗肿瘤药),,,,,0,0,,,
actinomycin IV,,,"[医] 更生霉素, 放线菌素D, 放线菌素IV",,,,,0,0,,,
actinomycin K,,,[化] 放线菌素K,,,,,0,0,,,
actinomycinic acid,,,[医] 放线菌素酸,,,,,0,0,,,
actinomycoma,,,[医] 放线菌肿,,,,,0,0,,,
actinomycome,,,放线菌块,,,,,0,0,,,
actinomycosis,",æktinәumai'kәusis",n disease of cattle that can be transmitted to humans; results from infection with actinomycetes; characterized by hard swellings that exude pus through long sinuses,n. 放射菌病,,,,,0,0,,,
actinomycosis abdominalis,,,[医] 腹放线菌病,,,,,0,0,,,
actinomycosis cutis,,,[医] 皮肤放线菌病,,,,,0,0,,,
actinomycosis mammaris,,,[医] 乳腺放线菌病,,,,,0,0,,,
actinomycosis pulmonum,,,[医] 肺放线菌病,,,,,0,0,,,
actinomycotic,-mai'kɔtik,a of or related to actinomycosis infection,n. 放射菌病的,,,,,0,0,,,
actinomycotic appendicitis,,,[医] 放线菌性阑尾炎,,,,,0,0,,,
actinomycotic mycetoma,,,[医] 放线菌性足分支菌病,,,,,0,0,,,
actinomysis,,,放线菌病,,,,,0,0,,,
Actinomyxida,,,放射孢子目,,,,,0,0,,,
Actinomyxidia,,n parasites of worms,[医] 放线虫目,,,,,0,0,,,
actinon,'æktinɒn,n any of a series of radioactive elements with atomic numbers 89 through 103,n. 锕射气\n[医] 锕射气,,,,,0,0,,,
actinone,'æktinәun,,"抗酵母抗菌素, 放线菌酮",,,,,0,0,,,
actinonerritis,,,[医] 放射性神经炎,,,,,0,0,,,
actinoneuritis,",ætinәnjuә'raitis",,放射性神经炎,,,,,0,0,,,
actinophage,"æk'tinә,feidʒ",,放线菌噬体,,,,,0,0,,,
actinophor,,,[医] 钍铈混合造影剂,,,,,0,0,,,
actinophore,æk'tinәfɔ:,,"(=pterygophore)肢芽, 翼状软骨突",,,,,0,0,,,
actinophorous,",ækti'nɔfәrәs",a. Having straight projecting spines.,具辐射刺的,,,,,0,0,,,
Actinophryida,,,太阳虫目,,,,,0,0,,,
actinophytosis,",æktinәfai'tәusis",,放线菌病,,,,,0,0,,,
Actinoplanaceae,,,[医] 幅动菌科,,,,,0,0,,,
Actinoplanes,,,[医] 幅动菌属科,,,,,0,0,,,
actinopod,,,[网络] 肌动蛋白,,,,,0,0,,,
Actinopoda,,n heliozoans; radiolarians,[医] 辐管足类,,,,,0,0,,,
Actinopodea,,,辐足纲,,,,,0,0,,,
actinopraxis,",æktinәu'præksis",,放射性物质应用,,,,,0,0,,,
actinopterygian,",ækti,nɔptә'ridʒiәm",,辐鳍亚纲的鱼,,,,,0,0,,,
actinopterygii,",æktə,nɔptə'ridʒii:",,n. 辐鳍鱼纲；辐鳍鱼亚纲；条鳍类；刺鳍目,,,,,0,0,,,
actinopterygium,",ækti,nɔptә'ridʒiәm",,辐鳍,,,,,0,0,,,
actinoquinol,,,[化] 阿克汀喹; 8-乙氧基-5-喹啉磺酸,,,,,0,0,,,
actinorhodine,,,[化] 放线菌紫素\n[医] 放线菌紫素,,,,,0,0,,,
actinorubin,,,[医] 放线菌红素,,,,,0,0,,,
actinoscope,"æk'tinә,skәup",,"光能测定, 光能测定器[仪]",,,,,0,0,,,
actinoscopy,,,"[医] X线透视检查, 放射检查",,,,,0,0,,,
actinospectacin,",æktinәj'spektәsin",,n. [微]放线壮观素,,,,,0,0,,,
actinospore,",æk'tinɔspɔ:",,放线菌孢子,,,,,0,0,,,
actinost,'æktinɔst,n. One of the bones at the base of a paired fin of a fish.,[动]鳍条基骨,,,,,0,0,,,
actinostele,"æk'tinә,sti:l",,[植]星状中柱,,,,,0,0,,,
Actinostemma paniculatum Maxim.,,,[医] 假贝母,,,,,0,0,,,
actinostereoscopy,,,[医] X线立体镜检查,,,,,0,0,,,
actinostome,"æk'tinə,stəum",n. The mouth or anterior opening of a coelenterate\n   animal.,n. [生物] 辐状口,,,,,0,0,,,
Actinostromariidae,,,放射层孔虫科,,,,,0,0,,,
actinote,"'ækti,nәut",,阳起石,,,,,0,0,,,
actinotherapeutic,,,[医] 射线疗法的,,,,,0,0,,,
actinotherapeutics,",æktinәθerә'pju:tiks",,射线疗法,,,,,0,0,,,
actinotheraphy,.æktinәu'θerәpi,,n. 射线疗法,,,,,0,0,,,
actinotherapy,",æktinә'θerәpi",n (medicine) the treatment of disease (especially cancer) by exposure to a radioactive substance,n. [医]射线疗法,,,,,0,0,,,
actinotoxemia,,,[医] 放射性毒血症,,,,,0,0,,,
actinotoxin,,,[医] 海葵触须毒[素],,,,,0,0,,,
actinotrocha,",æktə'nɔtrəkə","n. pl. A peculiar larval form of Phoronis, a genus of\n   marine worms, having a circle of ciliated tentacles.",n. [无脊椎] 辐轮幼虫；辐轮蚴,,,,,0,0,,,
actinouran,,,锕铀,,,,,0,0,,,
actinouranium,",æktinәujuә'reinjәm",,n. [化]锕铀,,,,,0,0,,,
actinouranium decay series,,,[化] 锕铀衰变系,,,,,0,0,,,
actinouranium family,,,[化] 锕铀系,,,,,0,0,,,
actinouranium series,,,[化] 锕铀系,,,,,0,0,,,
actinoxanthin,,,[医] 放线菌黄质,,,,,0,0,,,
Actinozoa,,n a large class of sedentary marine coelenterates that includes sea anemones and corals; the medusoid phase is entirely suppressed\nn sessile marine coelenterates including solitary and colonial polyps; the medusoid phase is entirely suppressed,[医] 珊瑚动物,,,,,0,0,,,
actinozoan,",æktinәj'zәjәn",n sessile marine coelenterates including solitary and colonial polyps; the medusoid phase is entirely suppressed,"n. 珊瑚虫, 花形虫\na. 珊瑚虫的",,,,,0,0,,,
actins,'æktɪn,,n. [生化] 肌动蛋白,,,,,0,0,,,
actintis,",ækti'naitis",,痤疮疹(一种结核疹),,,,,0,0,,,
actinula,æk'tinjulә,"n. pl. A kind of embryo of certain hydroids (Tubularia),\n   having a stellate form.",辐射幼虫,,,,,0,0,,,
actinyl,,,[化] 锕系酰; 锕系元素酰,,,,,0,0,,,
actinyl group,,,[化] 锕系酰; 锕系元素酰基,,,,,0,0,,,
actio,,,"[法] 诉讼, 诉讼行为",,,,,0,0,,,
actio ad supplendam legitimam,,,[法] 应继份补充的诉讼,,,,,0,0,,,
actio arbitraria,,,[法] 仲裁诉讼,,,,,0,0,,,
actio commodati,,,[法] 有关借货当事人之诉讼,,,,,0,0,,,
actio commodati contraria,,,[法] 借用人的诉权,,,,,0,0,,,
actio commodati directa,,,[法] 出借人的诉权,,,,,0,0,,,
actio confessoria,,,[法] 地役权保全的诉讼,,,,,0,0,,,
actio contrario,,,[法] 反诉,,,,,0,0,,,
actio criminalis,,,[法] 刑事诉讼,,,,,0,0,,,
actio de pauperie,,,[法] 因动物伤人而引起的诉讼,,,,,0,0,,,
actio depositis vel suspensi,,,[法] 因悬挂物件在街上致人损害而引起的诉讼,,,,,0,0,,,
actio doli,,,[法] 欺诈之诉,,,,,0,0,,,
actio ex contratu,,,[法] 由契约所引起的诉讼,,,,,0,0,,,
actio exercitoria,,,[法] 对船舶所有人的诉讼,,,,,0,0,,,
actio hypothecaria,,,[法] 抵押诉权,,,,,0,0,,,
actio in personam,,,"[法] 债权诉讼, 对人诉讼, 对人之诉",,,,,0,0,,,
actio in rem,,,"[法] 物权诉讼, 对物诉讼, 对物之诉",,,,,0,0,,,
actio negatoria,,,[法] 所有权侵害之诉讼,,,,,0,0,,,
actio pauliana,,,[法] 撤销诈害行为的诉讼,,,,,0,0,,,
actio perpetua,,,[法] 永久诉讼,,,,,0,0,,,
actio quod metus causa,,,[法] 基于压迫行为的诉讼,,,,,0,0,,,
action,'ækʃәn,n. something done (usually as opposed to something said)\nn. the state of being active\nn. the series of events that form a plot\nn. the trait of being active and energetic and forceful,"n. 行动, 活动, 动作, 作用, 战斗, 行为, 诉讼\nvt. 对...起诉\n[计] 方式",,5,1,zk gk cet4 cet6 ky toefl ielts,340,502,s:actions/i:actioning/p:actioned/3:actions,,
action against tortfeasors,,,[法] 对侵权者的诉讼,,,,,0,0,,,
action agency,,,[法] 诉讼代办,,,,,0,0,,,
action and reaction,,,作用力与反作用力,,,,,0,0,,,
action area,,,[电] 作用面积,,,,,0,0,,,
action at a distance,,,[化] 超距作用,,,,,0,0,,,
action at law,,,[经] 法律诉讼,,,,,0,0,,,
action between husband and wife,,,[法] 婚姻事件诉讼,,,,,0,0,,,
action between parent and child,,,[法] 亲子关系事件诉讼,,,,,0,0,,,
action by infants for torts,,,[法] 未成年人所提出的侵权行为的诉讼,,,,,0,0,,,
action code,,,[计] 操作码,,,,,0,0,,,
action current,,,[化] 作用电流\n[医] 动作电流,,,,,0,0,,,
action current reflex,,,[医] 动作电流反射,,,,,0,0,,,
action cycle,,,"[计] 动作周期, 作用周期",,,,,0,0,,,
action decided against sb,,,[法] 某人败诉,,,,,0,0,,,
action directive,,,[计] 动作控制指令,,,,,0,0,,,
action disciplinary,,,[经] 纪律处分,,,,,0,0,,,
action electric effect,,,[电] 光化电效应,,,,,0,0,,,
action electricity,,,[电] 光化电,,,,,0,0,,,
action electricitymeter,,,[电] 光电流计,,,,,0,0,,,
action element identifier,,,[计] 动作要素识别符,,,,,0,0,,,
action entries,,,[电] 作用点,,,,,0,0,,,
action ex contractu,,,[经] 依据合同的诉讼,,,,,0,0,,,
action ex delicto,,,[经] 根据侵权行为的诉讼,,,,,0,0,,,
action figure,,," （仿影视等角色的）战士玩偶, 人偶",,,,,0,0,,,
action film,,, 动作片; 情节电影,,,,,0,0,,,
action for account,,,[法] 请求清算的诉讼,,,,,0,0,,,
action for alienation of affections,,,[法] 对破坏夫妻关系提起的诉讼,,,,,0,0,,,
action for annulment of contract,,,[经] 申请宣告合同无效的诉讼,,,,,0,0,,,
action for avoidance,,,[法] 撤销诉讼,,,,,0,0,,,
action for collision,,,[经] 船舶碰撞的诉讼,,,,,0,0,,,
action for consortium,,,[法] 主张配偶权利的诉讼,,,,,0,0,,,
action for criminal conversaion,,,[法] 因通奸的诉讼,,,,,0,0,,,
action for damages,,,[法] 请求损害赔偿的诉讼,,,,,0,0,,,
action for deceit,,,[法] 因欺诈的诉讼,,,,,0,0,,,
action for divorce,,,[法] 离婚之诉,,,,,0,0,,,
action for for restitution,,,[法] 请求返还所有物的诉讼,,,,,0,0,,,
action for indemnity,,,[经] 损害赔偿的诉讼,,,,,0,0,,,
action for libel,,,[法] 因诽谤的诉讼,,,,,0,0,,,
action for mesne profits,,,[法] 要求收回中间收益的诉讼,,,,,0,0,,,
action for negligence,,,[法] 因过失的诉讼,,,,,0,0,,,
action for nuisance,,,"[法] 因妨害的诉讼, 因公害的诉讼",,,,,0,0,,,
action for re-trial,,,[法] 再审诉讼,,,,,0,0,,,
action for recourse,,,[法] 主张追索权的诉讼,,,,,0,0,,,
action for reimbursement,,,[经] 申请赔偿的诉讼,,,,,0,0,,,
action for restitution,,,[经] 退回原物的诉讼,,,,,0,0,,,
action for trespass,,,[法] 因侵害行为的诉讼,,,,,0,0,,,
action for wrongful arrest,,,[法] 因非法逮捕的诉讼,,,,,0,0,,,
action founded in contract,,,[经] 基于合同的诉讼,,,,,0,0,,,
action grammar,,,[计] 动作文法,,,,,0,0,,,
action group,ˈækʃən ɡru:p,,n. 行动小组,,,,,0,0,,,
action in chief,,,[法] 本诉,,,,,0,0,,,
action in personam,,,"[法] 对人诉讼, 债权诉讼",,,,,0,0,,,
action in rem,,,"[经] 涉及财产(尤指土地)权的诉讼, 物权诉讼",,,,,0,0,,,
action in tort,,,[经] (要求损害赔偿的)民事侵权行为的诉讼,,,,,0,0,,,
action in trover,,,[法] 追索侵占物诉讼,,,,,0,0,,,
action introducing legalproceedings,,,[经] 起诉行为,,,,,0,0,,,
action language,,,[计] 作用语言,,,,,0,0,,,
action limit,,,[计] 处置界限,,,,,0,0,,,
action line,,,[计] 作用线,,,,,0,0,,,
action mechanism,ˈækʃən ˈmekənizəm,, 酌机制,,,,,0,0,,,
action movie,ˈækʃən ˈmu:vi,, 动作片,,,,,0,0,,,
action noun,,,[计] 动作名词,,,,,0,0,,,
action of arrest,,,[医] 阻止作用,,,,,0,0,,,
action of assumpsit,,,[法] 要求赔偿违约所造成损害的诉讼,,,,,0,0,,,
action of conversion,,,[法] 对侵占行为的诉讼,,,,,0,0,,,
action of debt,,,[经] 债务诉讼,,,,,0,0,,,
action of ejectment,,,[法] 收回不动产的诉讼,,,,,0,0,,,
action of first impression,,,[法] 新诉,,,,,0,0,,,
action of malicious prosecution,,,[法] 对诬告的诉讼,,,,,0,0,,,
action of nullity,,,[法] 要求宣告无效的诉讼,,,,,0,0,,,
action of of detine,,,[法] 收回被非法占有动产的诉讼,,,,,0,0,,,
action of performance,,,"[法] 履行的诉讼, 给付之诉",,,,,0,0,,,
action of prestation,,,[法] 给付之诉,,,,,0,0,,,
action of re,,,[经] 赔偿要求的诉讼,,,,,0,0,,,
action of real right,,,[法] 物权诉讼,,,,,0,0,,,
action of subrogation,,,[法] 主代位之诉讼,,,,,0,0,,,
action of the first impression,,,n. 新诉,,,,,0,0,,,
action officer,,,[网络] 执行官；行动指挥官；行动官员,,,,,0,0,,,
action on a contract,,,[法] 因契约引起的诉讼,,,,,0,0,,,
action on the case,,,"[法] 案情写在令状上的诉讼, 根据先例审理",,,,,0,0,,,
action painter,ˈækʃən ˈpeintə,, 行动派画家,,,,,0,0,,,
Action Painting,,,"抽象派画,撒泼派画",,,,,0,0,,,
action paper,,,"[计] 作用纸, 复写纸",,,,,0,0,,,
action pattern,,,[医] 动作范型,,,,,0,0,,,
action period,,,[计] 作用期,,,,,0,0,,,
action plan,ˈækʃən plæn,, 行动计划,,,,,0,0,,,
action plant,,,[网络] 动作植物,,,,,0,0,,,
action point,ˈækʃən pɔint,,n. 起诉要点,,,,,0,0,,,
action portion,,,[电] 作用区,,,,,0,0,,,
action potential,,,[医] 动作电位,,,,,0,0,,,
action principle,,,[化] 作用原理,,,,,0,0,,,
action projects,,,[经] 行动计划,,,,,0,0,,,
action pulse,,,火箭的触发脉冲,,,,,0,0,,,
action quantum,,,[机] 作用量子,,,,,0,0,,,
action replay,ˈækʃən ri:ˈpleɪ,,"n. （电视画面等的）即时重放, 重放慢镜头",,,,,0,0,,,
action research,ˈækʃən riˈsə:tʃ,," 动作研究, 行动[实践]研究",,,,,0,0,,,
action routine,,,[计] 运行程序,,,,,0,0,,,
action schedule,,,[计] 动作表,,,,,0,0,,,
action sequence diagram,,,"[计] 作用顺序图, 动作顺序图",,,,,0,0,,,
action specification,,,[计] 动作说明,,,,,0,0,,,
action spectrum,,,[化] 作用光谱,,,,,0,0,,,
action spot,,,[计] 作用点,,,,,0,0,,,
action station,,,战位,,,,,0,0,,,
action stations,,,n. 各就各位,,,,,0,0,,,
action stub,,,[电] 作用末段,,,,,0,0,,,
action symbol,,,[计] 动作符号,,,,,0,0,,,
action system,,,[医] 动作系统,,,,,0,0,,,
action theory,,,[医] 动作学说,,,,,0,0,,,
action to enforce judgements,,,[经] 申请强制执行判决的诉讼,,,,,0,0,,,
action to recover the price,,,"[经] 要求照价偿还的诉讼, 要求收回价款的诉讼",,,,,0,0,,,
action token,,,[计] 动作记号,,,,,0,0,,,
action-adventure,,,动作冒险,,,,,0,0,,,
action-current,,,[医] 动作电流,,,,,0,0,,,
action-figure,,,动作人物；可动人型；玩具人；活动人,,,,,0,0,,,
action-film,,,动作片；情节电影,,,,,0,0,,,
action-movie,,,动作片,,,,,0,0,,,
action-oriented,,,行动导向,,,,,0,0,,,
action-packed,ˈækʃən pækt,,a. 充满令人激动情节的,,,,,0,0,,,
action-research,,,行动研究；行为研究；动作研究,,,,,0,0,,,
action-sequence,,,操作顺序\n动作顺序,,,,,0,0,s:action-sequences,,
action-sequences,,plural of action-sequence,(action-sequence 的复数) 操作顺序\n动作顺序,,,,,0,0,0:action-sequence/1:s,,
actionability,,, 可控诉的情形,,,,,0,0,,,
actionable,'ækʃәnәbl,s. affording grounds for legal action,a. 可提起诉讼的\n[经] 能起诉的,,,,,28476,25356,,,
actionable fraud,,,[法] 可起诉的诈欺,,,,,0,0,,,
actionable libel,,,[法] 可起诉的诽谤,,,,,0,0,,,
actionable misrepresentation,,,[法] 可起诉的言词误导,,,,,0,0,,,
actionable negligence,,,[法] 可起诉的过失,,,,,0,0,,,
actionable nuisance,,,"[法] 可起诉的妨害, 可起诉的公害",,,,,0,0,,,
actionable per se,,,[法] 当然诽谤,,,,,0,0,,,
actionable tort,,,[法] 可起诉的侵权行为,,,,,0,0,,,
actionable words,,,[法] 可起诉的言论,,,,,0,0,,,
actionable wrongdoing,,,"[法] 可起诉的损害行为, 可起诉的违法行为",,,,,0,0,,,
actionably,,adv. In an actionable manner.,可起诉\n可控告,,,,,0,0,,,
actional,'ækʃənəl,,adj. 行动的；动态的,,,,,0,0,,,
actionchitin,,,[机] 线菌壳多糖,,,,,0,0,,,
actioner,ˈækʃənə(r),,"n. 情节剧, 动作片",,,,,0,0,,,
actiones,,v institute legal proceedings against; file a suit against\nv put in effect,[法] 诉讼,,,,,0,0,,,
actiones adjuctici qualitatis,,,[法] 附带债务,,,,,0,0,,,
actiones legis,,,"[法] 合法行为, 法律诉讼",,,,,0,0,,,
actionine,,,n. 活动,,,,,0,0,,,
actionist,'ækʃənɪst,n. A shareholder in joint-stock company.,n. 行动主义者（赞成采取行动而不考虑反对意见的人）,,,,,0,0,s:actionists,,
actionists,,plural of actionist\nn. A shareholder in joint-stock company.,(actionist 的复数) n. 行动主义者（赞成采取行动而不考虑反对意见的人）,,,,,0,0,0:actionist/1:s,,
actionless,'ækʃәnlis,a. Void of action.,"a. 静止不动的, 不采取行动的",,,,,0,0,,,
actionometer,,,照度计,,,,,0,0,,,
actionozyme,,,[医] 放线菌酶,,,,,0,0,,,
actions,,n something done (usually as opposed to something said)\nn the state of being active\nn a military engagement\nn a process existing in or produced by nature (rather than by the intent of human beings)\nn the series of events that form a plot\nn the trait of being active and energetic and forceful\nn the operating part that transmits power to a mechanism\nn a judicial proceeding brought by one party against another; one party prosecutes another for a wrong done or for protection of a right or for prevention of a wrong\nn an act by a government body or supranational organization\nn the most important or interesting work or activity in a specific area or field\nv institute legal proceedings against; file a suit against\nv put in effect,n. 动作；行动（action的复数）,,,,ielts,0,0,0:action/1:s,,
actions civil,,,[法] 民事诉讼,,,,,0,0,,,
actions penal,,,[法] 刑事诉讼,,,,,0,0,,,
actions real,,,"[法] 物权诉讼, 对物的诉讼",,,,,0,0,,,
Actions speak louder than words,,,行动比言语更响亮,,,,,0,0,,,
actiphenol,,,[化] 放线菌酚,,,,,0,0,,,
actis,,,n. (Actis)人名；(法)阿克蒂；(西、意)阿克蒂斯,,,,,0,0,,,
actithiazic acid,,,"[化] 放线噻唑酸\n[医] 放线噻唑酸, 杀分支菌酸, 杀分支菌素",,,,,0,0,,,
Actitis,,,[网络] 矶鹬属,,,,,0,0,,,
Actitis hypoleucos,,,[网络] 矶鹬；矶鹬域,,,,,0,0,,,
Actitis macularia,,,[网络] 斑点矶鹬；乌和斑鹬；斑点鸫,,,,,0,0,,,
actium,'æktjәm,n an ancient town on a promontory in western Greece\nn the naval battle in which Antony and Cleopatra were defeated by Octavian's fleet under Agrippa in 31 BC,n. [生]海岩群落,,,,,0,0,,,
activ,,,活动（activity）\n越南军事概念组（Army Concept Team in Vietnam）,,,,,0,0,,,
activable,'æktivәbl,,a. [化]能被活化的,,,,,0,0,,,
activable tracer,,,[化] 可活化示踪剂,,,,,0,0,,,
activase,ˈæktəˌveɪs,, 爱克提畏斯（用于组织纤维酶原激活质制剂的商标）,,,,,0,0,,,
activate,'æktiveit,v. make active or more active\nv. make more adsorptive\nv. aerate (sewage) so as to favor the growth of organisms that decompose organic matter\nv. make (substances) radioactive,"vt. 使活动, 使激活, 正式建成\nvi. 有活力",,1,,ky toefl ielts,4543,6113,d:activated/i:activating/3:activates/p:activated,,
activate energy,,,[机] 活化能,,,,,0,0,,,
activate key,,,[计] 启动键,,,,,0,0,,,
activate primitive,,,[计] 激活原语,,,,,0,0,,,
activate task,,,[计] 启动任务,,,,,0,0,,,
activated,'æktiveitid,s. (of sewage) treated with aeration and bacteria to aid decomposition\ns. (of e.g. a molecule) made reactive or more reactive\ns. rendered active; e.g. rendered radioactive or luminescent or photosensitive or conductive,a. 活性化的；活泼的,,,,,25127,21236,0:activate/1:dp/d:activated/p:activated,,
activated 7-dehydrocholesterol,,,[医] 活化7-脱氢胆甾醇,,,,,0,0,,,
activated absorption,,,[化] 活性吸附; 化学吸附,,,,,0,0,,,
activated adsorption,,,[机] 活性吸收,,,,,0,0,,,
activated alumina,,,[化] 活性矾土; 活性铝土,,,,,0,0,,,
activated aluminium,,,[机] 活性铝,,,,,0,0,,,
activated aluminium oxide,,,[化] 活性氧化铝,,,,,0,0,,,
activated atom,,,[医] 激活原子,,,,,0,0,,,
activated bauxite,,,[机] 活性铁铝氧石,,,,,0,0,,,
activated carbon,,,[化] 活性炭; 活性炭黑\n[医] 活性碳,,,,,0,0,,,
activated cathode,,,[化] 活性阴极,,,,,0,0,,,
activated char,,,[化] 活性炭,,,,,0,0,,,
activated charcoal,,,[化] 活性炭\n[医] 活性炭,,,,,0,0,,,
activated clay,,,[化] 活性土; 活性粘土,,,,,0,0,,,
activated complex,,,[化] 活化络合物; 活化复体,,,,,0,0,,,
activated complex theory,,,[化] 活化络合物理论,,,,,0,0,,,
activated earth,,,[化] 活性陶土; 活性陶土补强剂,,,,,0,0,,,
activated epilepsy,,,[医] 诱发性癫痫,,,,,0,0,,,
activated ergosterol,,,"[医] 活化麦角甾醇, 照射麦角甾醇",,,,,0,0,,,
activated Fuller earth,,,[化] 活性漂白土,,,,,0,0,,,
activated glycerlde stabilizer,,,[机] 活化甘油酯稳定剂,,,,,0,0,,,
activated graft,,,[医] 增生性移植物,,,,,0,0,,,
activated hydrogen,,,[医] 活性氢,,,,,0,0,,,
activated molecule,,,[化] 活化分子,,,,,0,0,,,
activated montmorillonite clay,,,[机] 活性微晶高岭土,,,,,0,0,,,
activated petroleum coke,,,[机] 活性石油焦,,,,,0,0,,,
activated process,,,[机] 活性化法,,,,,0,0,,,
activated sewage,,,[医] 活化污水,,,,,0,0,,,
activated silica gel,,,[化] 活化硅胶,,,,,0,0,,,
activated sludge,,,[化] 活性污泥\n[医] 活性污泥,,,,,0,0,,,
activated sludge method,,,[医] 活性污泥法(污水处理),,,,,0,0,,,
activated sludge sewage,,,[医] 活化污泥,,,,,0,0,,,
activated sludge tank,,,[医] 活化污泥地,,,,,0,0,,,
activated state,,,[医] 激活状态,,,,,0,0,,,
activated stock,,,[化] 促进剂胶料; 含促进剂胶料,,,,,0,0,,,
activated support,,,[机] 活性辅助物,,,,,0,0,,,
activated water,,,[化] 活化水,,,,,0,0,,,
activated zeolite,,,[化] 活性沸石,,,,,0,0,,,
activated zinc flower,,,[化] 活性氧化锌,,,,,0,0,,,
activated zinc oxide,,,[化] 活性氧化锌,,,,,0,0,,,
activated-carbon,,,n. 活性碳,,,,,0,0,,,
activated-charcoal,,,[化工] 活性炭,,,,,0,0,,,
activates,ˈæktiveits,v put in motion or move to act\nv make active or more active\nv make more adsorptive\nv aerate (sewage) so as to favor the growth of organisms that decompose organic matter\nv make (substances) radioactive,"v. 使活动, 起动, 触发( activate的第三人称单数 )",,,,,0,0,0:activate/1:3,,
activating,,s. causing motion or action or change,[计] 启动,,,,,0,42794,0:activate/1:i,,
activating acceleator,,,[化] 助促进剂,,,,,0,0,,,
activating agent,,,[化] 活化剂,,,,,0,0,,,
activating bentonite,,,[机] 活性膨土,,,,,0,0,,,
activating group,,,[化] 活化基团,,,,,0,0,,,
activating of butane,,,"[机] 丁烷活性化, 丁烷的脱氢作用",,,,,0,0,,,
activating reagent,,,[化] 活化试剂,,,,,0,0,,,
activating signal,,,[计] 启动信号,,,,,0,0,,,
activation,ækti'veiʃәn,n. stimulation of activity in an organism or chemical\nn. making active and effective (as a bomb),"n. 活化, 激活\n[化] 活化; 活化作用; 激活; 激活作用",,,,,9314,12945,,,
activation adsorption,,,[化] 活化吸附; 活化吸附作用,,,,,0,0,,,
activation analysis,,,[化] 活化分析; 放射化分析,,,,,0,0,,,
activation block,,,[计] 激励分程序,,,,,0,0,,,
activation cathode,,,[电] 活化阴极,,,,,0,0,,,
activation center,,,[化] 活化中心,,,,,0,0,,,
activation energy,,,[化] 活化能,,,,,0,0,,,
activation energy of adsorption,,,[化] 吸附活化能,,,,,0,0,,,
activation enthalpy,,,[化] 活化焓,,,,,0,0,,,
activation entropy,,,[化] 活化熵,,,,,0,0,,,
activation evergy,,,[电] 活化能量,,,,,0,0,,,
activation factor,,,"[医] 致活因子, [凝血]第十二因子",,,,,0,0,,,
activation flag,,,[计] 活动标志,,,,,0,0,,,
activation grade,,,[化] 活化度,,,,,0,0,,,
activation heat,,,[化] 活化热,,,,,0,0,,,
activation mechanism,,,[计] 激活机制,,,,,0,0,,,
activation number,,,[机] 活化值,,,,,0,0,,,
activation of enzymes,,,[医] 酶致活[作用],,,,,0,0,,,
activation of filament,,,[电] 灯丝活化,,,,,0,0,,,
activation parameter,,,[化] 活化参量; 活化参数,,,,,0,0,,,
activation polarization,,,[化] 活化极化,,,,,0,0,,,
activation potential,,,[化] 活化电势; 活化电位,,,,,0,0,,,
activation process,,,[医] 生物曝气法,,,,,0,0,,,
activation record,,,[计] 活动记录,,,,,0,0,,,
activation stack,,,[计] 激活栈,,,,,0,0,,,
activation temperature,,,[化] 活化温度,,,,,0,0,,,
activation time,,,[电] 活化时间,,,,,0,0,,,
activations,",æktɪ'veɪʃən",,n. [电子][物] 激活；活化作用,,,,,0,0,,,
activator,'æktiveitә,n. (biology) any agency bringing about activation; a molecule that increases the activity of an enzyme or a protein that increases the production of a gene product in DNA transcription,"n. 活化剂, 催化剂, 触媒剂\n[化] 助催化剂; 活化剂; 激活剂; 激活剂发光材料",,,,,13487,32092,s:activators,,
activator appliance,,,"[医] 促活器, 刺激性矫正器",,,,,0,0,,,
activator development,,,[计] 活化剂显影,,,,,0,0,,,
activators,,plural of activator\nn. (biology) any agency bringing about activation; a molecule that increases the activity of an enzyme or a protein that increases the production of a gene product in DNA transcription,"(activator 的复数) n. 活化剂, 催化剂, 触媒剂\n[化] 助催化剂; 活化剂; 激活剂; 激活剂发光材料",,,,,0,0,0:activator/1:s,,
activatory,'æktiveitәri,,活化的,,,,,0,0,,,
active,'æktiv,n. a person who is a participating member of an organization\na. tending to become more severe or wider in scope\ns. engaged in or ready for military or naval operations\na. disposed to take action or effectuate change,"a. 活跃的, 起作用的, 积极的, 有效的, 主动的, 活性的, 现行的, 现役的\nn. 主动语态, 积极分子",,4,1,zk gk cet4 ky toefl,1316,1444,s:actives,,
active absorption volume,,,[化] 有效吸收容积,,,,,0,0,,,
active account,,,[经] 活动帐户,,,,,0,0,,,
active acidity,,,[化] 活性酸度,,,,,0,0,,,
active activation analysis,,,[化] 外加源活化分析; 有源活化分析,,,,,0,0,,,
active agency,,,[法] 自动代理,,,,,0,0,,,
active agent,,,[化] 活性剂,,,,,0,0,,,
active air defense,,,un. 积极防空,,,,,0,0,,,
active alumine,,,[医] 活性氧化铝,,,,,0,0,,,
active amentia,,,[医] 主动性精神错乱,,,,,0,0,,,
active amyl,,,[化] 旋性戊基; 2-甲代丁基,,,,,0,0,,,
active amyl alcohol,,,[化] 旋性戊醇,,,,,0,0,,,
active amyl mercuric bromide,,,[建] 旋性成基汞化溴,,,,,0,0,,,
active amyl methyl ketone,,,[化] 旋性戊基·甲基酮; 旋性戊基·甲基甲酮,,,,,0,0,,,
active amyl propionate,,,[化] 丙酸旋性戊酯,,,,,0,0,,,
active amyl stearate,,,[机] 硬酸旋性成酯,,,,,0,0,,,
active anaphylaxis,,,[医] 自动过敏性,,,,,0,0,,,
active anthracene black,,,[化] 活性蒽炭黑; 活性蒽炭黑补强剂,,,,,0,0,,,
active application,ˈæktiv ˌæpliˈkeiʃən,, [计]现行应用程序,,,,,0,0,,,
active area,,,[经] 有效面积,,,,,0,0,,,
active assets,,,"[经] 活跃资产, 有收益的资产",,,,,0,0,,,
active balance,,,[经] 顺差,,,,,0,0,,,
active balance of payment,,,[经] 国际收支顺差,,,,,0,0,,,
active balance return loss,,,[电] 有源平衡回流损失,,,,,0,0,,,
active bank,,,[计] 可使用数据库,,,,,0,0,,,
active birth,ˈæktiv bə:θ,, [医]主动产，主动分娩（分娩中产妇积极地采取使胎儿娩出的一些措施）,,,,,0,0,,,
active border,,,[计] 活动边框,,,,,0,0,,,
active bubble generator,,,[计] 有源磁泡产生器,,,,,0,0,,,
active capital,,,"[经] 活动资本, 有收益的资产, 流动资本",,,,,0,0,,,
active carbon,,,[化] 活性炭; 活性炭黑,,,,,0,0,,,
active card,,,[计] 现用卡片,,,,,0,0,,,
active carrier,,,[医] 病期带菌者,,,,,0,0,,,
active cell,,,[机] 动子,,,,,0,0,,,
active center,,,[化] 有效中心; 活性中心,,,,,0,0,,,
active centres,,,[机] 活性中心,,,,,0,0,,,
active channel,,,"[计] 占用通道, 占线信道",,,,,0,0,,,
active charcoal,,,[化] 活性炭,,,,,0,0,,,
active chart,,,[计] 活动图表,,,,,0,0,,,
active chlorine,,,"[化] 活性氯\n[医] 有效氯, 活性氯",,,,,0,0,,,
active circulation,,,"[经] 流通额, 流通中的货币",,,,,0,0,,,
active citizen,ˈæktiv ˈsitizən,, 社区活动积极分子,,,,,0,0,,,
active citizens,,,[法] 积极公民,,,,,0,0,,,
active clay,,,[机] 活性粘土,,,,,0,0,,,
active coil,,,[机] 有效线圈,,,,,0,0,,,
active commerce,,,"[经] 自主贸易, 独立贸易",,,,,0,0,,,
active communications satellite,,,[电] 有效人造卫星通讯,,,,,0,0,,,
active complex,,,[机] 活性错合物,,,,,0,0,,,
active component,,,[医] 有功成分,,,,,0,0,,,
active computer,,,[电] 作用电脑,,,,,0,0,,,
active comsat,,,[电] 同时亦称为有效人造卫星通讯,,,,,0,0,,,
active concealment,,,"[法] 故意隐匿, 故意隐瞒",,,,,0,0,,,
active condition,,,[机] 活性状态,,,,,0,0,,,
active congestion,,,[医] 自动充血,,,,,0,0,,,
active constituent,,,[化] 活性组分,,,,,0,0,,,
active constraint,,,[计] 有效约束,,,,,0,0,,,
active cooling surface,,,[化] 有效冷却面,,,,,0,0,,,
active correlator,,,[电] 主动关联器,,,,,0,0,,,
active counter revolutionary,,,[法] 现行反革命分子,,,,,0,0,,,
active credit,,,[法] 自动债权,,,,,0,0,,,
active crime,,,"[法] 现行犯罪, 主要罪行",,,,,0,0,,,
active current,,,[化] 有功电流,,,,,0,0,,,
active data,,,"[经] 实际资料(数据), 常用数据",,,,,0,0,,,
active data area,,,"[计] 当前数据区, 现役数据区",,,,,0,0,,,
active data dictionary,,,[计] 活动数据词典,,,,,0,0,,,
active debt,,,"[法] 有息借款, 自动债务",,,,,0,0,,,
active debts,,,[经] 活动债务,,,,,0,0,,,
active decoder,,,[电] 活性译码机,,,,,0,0,,,
active defense reaction,,,[医] 主动防御反应,,,,,0,0,,,
active delirium,,,"[医] 躁狂性谵妄, 活动性谵妄",,,,,0,0,,,
active demand,,,"[经] 畅销, 迫切需求",,,,,0,0,,,
active deposit,,,[化] 活性淀积\n[医] 放射性淀质,,,,,0,0,,,
active device,,,"[电] 活性装备, 看active component活性部份",,,,,0,0,,,
active DO-loop,,,[计] 现行现用DO循环,,,,,0,0,,,
active dry yeast,,,[化] 活性干酵母,,,,,0,0,,,
active duty,,,现役\n[法] 现役,,,,,0,0,,,
active earth,,,[机] 有功接地,,,,,0,0,,,
active elctronic countermeasures,,,[电] 主动电子反制,,,,,0,0,,,
active electric network,,,[电] 活性电路,,,,,0,0,,,
active electrode,,,"[医] 作用电极, 有效电极, 疗用电极",,,,,0,0,,,
active element,,,[计] 有源元件,,,,,0,0,,,
active eruption,,,[医] 自动长出,,,,,0,0,,,
active exercise,,,[医] 自动运动,,,,,0,0,,,
active expiration,,,[医] 主动呼[气],,,,,0,0,,,
active express trust,,,[法] 积极的明示信托,,,,,0,0,,,
active extreme pressure lubricant,,,[化] 活性特压润滑剂,,,,,0,0,,,
active ferment,,,[机] 活性酵素,,,,,0,0,,,
active file,,,[计] 现用文件,,,,,0,0,,,
active filler,,,[化] 活性填料; 补强剂,,,,,0,0,,,
active filter,,,[电] 活性滤波器,,,,,0,0,,,
active fire,,,[化] 仍在继续的火灾,,,,,0,0,,,
active gas,,,[机] 活性气,,,,,0,0,,,
active gases,,,[化] 活性气体; 腐蚀性气体,,,,,0,0,,,
active guidance,,,[电] 有效指导,,,,,0,0,,,
active homing,,,[电] 有效复位,,,,,0,0,,,
active hub,,,[计] 有源集线器,,,,,0,0,,,
active hydrogen,,,[机] 活性氢,,,,,0,0,,,
active hydrogen atom,,,[化] 活性氢原子,,,,,0,0,,,
active hydrogen compounds,,,[化] 活泼氢化合物,,,,,0,0,,,
active hyperemia,,,"[医] 主动性充血, 动脉性充血",,,,,0,0,,,
active immunity,,,[化] 自动免疫性\n[医] 自动免疫,,,,,0,0,,,
active immunization,,,[医] 自动免疫法,,,,,0,0,,,
active incontinence,,,[医] 自动性失禁,,,,,0,0,,,
active infrared detection,,,[电] 有效红外线检波,,,,,0,0,,,
active ingredient,,,[化] 活性组分\n[医] 有效成分,,,,,0,0,,,
active inspiration,,,[医] 主动吸[气],,,,,0,0,,,
active instruction,,,[计] 活动指令,,,,,0,0,,,
active insufficiency,,,[医] 肌运动机能不全,,,,,0,0,,,
active interrogation,,,[化] 有源探询; 外加探询; 外加源探询; 主动探询,,,,,0,0,,,
active iron,,,[电] 活性铁,,,,,0,0,,,
active jamming,,,[电] 活性扰乱,,,,,0,0,,,
active lattice,,,[电] 活性格子,,,,,0,0,,,
active leg,,,[电] 活性脚铁,,,,,0,0,,,
active length,,,[化] 工作长度,,,,,0,0,,,
active leukocytosis,,,[医] 主动性白细胞增多,,,,,0,0,,,
active line,,,[计] 活动线路; 有效线路,,,,,0,0,,,
active list,,,现役军人名单,,,,,0,0,,,
active logging,,,[计] 活动日志,,,,,0,0,,,
active logic,,,[电] 有源逻辑,,,,,0,0,,,
active low structure black,,,[化] 活性低结构炭黑,,,,,0,0,,,
active market,,,"[经] 活跃的市场, 热门股票, 大量交易的市场",,,,,0,0,,,
active mass,,,[化] 有效质量,,,,,0,0,,,
active massage,,,[医] 主动按摩,,,,,0,0,,,
active master file,,,[电] 常用主文件,,,,,0,0,,,
active master item,,,[电] 常用主文件项目,,,,,0,0,,,
active material,,,"[经] 热门材料, 需求量大的材料",,,,,0,0,,,
active matrix screen,,,[网络] 有源矩阵屏幕,,,,,0,0,,,
active matter content,,,[化] 活性物含量,,,,,0,0,,,
active microorganism,,,[化] 活性微生物,,,,,0,0,,,
active misrepresentation,,,[法] 有意的虚伪陈述,,,,,0,0,,,
active mixer and modulatior,,,[电] 有效混合和调变器,,,,,0,0,,,
active movement,,,[医] 主动运动,,,,,0,0,,,
active negativism,,,[医] 主动违拗症,,,,,0,0,,,
active negligence,,,[法] 认识过失,,,,,0,0,,,
active network,,,[计] 有源网络,,,,,0,0,,,
active neutron analysis,,,[化] 外加中子分析,,,,,0,0,,,
active neutron interrogation (method),,,[化] 外加中子探询法; 有源中子探询法,,,,,0,0,,,
active nitrogen,,,[化] 活性氮,,,,,0,0,,,
active node,,,[计] 活动节点,,,,,0,0,,,
active nondestructive assay,,,[化] 外加源无损测试,,,,,0,0,,,
active oil calculation,,,[化] 可采石油储量计算; 可采有效石油储量计算,,,,,0,0,,,
active operator,,,"[计] 当前操作符, 当前运算符",,,,,0,0,,,
active output,,,[化] 实际产量,,,,,0,0,,,
active oxygen,,,[化] 活性氧,,,,,0,0,,,
active oxygen test,,,[化] 活性氧试验,,,,,0,0,,,
active page,,,[计] 活动页,,,,,0,0,,,
active page queue,,,[计] 活动页面队,,,,,0,0,,,
active part,,,"[计] 能动部分, 主动部分",,,,,0,0,,,
active participant,,,[法] 积极参与者,,,,,0,0,,,
active partition,,,[计] 活动分区,,,,,0,0,,,
active partner,,,"[经] 普通股东, 参与经营的合伙人",,,,,0,0,,,
active pigment,,,[化] 活性颜料,,,,,0,0,,,
active placebo,ˈæktiv pləˈsi:bəʊ,, [医]标准治疗药,,,,,0,0,,,
active polar surface,,,[电] 有效极面,,,,,0,0,,,
active porosity,,,[化] 有效孔隙度; 有效空隙度,,,,,0,0,,,
active post,,,[经] 交易所内交易活跃的专柜,,,,,0,0,,,
active power,,,[化] 有功功率,,,,,0,0,,,
active pressure,,,[电] 有效压力,,,,,0,0,,,
active principle,,,[化] 有效要素; 有效组分; 有效成分\n[医] 有效成分,,,,,0,0,,,
active princlple,,,"[机] 有效要素, 有效组份, 有效成份",,,,,0,0,,,
active procedure,,,"[计] 当前过程, 现役过程",,,,,0,0,,,
active process,,,[计] 活动进程,,,,,0,0,,,
active program,,,[计] 活动程序,,,,,0,0,,,
active pull-up,,,[计] 有源上拉,,,,,0,0,,,
active radicals,,,[机] 活性根,,,,,0,0,,,
active rc network,,,[电] 活性RC电路,,,,,0,0,,,
active reaction,,,[医] 主动反应,,,,,0,0,,,
active region,,,"[计] 作用区, 活动区",,,,,0,0,,,
active regions,,,"[机] 活泼区域, 活性中心, 活泼中心(反应)",,,,,0,0,,,
active reserve,,,"[经] 活动准备金, 常用准备金",,,,,0,0,,,
active resistive exercise,,,[医] 抵抗运动(肌肉),,,,,0,0,,,
active sabotage,,,[法] 现行破坏活动,,,,,0,0,,,
active satellite,,,[电] 放射性人造卫星,,,,,0,0,,,
active scanning interval,,,[电] 有效扫描区,,,,,0,0,,,
active section,,,[化] 有效截面; 活动截面,,,,,0,0,,,
active securities,,,"[经] 交易活跃的证券, 热门证券, 需求较多的证券",,,,,0,0,,,
active sensitization,,,[医] 自动致敏,,,,,0,0,,,
active Serum,,,[医] 活性血清(含补体的血清),,,,,0,0,,,
active service,,,"现役\n[法] 现役, 战时勤务",,,,,0,0,,,
active site,,,[化] 活性部位; 活性中心,,,,,0,0,,,
active sleep,,,[医] 主动睡眠,,,,,0,0,,,
active sludge,,,[化] 活性污泥,,,,,0,0,,,
active solvent,,,[机] 有效溶剂,,,,,0,0,,,
active sonar,,,[电] 有效声纳,,,,,0,0,,,
active spot,,,[机] 活性点,,,,,0,0,,,
active stack,,,"[计] 活动栈, 操作栈",,,,,0,0,,,
active stage,,,"[医] 进行期, 活动期",,,,,0,0,,,
active state,,,[计] 活动状态\n[医] 活动状态,,,,,0,0,,,
active station,,,[计] 活动站,,,,,0,0,,,
active stimulus,,,[医] 有效刺激物,,,,,0,0,,,
active stock,,,[经] 活跃的股票,,,,,0,0,,,
active storage,,,[计] 活动存储器,,,,,0,0,,,
active substrate,,,[电] 活性物质,,,,,0,0,,,
active sulfur,,,[化] 活性硫; 腐蚀性流,,,,,0,0,,,
active surface,,,[化] 活性表面,,,,,0,0,,,
active system,,,[电] 活性系统,,,,,0,0,,,
active task,,,[计] 活动任务,,,,,0,0,,,
active time,,,[计] 有效时间,,,,,0,0,,,
active title bar,,,[计] 活动标题棒,,,,,0,0,,,
active tortfeasor,,,[法] 故意的权行为人,,,,,0,0,,,
active tracking system,,,[电] 活性跟踪系统,,,,,0,0,,,
active trade,,,"[经] 热络的交易, 独立贸易, 热门交易",,,,,0,0,,,
active trade balance,,,[经] 贸易顺差,,,,,0,0,,,
active transducer,,,"[计] 有源转换器, 有源换能器",,,,,0,0,,,
active transport,,,[化] 主动转运,,,,,0,0,,,
active treatment,,,"[医] 直接疗法, 积极疗法",,,,,0,0,,,
active trust,,,[经] 主动信托,,,,,0,0,,,
active trustee,,,[法] 自动信托受托人,,,,,0,0,,,
active tuberculosis,,,[医] 急性粟粒性结核,,,,,0,0,,,
active type,,,[计] 主动类型\n[医] 活动型,,,,,0,0,,,
active user,,,[计] 当前用户; 现时用户,,,,,0,0,,,
active valence,,,[化] 有效化合价,,,,,0,0,,,
active voice,,,n. (专业术语)主动语态,,,,,0,0,,,
active volcano,,,活火山,,,,,0,0,,,
active voltage,,,[电] 有功电压,,,,,0,0,,,
active volume,,,[计] 可用容量; 活动容量\n[化] 有效体积,,,,,0,0,,,
active waste,,,[法] 人为的毁损,,,,,0,0,,,
active window,,,[计] 活动窗口,,,,,0,0,,,
active wire,,,[电] 活性线,,,,,0,0,,,
active zone,,,[电] 作用区,,,,,0,0,,,
active-area,,,有效面积,,,,,0,0,,,
active-duty,,,现役,,,,,0,0,,,
active-matrix,,,n. 主动矩阵,,,,,0,0,,,
active-optics,,,[光] 能动光学\n主动光学,,,,,0,0,,,
active-treatment,,,积极治疗,,,,,0,0,,,
activeated charcoal,,,[化] 活性炭,,,,,0,0,,,
actively,'æktivli,r. in an active manner,"adv. 活跃地, 积极地",,,1,toefl,4345,4307,,,
activeness,,n. The quality of being active; nimbleness; quickness of\n   motion; activity.,n. 主观能动性；活动积极性,,,,,0,0,,,
activent,,,使活跃；加快\n赶快,,,,,0,0,,,
actives,,n chemical agent capable of activity\nn the voice used to indicate that the grammatical subject of the verb is performing the action or causing the happening denoted by the verb\nn a person who is a participating member of an organization,n. [语]主动语态；活性物；[口]活跃事物（active的复数）,,,,,0,0,0:active/1:s,,
activewear,"'æktiv,wεə",n. attire worn for sport or for casual wear,n. 运动服（等于active wear）,,,,,0,0,,,
activex,,,n. 微软倡导的ActiveX 网络化多媒体对象技术,,,,,0,0,,,
activin,,,[医] 苯丙酸诺龙(商品名),,,,,0,0,,,
activision,,,n. 美国动视（娱乐软件出版商）,,,,,0,0,,,
activism,'æktivizm,n. a policy of taking direct and militant action to achieve a political or social goal,"n. 激进主义, 行动主义, 能动论\n[法] 激进主义, 行动主义",,3,,,20387,7096,,,
activist,'æktivist,s. advocating or engaged in activism,n. 激进主义分子,,,,,4845,2595,s:activists,,
activistic,",ækti'vistik",s advocating or engaged in activism,"a. 激进的, 激烈的, 强烈的；激进(主义)分子的, 行动主义(分子)的(＝ activist)",,,,,0,0,,,
activists,'æktɪvɪsts,n. a militant reformer,"n. （政治活动的）积极分子, 活动家( activist的复数形式 )",,,,,0,0,0:activist/1:s,,
activities,,n any specific behavior\nn the state of being active\nn an organic process that takes place in the body\nn (chemistry) the capacity of a substance to take part in a chemical reaction\nn a process existing in or produced by nature (rather than by the intent of human beings)\nn the trait of being active; moving or acting rapidly and energetically,n. （activity复数形式）活动；活动区；活动性,,,,ielts,0,0,0:activity/1:s,,
activities analysis,,,[经] 活动分析,,,,,0,0,,,
activities jure imperii,,,[法] 争权活动,,,,,0,0,,,
activity,æk'tiviti,n. any specific behavior\nn. (chemistry) the capacity of a substance to take part in a chemical reaction,"n. 活动, 行动, 活跃, 活力\n[计] 活动",,4,1,zk gk cet4 ky ielts,412,537,s:activities,,
activity accounting,,,[经] 作业会计,,,,,0,0,,,
activity allocation,,,[计] 活动分配,,,,,0,0,,,
activity analysis,,,"[计] 活动性分析\n[经] 效率分析, 活动分析",,,,,0,0,,,
activity buffer,,,[计] 活动缓冲区,,,,,0,0,,,
activity charge,,,[经] 动态费用,,,,,0,0,,,
activity chart,,,[经] 活动示意图,,,,,0,0,,,
activity coefficient,,,[计] 活动系数\n[化] 活度系数,,,,,0,0,,,
activity constant,,,[机] 活性常数,,,,,0,0,,,
activity correction factor,,,[化] 活性校正因子,,,,,0,0,,,
activity cost,,,"[经] 效率成本, 活动成本",,,,,0,0,,,
activity counter,,,[计] 活动计数器,,,,,0,0,,,
activity curve,,,[电] 活性曲线,,,,,0,0,,,
activity definition statement,,,[计] 活动定义语句,,,,,0,0,,,
activity discard,,,[计] 活动丢弃,,,,,0,0,,,
activity distribution,,,[化] 活性分布,,,,,0,0,,,
activity end,,,[计] 活动结束,,,,,0,0,,,
activity energy,,,[化] 活化能,,,,,0,0,,,
activity factor,,,[计] 活动因子,,,,,0,0,,,
activity file,,,[计] 活动文件,,,,,0,0,,,
activity groupings,,,[经] 作业编组,,,,,0,0,,,
activity interrupt,,,[计] 活动中断,,,,,0,0,,,
activity investment,,,"[经] 积极投资, 投资活动",,,,,0,0,,,
activity job,,,[计] 活动作业,,,,,0,0,,,
activity level,,,[计] 活动程度,,,,,0,0,,,
activity line,,,[经] 作业线,,,,,0,0,,,
activity list,,,[计] 活动表,,,,,0,0,,,
activity loading,,,[计] 有效装入法,,,,,0,0,,,
activity logging,,,[计] 活动日志,,,,,0,0,,,
activity management,,,[计] 活动管理,,,,,0,0,,,
activity map,,,"[计] 活动变换, 活动映象",,,,,0,0,,,
activity network,,,[计] 活动网络,,,,,0,0,,,
activity of (vulcanization) accelerator,,,[化] 硫化促进剂活性,,,,,0,0,,,
activity of h ion,,,[机] 氢离子活度,,,,,0,0,,,
activity product,,,[化] 活度积,,,,,0,0,,,
activity queue,,,[计] 活动队列,,,,,0,0,,,
activity quota,,,[经] 作业定(限)额,,,,,0,0,,,
activity quotient,,,[化] 活度系数,,,,,0,0,,,
activity ratio,,,[计] 活动率\n[经] 活动比率,,,,,0,0,,,
activity relating to civil law,,,[法] 民事活动,,,,,0,0,,,
activity resume,,,[计] 活动恢复,,,,,0,0,,,
activity routine,,,[计] 活动程序,,,,,0,0,,,
activity scanning,,,[计] 活动扫描,,,,,0,0,,,
activity sequence,,,[计] 活动序列,,,,,0,0,,,
activity series,,,[化] 活度; 活度顺序,,,,,0,0,,,
activity set,,,"[计] 活动集, 活动组",,,,,0,0,,,
activity test,,,[化] 活性试验; 催化剂的活性试验,,,,,0,0,,,
activity trace,,,"[计] 活动跟踪, 活动追踪",,,,,0,0,,,
activity variable,,,"[经] 效率变量, 活动变量",,,,,0,0,,,
activity variance,,,[经] 活动差异,,,,,0,0,,,
activity vector,,,[计] 活动向量,,,,,0,0,,,
activity working space,,,[计] 活动工作区,,,,,0,0,,,
activity-based,,,基于活动,,,,,0,0,,,
activity-directed simulation,,,[计] 面向活动的模拟,,,,,0,0,,,
activize,'æktivaiz,,"vt. 使活动, 使激活",,,,,0,0,,,
activol,,,赤霉素,,,,,0,0,,,
activted molecule,,,[化] 活化分子,,,,,0,0,,,
actiyator,,,[电] 调速控制器,,,,,0,0,,,
acto,,,n. 雅图（投影机品牌）,,,,,0,0,,,
actodigin,,,阿託地近,,,,,0,0,,,
actograph,'æktә^rɑ:f,,n. (物质、有机体等的)活动变化记录仪,,,,,0,0,,,
actol,'æktɔl,,乳酸银,,,,,0,0,,,
actomyosin,",æktәu'maiәsin",n. a protein complex in muscle fibers; composed of myosin and actin; shortens when stimulated and causes muscle contractions,n. 肌纤凝蛋白\n[化] 肌动球蛋白,,,,,0,0,,,
acton,'æktәn,"n. A stuffed jacket worn under the mail, or (later) a jacket\n   plated with mail.",n. 铠衣,,,,,15853,0,,,
actonel,,,一种抗骨质疏松药,,,,,0,0,,,
Actonia,æk'tәuniә,,假膜形成酵母菌,,,,,0,0,,,
actophen,,,[医] 阿克托芬(含纯活性麦角甾醇、维生素D-2及胆硷),,,,,0,0,,,
actophilous,",æktә'filәs",,栖海岩栖海岸的,,,,,0,0,,,
actor,'æktә,n. a theatrical performer\nn. a person who acts and gets things done,"n. 男演员, 行动者\n[医] 作用物, 反应物",,3,1,gk cet4 ky ielts,2390,1497,s:actors,,
actor formalism,,,[计] 动作者表示法,,,,,0,0,,,
actor's agent,,,[网络] 演员代理人,,,,,0,0,,,
actor's assistant,,,[网络] 演员助理,,,,,0,0,,,
actor's line,,,[网络] 演员线,,,,,0,0,,,
actor-manager,,, 演员兼剧团总监,,,,,0,0,s:actor-managers,,
actor-managers,,plural of actor-manager,(actor-manager 的复数)  演员兼剧团总监,,,,,0,0,0:actor-manager/1:s,,
actor-proof,'æktәpru:f,,a. 有戏剧效果的,,,,,0,0,,,
actorish,'æktәriʃ,,a. 不受演技优劣影响的(角色或剧本),,,,,0,0,,,
actors,,n a theatrical performer\nn a person who acts and gets things done,"n. 演员, 男演员；电影演员（actor的复数形式）",,,,,0,0,0:actor/1:s,,
actos,,, [医]是一种降血糖药（含pioglitazone）,,,,,0,0,,,
actotropomyosin,,,[医] 原肌球蛋白,,,,,0,0,,,
ACTP,,,[医] 促肾上腺皮质多肽(一种促肾上腺皮质激素的水解产物),,,,,0,0,,,
actra,,,abbr. Alliance of Canadian Television and Radio Artists 加拿大电视与广播艺术工作者联盟; Association of Canadian Television and Radio Artists 加拿大电视及广播艺术家协会,,,,,0,0,,,
ACTRAN,,,[计] 模拟计算机翻译程序,,,,,0,0,,,
actress,'æktris,n. a female actor,n. 女演员,,3,,gk cet4 ky,4829,3236,s:actresses,,
actresses,'æktrɪsɪz,n. a female actor,n. 女演员( actress的复数形式 ),,,,,0,0,0:actress/1:s,,
actressy,'æktrɪsɪ,,a. 女演员的；像女演员的,,,,,0,0,,,
actron,,,酮洛芬胶囊剂,,,,,0,0,,,
acts,,"n a New Testament book describing the development of the early church from Christ's Ascension to Paul's sojourn at Rome\nn a legal document codifying the result of deliberations of a committee or society or legislative body\nn something that people do or cause to happen\nn a subdivision of a play or opera or ballet\nn a short theatrical performance that is part of a longer program\nn a manifestation of insincerity\nv perform an action, or work out or perform (an action)\nv behave in a certain manner; show a certain behavior; conduct or comport oneself\nv play a role or part\nv discharge one's duties\nv pretend to have certain qualities or state of mind\nv be suitable for theatrical performance\nv have an effect or outcome; often the one desired or expected\nv be engaged in an activity, often for no particular purpose other than pleasure\nv behave unnaturally or affectedly\nv perform on a stage or theater",abbr. 声控遥测系统（Acoustic Control and Telemetry System）；声控制与遥测系统（Acoustic Control and Telemetry System）,,,,,0,0,0:act/1:s3,,
acts of negligence,,,[经] 受害一方自己的过失,,,,,0,0,,,
Acts of the Apostles,,,使徒行传（书名）,,,,,0,0,,,
actt,,,abbr. Association of Cinematograph and Television Technicians 电影摄影与电视技术工作人员协会; activated partial thromboplastin time 活化部分促凝血酶原激酶时间; autologous connective tissue tube 自体结缔组织管; automatic connection test trunk 自动连接测试中继线,,,,,0,0,s:actts,,
actts,,-s form of actt,(actt 的第三人称 -s形式) abbr. Association of Cinematograph and Television Technicians 电影摄影与电视技术工作人员协会; activated partial thromboplastin time 活化部分促凝血酶原激酶时间; autologous connective tissue tube 自体结缔组织管; automatic connection test trunk 自动连接测试中继线,,,,,0,0,0:actt/1:s,,
actu,,,abbr. 澳大利亚工会理事会（Australian Council of Trade Unions）,,,,,0,0,,,
actual,'æktʃuәl,a. presently existing in fact and not merely potential or possible\ns. taking place in reality; not pretended or imitated\ns. being or reflecting the essential or genuine character of something\ns. existing in act or fact,"a. 真实的, 实际的, 现行的\n[医] 实际死亡率",,3,1,gk cet4 ky toefl,1396,1739,s:actuals,,
actual (tower) trays,,,[化] 实际塔板数,,,,,0,0,,,
actual acidity,,,[机] 实际酸度,,,,,0,0,,,
actual acquision cost,,,[经] 实际取得(购置)成本,,,,,0,0,,,
actual acquisition cost basis,,,[经] 实际取得成本基础,,,,,0,0,,,
actual activity,,,"[经] 实际效率, 实际活动",,,,,0,0,,,
actual address,,,[计] 实际地址,,,,,0,0,,,
actual agent,,,"[计] 实在因素, 实际媒质",,,,,0,0,,,
actual analyzer,,,[计] 实际分析程序,,,,,0,0,,,
actual argument,,,[计] 实际变元,,,,,0,0,,,
actual argument value,,,[计] 实元值,,,,,0,0,,,
actual array argument,,,[计] 实在数组变元,,,,,0,0,,,
actual assets,,,[经] 实际资本,,,,,0,0,,,
actual authority,,,[法] 实际权力,,,,,0,0,,,
actual balance,,,[经] 实际(库)存量,,,,,0,0,,,
actual bandwidth,,,[计] 实际带宽,,,,,0,0,,,
actual block address,,,[计] 实际分程序地址,,,,,0,0,,,
actual block processor,,,[计] 实际块处理程序,,,,,0,0,,,
actual bodily harm,,,[法] 实际身体伤害,,,,,0,0,,,
actual breaking load,,,[化] 实际破坏载荷,,,,,0,0,,,
actual budget,,,[经] 决算,,,,,0,0,,,
actual burden rate,,,[经] 实际制造费用(间接费)分配率,,,,,0,0,,,
actual capacity,,,[机] 实际容量,,,,,0,0,,,
actual capacity to repay,,,[法] 实际偿还能力,,,,,0,0,,,
actual capital,,,[经] 实际资本,,,,,0,0,,,
actual carrier,,,[经] 实际承运人,,,,,0,0,,,
actual cash value,,,[经] 实际现金价值,,,,,0,0,,,
actual cash valve,,,[法] 实际现金价值,,,,,0,0,,,
actual cautery,,,"[医] 火烙术, , 烙铁",,,,,0,0,,,
actual change of possession,,,[法] 占有权事实上的改变,,,,,0,0,,,
actual code,,,[计] 实际代码,,,,,0,0,,,
actual coding,,,[计] 实际编码,,,,,0,0,,,
actual column,,,[机] 实际塔,,,,,0,0,,,
actual computation,,,[计] 实际计算,,,,,0,0,,,
actual conditions,,,"[法] 实际情况, 具体条件",,,,,0,0,,,
actual consumption,,,"[经] 实际消费(量), 实际消耗",,,,,0,0,,,
actual contractor,,,"[法] 实际立约人, 实际契约签订人",,,,,0,0,,,
actual cost,,,[经] 实际成本,,,,,0,0,,,
actual cost accounting system,,,[经] 实际成本会计制度,,,,,0,0,,,
actual cost method,,,[经] 实际成本法,,,,,0,0,,,
actual costing,,,[经] 实际成本计算,,,,,0,0,,,
actual count,,,[机] 实际计数,,,,,0,0,,,
actual crop,,,[经] 实际收成,,,,,0,0,,,
actual damage,,,[经] 实际损害,,,,,0,0,,,
actual damages,,, [财]实际损失,,,,,0,0,,,
actual danger,,,[法] 实际危险,,,,,0,0,,,
actual data transfer rate,,,[计] 实际数据传送率,,,,,0,0,,,
actual debts,,,[经] 实际债务,,,,,0,0,,,
actual decimal point,,,[计] 实际存在的十进制小数点,,,,,0,0,,,
actual decimal-point,,,[计] 实际小数点,,,,,0,0,,,
actual declarer,,,[计] 实在说明词,,,,,0,0,,,
actual delivery,,,[经] 实际交货,,,,,0,0,,,
actual delta attribute,,,[计] 实在增量属性,,,,,0,0,,,
actual demand,,,[经] 实际需求,,,,,0,0,,,
actual depreciation,,,[经] 实际折旧,,,,,0,0,,,
actual discharge,,,[法] 实际清偿,,,,,0,0,,,
actual dishonour,,,"[经] 实际拒付, 拒绝承兑",,,,,0,0,,,
actual efficiency,,,[机] 实际效率,,,,,0,0,,,
actual entry,,,"[计] 实在登记项, 实际入口",,,,,0,0,,,
actual equilibrium ccnstants,,,[机] 实在平衡常数,,,,,0,0,,,
actual equilibrium constant,,,[化] 真实平衡常数; 实在平衡常数,,,,,0,0,,,
actual error,,,[计] 实际误差,,,,,0,0,,,
actual eviction,,,[网络] 实际驱逐,,,,,0,0,,,
actual execution,,,[计] 实际执行,,,,,0,0,,,
actual existence of the right,,,[法] 实际存在的权利,,,,,0,0,,,
actual expected standard cost,,,[经] 实际预期标准成本,,,,,0,0,,,
actual figures,,,"[经] 实际数字, 实际计算",,,,,0,0,,,
actual file,,,[计] 实在文件,,,,,0,0,,,
actual file name,,,[计] 实在文件名,,,,,0,0,,,
actual file parameter,,,[计] 实在文件参数,,,,,0,0,,,
actual filling depth,,,[化] 实际填充深度,,,,,0,0,,,
actual film,,,[机] 实际薄膜,,,,,0,0,,,
actual fraud,,,"[法] 实际欺诈, 直接欺诈",,,,,0,0,,,
actual gain,,,"[计] 有效增益, 实际增益",,,,,0,0,,,
actual gas,,,[化] 实际气体; 真实气体,,,,,0,0,,,
actual goods,,,[经] 现货,,,,,0,0,,,
actual grade,,,"[机] 实际坡度, 实际深度, 实际等级",,,,,0,0,,,
actual grain size,,,[机] 实际粒度,,,,,0,0,,,
actual gum in gasoline,,,[机] 汽油实在胶质含量,,,,,0,0,,,
actual harm,,,[法] 实际伤害,,,,,0,0,,,
actual head,,,[机] 实抽水高度,,,,,0,0,,,
actual holder,,,[法] 直接占有人,,,,,0,0,,,
actual horsepower,,,[机] 实际马力,,,,,0,0,,,
actual hours,,,[经] 实际工时,,,,,0,0,,,
actual immunity,,,"[医] 真正免疫, 自动免疫",,,,,0,0,,,
actual input activity level,,,[经] 实际投入的效率水准,,,,,0,0,,,
actual instruction,,,[计] 实际指令,,,,,0,0,,,
actual instruction operand,,,[计] 指令的实际操作数,,,,,0,0,,,
actual intent,,,[法] 直接故意,,,,,0,0,,,
actual interest allowed at home,,,[经] 实际利息在本国准予列支,,,,,0,0,,,
actual interface,,,[计] 实际接口,,,,,0,0,,,
actual internal representation,,,[计] 实在内部表示,,,,,0,0,,,
actual inventory,,,[经] 实地盘存,,,,,0,0,,,
actual job,,,[计] 实际作业,,,,,0,0,,,
actual key,,,[计] 实际关键字,,,,,0,0,,,
actual labor rate,,,[经] 实际工资率,,,,,0,0,,,
actual law,,,[法] 现存的法律,,,,,0,0,,,
actual leakage,,,[化] 实测漏泄量,,,,,0,0,,,
actual liabilities,,,[经] 实际负债,,,,,0,0,,,
actual liability,,,"[法] 实际负债, 现实义务",,,,,0,0,,,
actual life,,,"[计] 有效寿命, 实际寿命",,,,,0,0,,,
actual lift,,,"[机] 实际升力, 实际升程",,,,,0,0,,,
actual limit,,,[计] 实际限度,,,,,0,0,,,
actual line,,,[计] 实际行,,,,,0,0,,,
actual load,,,[化] 有效荷载; 有效载荷,,,,,0,0,,,
actual load method,,,[机] 实际负载法,,,,,0,0,,,
actual loading test,,,[机] 实际负载试验,,,,,0,0,,,
actual loss,,,[经] 实际损失,,,,,0,0,,,
actual lower bound,,,"[计] 实际下界, 实在下界",,,,,0,0,,,
actual malice,,,"[法] 实际恶意, 实际预谋",,,,,0,0,,,
actual measurement,,,"[经] 实际量度, 实测",,,,,0,0,,,
actual military service,,,[法] 服现役,,,,,0,0,,,
actual mixing cycle,,,[化] (橡胶)实际混炼周期(不包括密炼机进胶排胶时间),,,,,0,0,,,
actual neutrality,,,[法] 实际中立,,,,,0,0,,,
actual no,,,[经] 实际无面值的股票,,,,,0,0,,,
actual notice,,,"[法] 事实告知, 实际通知",,,,,0,0,,,
actual number analysis,,,[经] 实数分析法,,,,,0,0,,,
actual numerical value,,,[计] 实际数值,,,,,0,0,,,
actual observation record,,,[化] 实测记录,,,,,0,0,,,
actual observed value,,,[经] 实际观测值,,,,,0,0,,,
actual octane value,,,[化] 实际辛烷值; 纯汽油组分辛烷值,,,,,0,0,,,
actual output,,,[计] 实际输出\n[化] 实际产量,,,,,0,0,,,
actual parameter,,,[计] 实在参数,,,,,0,0,,,
actual parameter association,,,[计] 实在参数结合,,,,,0,0,,,
actual parameter display,,,"[计] 实参层次表, 实参区头向量",,,,,0,0,,,
actual parameter list,,,[计] 实在参数表,,,,,0,0,,,
actual parameter part,,,[计] 实在参数部分,,,,,0,0,,,
actual parameter word,,,[计] 实际参数字,,,,,0,0,,,
actual performance,,,"[经] 实际完成情况, 实绩",,,,,0,0,,,
actual pitch,,,[机] 实际螺距,,,,,0,0,,,
actual plate,,,[机] 实际板,,,,,0,0,,,
actual plate number,,,[化] 实际塔板数,,,,,0,0,,,
actual population,,,[法] 实际人口,,,,,0,0,,,
actual possession,,,"[法] 实际占有, 现实占有",,,,,0,0,,,
actual practical computer,,,[计] 实际使用的计算机,,,,,0,0,,,
actual practice,,,"[经] 实务, 实际作法",,,,,0,0,,,
actual price,,,[经] 实际价格,,,,,0,0,,,
actual production,,,[化] 实际产量\n[经] 实�